event_date_utc,channel,status,transaction_count,amount_eur_total,converted_transaction_count,unconverted_transaction_count,late_transaction_count,distinct_currency_count,last_source_ingestion_date
2026-03-27,ATM,ACCEPTED,23,550.84,11,12,23,5,2026-04-01
2026-03-27,ATM,PENDING,1,20.55,1,0,1,1,2026-04-01
2026-03-27,ATM,REJECTED,7,87.31,3,4,7,4,2026-04-01
2026-03-27,MOBILE,ACCEPTED,28,566.24,13,15,28,7,2026-04-01
2026-03-27,ONLINE,ACCEPTED,26,814.45,11,15,26,8,2026-04-01
2026-03-27,ONLINE,PENDING,2,,0,2,2,2,2026-04-01
2026-03-27,ONLINE,REJECTED,1,,0,1,1,1,2026-04-01
2026-03-27,POS,ACCEPTED,34,1044.51,20,14,34,8,2026-04-01
2026-03-27,POS,PENDING,1,24.79,1,0,1,1,2026-04-01
2026-03-27,POS,REJECTED,3,,0,3,3,3,2026-04-01
2026-03-27,TRANSFER,ACCEPTED,17,45.57,6,11,17,8,2026-04-01
2026-03-27,TRANSFER,PENDING,1,56.04,1,0,1,1,2026-04-01
2026-03-27,TRANSFER,REJECTED,3,13.40,1,2,3,3,2026-04-01
2026-03-28,ATM,ACCEPTED,52,660.75,20,32,52,9,2026-04-02
2026-03-28,ATM,PENDING,4,91.20,3,1,4,2,2026-04-02
2026-03-28,ATM,REJECTED,5,43.31,2,3,5,4,2026-04-02
2026-03-28,MOBILE,ACCEPTED,44,633.07,15,29,44,9,2026-04-02
2026-03-28,MOBILE,REJECTED,3,142.05,2,1,3,2,2026-04-02
2026-03-28,ONLINE,ACCEPTED,55,931.83,22,33,55,9,2026-04-02
2026-03-28,ONLINE,PENDING,4,34.50,1,3,4,4,2026-04-02
2026-03-28,ONLINE,REJECTED,5,345.21,2,3,5,4,2026-04-02
2026-03-28,POS,ACCEPTED,49,769.52,24,25,49,8,2026-04-02
2026-03-28,POS,REJECTED,7,57.72,2,5,7,5,2026-04-02
2026-03-28,TRANSFER,ACCEPTED,52,435.79,20,32,52,8,2026-04-02
2026-03-28,TRANSFER,PENDING,3,15.07,1,2,3,3,2026-04-02
2026-03-28,TRANSFER,REJECTED,7,103.60,3,4,7,5,2026-04-02
2026-03-29,ATM,ACCEPTED,66,1289.19,23,43,66,9,2026-04-03
2026-03-29,ATM,PENDING,4,40.57,1,3,4,4,2026-04-03
2026-03-29,ATM,REJECTED,5,156.07,3,2,5,3,2026-04-03
2026-03-29,MOBILE,ACCEPTED,70,1313.44,22,48,70,9,2026-04-03
2026-03-29,MOBILE,PENDING,5,53.93,2,3,5,3,2026-04-03
2026-03-29,MOBILE,REJECTED,3,16.05,1,2,3,3,2026-04-03
2026-03-29,ONLINE,ACCEPTED,69,1349.58,28,41,69,9,2026-04-03
2026-03-29,ONLINE,PENDING,3,16.98,2,1,3,2,2026-04-03
2026-03-29,ONLINE,REJECTED,7,208.29,6,1,7,2,2026-04-03
2026-03-29,POS,ACCEPTED,65,1099.76,28,37,65,9,2026-04-03
2026-03-29,POS,PENDING,5,19.24,1,4,5,4,2026-04-03
2026-03-29,POS,REJECTED,11,125.31,5,6,11,5,2026-04-03
2026-03-29,TRANSFER,ACCEPTED,75,1274.85,32,43,75,9,2026-04-03
2026-03-29,TRANSFER,PENDING,5,54.62,3,2,5,3,2026-04-03
2026-03-29,TRANSFER,REJECTED,7,119.49,2,5,7,5,2026-04-03
2026-03-30,ATM,ACCEPTED,77,1631.67,34,43,77,9,2026-04-04
2026-03-30,ATM,PENDING,2,,0,2,2,2,2026-04-03
2026-03-30,ATM,REJECTED,11,264.63,5,6,11,5,2026-04-04
2026-03-30,MOBILE,ACCEPTED,79,2013.78,34,45,79,9,2026-04-04
2026-03-30,MOBILE,PENDING,6,10.70,1,5,6,5,2026-04-04
2026-03-30,MOBILE,REJECTED,7,,0,7,7,4,2026-04-04
2026-03-30,ONLINE,ACCEPTED,103,2603.58,48,55,103,9,2026-04-04
2026-03-30,ONLINE,PENDING,1,35.36,1,0,1,1,2026-04-01
2026-03-30,ONLINE,REJECTED,7,33.36,3,4,7,4,2026-04-04
2026-03-30,POS,ACCEPTED,90,1411.00,32,58,90,9,2026-04-04
2026-03-30,POS,PENDING,4,121.60,3,1,4,2,2026-04-04
2026-03-30,POS,REJECTED,7,131.72,4,3,7,4,2026-04-04
2026-03-30,TRANSFER,ACCEPTED,85,1590.42,36,49,85,9,2026-04-04
2026-03-30,TRANSFER,PENDING,2,14.95,2,0,2,1,2026-04-03
2026-03-30,TRANSFER,REJECTED,9,380.27,3,6,9,5,2026-04-04
2026-03-31,ATM,ACCEPTED,84,1246.50,34,50,84,9,2026-04-05
2026-03-31,ATM,PENDING,8,23.62,1,7,8,6,2026-04-05
2026-03-31,ATM,REJECTED,7,63.87,2,5,7,6,2026-04-05
2026-03-31,MOBILE,ACCEPTED,121,2923.00,49,72,121,9,2026-04-05
2026-03-31,MOBILE,PENDING,5,30.28,1,4,5,5,2026-04-05
2026-03-31,MOBILE,REJECTED,13,471.38,7,6,13,5,2026-04-05
2026-03-31,ONLINE,ACCEPTED,123,2811.10,44,79,123,9,2026-04-05
2026-03-31,ONLINE,PENDING,5,197.78,4,1,5,2,2026-04-05
2026-03-31,ONLINE,REJECTED,6,7.16,1,5,6,5,2026-04-04
2026-03-31,POS,ACCEPTED,93,1661.77,42,51,93,9,2026-04-05
2026-03-31,POS,PENDING,7,97.37,4,3,7,4,2026-04-05
2026-03-31,POS,REJECTED,13,297.46,6,7,13,6,2026-04-05
2026-03-31,TRANSFER,ACCEPTED,84,1329.01,32,52,84,9,2026-04-05
2026-03-31,TRANSFER,PENDING,6,139.82,4,2,6,3,2026-04-05
2026-03-31,TRANSFER,REJECTED,15,31.62,3,12,15,9,2026-04-05
2026-04-01,ATM,ACCEPTED,6512,222766.35,6013,499,96,9,2026-04-06
2026-04-01,ATM,PENDING,293,9845.83,276,17,5,9,2026-04-06
2026-04-01,ATM,REJECTED,571,19623.65,529,42,9,9,2026-04-06
2026-04-01,MOBILE,ACCEPTED,6364,222616.92,5842,522,95,9,2026-04-06
2026-04-01,MOBILE,PENDING,304,11317.47,279,25,5,9,2026-04-06
2026-04-01,MOBILE,REJECTED,562,18213.71,519,43,14,9,2026-04-06
2026-04-01,ONLINE,ACCEPTED,6499,227934.99,5999,500,93,9,2026-04-06
2026-04-01,ONLINE,PENDING,294,8974.76,277,17,3,9,2026-04-06
2026-04-01,ONLINE,REJECTED,566,19266.31,517,49,8,9,2026-04-06
2026-04-01,POS,ACCEPTED,6486,220490.27,5960,526,100,9,2026-04-06
2026-04-01,POS,PENDING,282,9987.83,258,24,2,9,2026-04-03
2026-04-01,POS,REJECTED,548,17765.20,510,38,12,9,2026-04-06
2026-04-01,TRANSFER,ACCEPTED,6395,225520.87,5899,496,82,9,2026-04-06
2026-04-01,TRANSFER,PENDING,305,11038.30,286,19,7,9,2026-04-06
2026-04-01,TRANSFER,REJECTED,547,17943.42,505,42,9,9,2026-04-06
2026-04-02,ATM,ACCEPTED,5596,179241.31,5157,439,105,9,2026-04-07
2026-04-02,ATM,PENDING,226,8661.11,206,20,1,9,2026-04-04
2026-04-02,ATM,REJECTED,499,15753.93,461,38,8,9,2026-04-07
2026-04-02,MOBILE,ACCEPTED,5515,187057.83,5047,468,92,9,2026-04-07
2026-04-02,MOBILE,PENDING,230,9088.60,212,18,8,9,2026-04-07
2026-04-02,MOBILE,REJECTED,517,18564.38,469,48,9,9,2026-04-07
2026-04-02,ONLINE,ACCEPTED,5582,181996.78,5109,473,111,9,2026-04-07
2026-04-02,ONLINE,PENDING,232,8177.13,221,11,2,9,2026-04-06
2026-04-02,ONLINE,REJECTED,503,16898.11,476,27,9,9,2026-04-07
2026-04-02,POS,ACCEPTED,5486,183830.41,5091,395,101,9,2026-04-07
2026-04-02,POS,PENDING,233,7565.82,219,14,3,9,2026-04-07
2026-04-02,POS,REJECTED,531,17717.12,490,41,12,9,2026-04-07
2026-04-02,TRANSFER,ACCEPTED,5512,192025.03,5083,429,95,9,2026-04-07
2026-04-02,TRANSFER,PENDING,258,8011.71,235,23,4,9,2026-04-07
2026-04-02,TRANSFER,REJECTED,525,16902.13,487,38,7,9,2026-04-07
2026-04-03,ATM,ACCEPTED,5849,193424.18,5411,438,99,9,2026-04-08
2026-04-03,ATM,PENDING,279,8703.10,261,18,7,9,2026-04-08
2026-04-03,ATM,REJECTED,541,21400.09,508,33,12,9,2026-04-08
2026-04-03,MOBILE,ACCEPTED,5849,188943.86,5344,505,102,9,2026-04-08
2026-04-03,MOBILE,PENDING,254,7853.44,238,16,3,9,2026-04-08
2026-04-03,MOBILE,REJECTED,518,17771.38,480,38,11,9,2026-04-08
2026-04-03,ONLINE,ACCEPTED,5888,197073.95,5401,487,99,9,2026-04-08
2026-04-03,ONLINE,PENDING,239,8662.93,226,13,1,9,2026-04-05
2026-04-03,ONLINE,REJECTED,542,16703.37,492,50,12,9,2026-04-08
2026-04-03,POS,ACCEPTED,5827,198112.25,5355,472,102,9,2026-04-08
2026-04-03,POS,PENDING,274,9265.53,247,27,5,9,2026-04-08
2026-04-03,POS,REJECTED,532,17701.57,482,50,11,9,2026-04-08
2026-04-03,TRANSFER,ACCEPTED,6000,206464.02,5536,464,106,9,2026-04-08
2026-04-03,TRANSFER,PENDING,299,8498.31,269,30,7,9,2026-04-08
2026-04-03,TRANSFER,REJECTED,502,16053.11,461,41,6,9,2026-04-08
2026-04-04,ATM,ACCEPTED,3724,130183.02,3425,299,123,9,2026-04-09
2026-04-04,ATM,PENDING,143,4350.86,132,11,7,9,2026-04-09
2026-04-04,ATM,REJECTED,329,9976.67,307,22,10,9,2026-04-09
2026-04-04,MOBILE,ACCEPTED,3664,120775.77,3365,299,118,9,2026-04-09
2026-04-04,MOBILE,PENDING,155,5489.51,148,7,5,9,2026-04-09
2026-04-04,MOBILE,REJECTED,374,14735.90,344,30,13,9,2026-04-09
2026-04-04,ONLINE,ACCEPTED,3718,126636.20,3411,307,118,9,2026-04-09
2026-04-04,ONLINE,PENDING,168,4892.70,150,18,7,9,2026-04-09
2026-04-04,ONLINE,REJECTED,305,12219.55,278,27,10,9,2026-04-09
2026-04-04,POS,ACCEPTED,3537,114116.98,3221,316,117,9,2026-04-09
2026-04-04,POS,PENDING,165,4883.00,152,13,1,9,2026-04-08
2026-04-04,POS,REJECTED,333,10443.61,305,28,10,9,2026-04-09
2026-04-04,TRANSFER,ACCEPTED,3477,112888.14,3199,278,111,9,2026-04-09
2026-04-04,TRANSFER,PENDING,182,5626.91,166,16,5,9,2026-04-09
2026-04-04,TRANSFER,REJECTED,361,12128.54,331,30,6,9,2026-04-09
2026-04-05,ATM,ACCEPTED,2689,90975.35,2499,190,148,9,2026-04-10
2026-04-05,ATM,PENDING,118,3170.31,108,10,7,9,2026-04-10
2026-04-05,ATM,REJECTED,225,8194.14,205,20,13,9,2026-04-10
2026-04-05,MOBILE,ACCEPTED,2523,81630.40,2304,219,109,9,2026-04-10
2026-04-05,MOBILE,PENDING,130,4302.88,128,2,4,9,2026-04-09
2026-04-05,MOBILE,REJECTED,244,8002.21,217,27,4,9,2026-04-10
2026-04-05,ONLINE,ACCEPTED,2637,88053.77,2412,225,137,9,2026-04-10
2026-04-05,ONLINE,PENDING,130,5752.96,128,2,10,9,2026-04-10
2026-04-05,ONLINE,REJECTED,250,8816.33,229,21,8,9,2026-04-10
2026-04-05,POS,ACCEPTED,2727,92243.66,2505,222,124,9,2026-04-10
2026-04-05,POS,PENDING,121,4794.80,113,8,3,9,2026-04-10
2026-04-05,POS,REJECTED,255,10566.88,235,20,14,9,2026-04-10
2026-04-05,TRANSFER,ACCEPTED,2648,89281.65,2453,195,127,9,2026-04-10
2026-04-05,TRANSFER,PENDING,102,2615.08,97,5,1,9,2026-04-10
2026-04-05,TRANSFER,REJECTED,223,5830.01,205,18,11,9,2026-04-10
2026-04-06,ATM,ACCEPTED,5811,194454.60,5365,446,116,9,2026-04-11
2026-04-06,ATM,PENDING,273,8517.36,251,22,4,9,2026-04-11
2026-04-06,ATM,REJECTED,538,19228.75,497,41,10,9,2026-04-09
2026-04-06,MOBILE,ACCEPTED,5674,184601.82,5209,465,110,9,2026-04-11
2026-04-06,MOBILE,PENDING,247,7986.27,220,27,6,9,2026-04-11
2026-04-06,MOBILE,REJECTED,503,17793.36,467,36,8,9,2026-04-11
2026-04-06,ONLINE,ACCEPTED,5870,199686.76,5433,437,125,9,2026-04-11
2026-04-06,ONLINE,PENDING,283,8508.54,264,19,5,9,2026-04-10
2026-04-06,ONLINE,REJECTED,547,17631.35,488,59,11,9,2026-04-11
2026-04-06,POS,ACCEPTED,5704,189831.23,5230,474,117,9,2026-04-11
2026-04-06,POS,PENDING,246,9504.84,228,18,7,9,2026-04-10
2026-04-06,POS,REJECTED,525,18252.28,480,45,10,9,2026-04-10
2026-04-06,TRANSFER,ACCEPTED,5737,194410.56,5285,452,116,9,2026-04-11
2026-04-06,TRANSFER,PENDING,295,9805.47,275,20,5,9,2026-04-10
2026-04-06,TRANSFER,REJECTED,549,16379.67,503,46,15,9,2026-04-11
2026-04-07,ATM,ACCEPTED,6317,211972.68,5811,506,110,9,2026-04-12
2026-04-07,ATM,PENDING,296,10184.34,268,28,2,9,2026-04-11
2026-04-07,ATM,REJECTED,536,19323.03,487,49,12,9,2026-04-12
2026-04-07,MOBILE,ACCEPTED,6318,209823.43,5826,492,110,9,2026-04-12
2026-04-07,MOBILE,PENDING,298,8919.63,279,19,4,9,2026-04-11
2026-04-07,MOBILE,REJECTED,590,19858.22,548,42,11,9,2026-04-12
2026-04-07,ONLINE,ACCEPTED,6328,205816.70,5798,530,98,9,2026-04-12
2026-04-07,ONLINE,PENDING,269,9605.20,248,21,6,9,2026-04-11
2026-04-07,ONLINE,REJECTED,561,18023.59,512,49,10,9,2026-04-12
2026-04-07,POS,ACCEPTED,6264,213200.66,5744,520,106,9,2026-04-12
2026-04-07,POS,PENDING,271,10379.40,250,21,5,9,2026-04-12
2026-04-07,POS,REJECTED,580,18399.99,533,47,7,9,2026-04-11
2026-04-07,TRANSFER,ACCEPTED,6302,219721.52,5791,511,83,9,2026-04-12
2026-04-07,TRANSFER,PENDING,281,8294.73,251,30,1,9,2026-04-11
2026-04-07,TRANSFER,REJECTED,543,16639.18,499,44,9,9,2026-04-12
2026-04-08,ATM,ACCEPTED,6464,221984.28,5949,515,120,9,2026-04-13
2026-04-08,ATM,PENDING,312,10077.26,293,19,3,9,2026-04-13
2026-04-08,ATM,REJECTED,611,18618.52,576,35,10,9,2026-04-13
2026-04-08,MOBILE,ACCEPTED,6457,213988.45,5939,518,126,9,2026-04-13
2026-04-08,MOBILE,PENDING,298,9586.53,268,30,3,9,2026-04-12
2026-04-08,MOBILE,REJECTED,592,17996.02,544,48,8,9,2026-04-13
2026-04-08,ONLINE,ACCEPTED,6316,214701.58,5814,502,109,9,2026-04-13
2026-04-08,ONLINE,PENDING,276,9266.67,250,26,4,9,2026-04-13
2026-04-08,ONLINE,REJECTED,565,17766.26,521,44,10,9,2026-04-13
2026-04-08,POS,ACCEPTED,6503,214161.95,6005,498,113,9,2026-04-13
2026-04-08,POS,PENDING,312,8702.44,287,25,4,9,2026-04-13
2026-04-08,POS,REJECTED,586,20852.91,538,48,7,9,2026-04-12
2026-04-08,TRANSFER,ACCEPTED,6301,201716.85,5824,477,100,9,2026-04-13
2026-04-08,TRANSFER,PENDING,302,9880.73,274,28,8,9,2026-04-13
2026-04-08,TRANSFER,REJECTED,601,20577.85,561,40,13,9,2026-04-13
2026-04-09,ATM,ACCEPTED,6362,213348.46,5841,521,101,9,2026-04-14
2026-04-09,ATM,PENDING,312,9645.49,294,18,8,9,2026-04-14
2026-04-09,ATM,REJECTED,593,21663.72,546,47,11,9,2026-04-14
2026-04-09,MOBILE,ACCEPTED,6474,219380.35,5957,517,97,9,2026-04-14
2026-04-09,MOBILE,PENDING,303,11838.65,275,28,4,9,2026-04-13
2026-04-09,MOBILE,REJECTED,563,20283.99,520,43,7,9,2026-04-14
2026-04-09,ONLINE,ACCEPTED,6484,211815.40,5958,526,112,9,2026-04-14
2026-04-09,ONLINE,PENDING,311,10720.56,288,23,3,9,2026-04-14
2026-04-09,ONLINE,REJECTED,588,17466.11,535,53,6,9,2026-04-14
2026-04-09,POS,ACCEPTED,6456,212598.08,5949,507,116,9,2026-04-14
2026-04-09,POS,PENDING,286,9235.64,267,19,4,9,2026-04-14
2026-04-09,POS,REJECTED,597,20780.87,544,53,9,9,2026-04-13
2026-04-09,TRANSFER,ACCEPTED,6491,209078.74,6001,490,93,9,2026-04-14
2026-04-09,TRANSFER,PENDING,306,7843.60,287,19,4,9,2026-04-14
2026-04-09,TRANSFER,REJECTED,568,16962.76,527,41,14,9,2026-04-14
2026-04-10,ATM,ACCEPTED,6718,226760.93,6179,539,103,9,2026-04-15
2026-04-10,ATM,PENDING,322,13748.35,300,22,6,9,2026-04-15
2026-04-10,ATM,REJECTED,602,19266.29,558,44,7,9,2026-04-15
2026-04-10,MOBILE,ACCEPTED,6757,225239.26,6272,485,111,9,2026-04-15
2026-04-10,MOBILE,PENDING,284,10924.42,261,23,4,9,2026-04-15
2026-04-10,MOBILE,REJECTED,583,19744.75,550,33,9,9,2026-04-15
2026-04-10,ONLINE,ACCEPTED,6706,222709.66,6161,545,104,9,2026-04-15
2026-04-10,ONLINE,PENDING,305,10898.16,283,22,4,9,2026-04-15
2026-04-10,ONLINE,REJECTED,664,23648.69,607,57,9,9,2026-04-15
2026-04-10,POS,ACCEPTED,6813,222000.02,6266,547,102,9,2026-04-15
2026-04-10,POS,PENDING,302,8521.14,273,29,2,9,2026-04-14
2026-04-10,POS,REJECTED,554,20179.52,507,47,8,9,2026-04-14
2026-04-10,TRANSFER,ACCEPTED,6622,219999.19,6110,512,82,9,2026-04-15
2026-04-10,TRANSFER,PENDING,275,9334.08,251,24,4,9,2026-04-15
2026-04-10,TRANSFER,REJECTED,622,18996.93,577,45,8,9,2026-04-15
2026-04-11,ATM,ACCEPTED,3848,124233.70,3521,327,113,9,2026-04-16
2026-04-11,ATM,PENDING,179,6425.14,157,22,7,9,2026-04-16
2026-04-11,ATM,REJECTED,304,10183.62,288,16,8,9,2026-04-16
2026-04-11,MOBILE,ACCEPTED,3876,127271.46,3538,338,117,9,2026-04-16
2026-04-11,MOBILE,PENDING,182,5850.92,169,13,7,9,2026-04-16
2026-04-11,MOBILE,REJECTED,339,10225.53,308,31,14,9,2026-04-16
2026-04-11,ONLINE,ACCEPTED,3837,127638.09,3546,291,127,9,2026-04-16
2026-04-11,ONLINE,PENDING,168,6900.22,152,16,4,9,2026-04-15
2026-04-11,ONLINE,REJECTED,366,15221.41,334,32,14,9,2026-04-16
2026-04-11,POS,ACCEPTED,3763,123470.23,3461,302,131,9,2026-04-16
2026-04-11,POS,PENDING,186,4576.24,170,16,6,9,2026-04-16
2026-04-11,POS,REJECTED,380,14393.41,347,33,11,9,2026-04-16
2026-04-11,TRANSFER,ACCEPTED,3777,131080.84,3468,309,118,9,2026-04-16
2026-04-11,TRANSFER,PENDING,185,5185.68,174,11,6,9,2026-04-15
2026-04-11,TRANSFER,REJECTED,344,10989.41,317,27,13,9,2026-04-16
2026-04-12,ATM,ACCEPTED,2479,82067.81,2292,187,144,9,2026-04-17
2026-04-12,ATM,PENDING,112,3681.75,105,7,5,8,2026-04-16
2026-04-12,ATM,REJECTED,236,6174.64,215,21,8,9,2026-04-17
2026-04-12,MOBILE,ACCEPTED,2459,83932.56,2268,191,140,9,2026-04-17
2026-04-12,MOBILE,PENDING,122,3389.55,117,5,6,9,2026-04-16
2026-04-12,MOBILE,REJECTED,231,7494.84,213,18,13,9,2026-04-17
2026-04-12,ONLINE,ACCEPTED,2437,84955.28,2252,185,132,9,2026-04-17
2026-04-12,ONLINE,PENDING,116,5181.96,105,11,3,9,2026-04-16
2026-04-12,ONLINE,REJECTED,217,10045.24,190,27,13,9,2026-04-17
2026-04-12,POS,ACCEPTED,2463,79082.19,2268,195,137,9,2026-04-17
2026-04-12,POS,PENDING,133,4364.74,124,9,9,9,2026-04-17
2026-04-12,POS,REJECTED,233,7678.44,216,17,11,9,2026-04-17
2026-04-12,TRANSFER,ACCEPTED,2385,76477.11,2194,191,142,9,2026-04-17
2026-04-12,TRANSFER,PENDING,119,5126.69,112,7,4,9,2026-04-16
2026-04-12,TRANSFER,REJECTED,237,7486.24,213,24,15,9,2026-04-17
2026-04-13,ATM,ACCEPTED,6402,209476.95,5868,534,124,9,2026-04-18
2026-04-13,ATM,PENDING,297,9726.00,276,21,8,9,2026-04-17
2026-04-13,ATM,REJECTED,567,18095.30,529,38,13,9,2026-04-18
2026-04-13,MOBILE,ACCEPTED,6363,207384.36,5856,507,122,9,2026-04-18
2026-04-13,MOBILE,PENDING,282,11507.20,266,16,3,9,2026-04-17
2026-04-13,MOBILE,REJECTED,589,21753.11,545,44,16,9,2026-04-18
2026-04-13,ONLINE,ACCEPTED,6327,210205.05,5802,525,115,9,2026-04-18
2026-04-13,ONLINE,PENDING,315,12432.74,287,28,4,9,2026-04-18
2026-04-13,ONLINE,REJECTED,604,19737.39,563,41,9,9,2026-04-17
2026-04-13,POS,ACCEPTED,6516,211133.09,6000,516,123,9,2026-04-18
2026-04-13,POS,PENDING,311,11604.15,281,30,8,9,2026-04-17
2026-04-13,POS,REJECTED,581,18948.71,544,37,13,9,2026-04-18
2026-04-13,TRANSFER,ACCEPTED,6402,202551.72,5903,499,116,9,2026-04-18
2026-04-13,TRANSFER,PENDING,299,8395.09,273,26,4,9,2026-04-17
2026-04-13,TRANSFER,REJECTED,641,18739.15,596,45,11,9,2026-04-17
2026-04-14,ATM,ACCEPTED,6662,224587.07,6138,524,92,9,2026-04-19
2026-04-14,ATM,PENDING,319,12311.17,289,30,3,9,2026-04-17
2026-04-14,ATM,REJECTED,616,20894.73,562,54,10,9,2026-04-18
2026-04-14,MOBILE,ACCEPTED,6749,226310.87,6243,506,117,9,2026-04-19
2026-04-14,MOBILE,PENDING,284,11918.59,255,29,7,9,2026-04-18
2026-04-14,MOBILE,REJECTED,587,21031.98,534,53,6,9,2026-04-19
2026-04-14,ONLINE,ACCEPTED,6658,226335.79,6145,513,111,9,2026-04-19
2026-04-14,ONLINE,PENDING,320,10426.97,288,32,4,9,2026-04-17
2026-04-14,ONLINE,REJECTED,613,22227.91,570,43,4,9,2026-04-19
2026-04-14,POS,ACCEPTED,6833,221289.49,6281,552,103,9,2026-04-19
2026-04-14,POS,PENDING,296,8676.78,269,27,3,9,2026-04-19
2026-04-14,POS,REJECTED,667,21337.04,620,47,10,9,2026-04-19
2026-04-14,TRANSFER,ACCEPTED,6689,226867.39,6173,516,105,9,2026-04-19
2026-04-14,TRANSFER,PENDING,309,10245.12,285,24,4,9,2026-04-19
2026-04-14,TRANSFER,REJECTED,590,20046.70,543,47,17,9,2026-04-19
2026-04-15,ATM,ACCEPTED,6619,224619.05,6106,513,112,9,2026-04-20
2026-04-15,ATM,PENDING,300,9267.85,275,25,5,9,2026-04-20
2026-04-15,ATM,REJECTED,634,21492.43,592,42,12,9,2026-04-20
2026-04-15,MOBILE,ACCEPTED,6534,213169.76,5989,545,95,9,2026-04-20
2026-04-15,MOBILE,PENDING,276,7398.19,255,21,4,9,2026-04-18
2026-04-15,MOBILE,REJECTED,582,18400.96,535,47,12,9,2026-04-20
2026-04-15,ONLINE,ACCEPTED,6483,216119.31,5996,487,99,9,2026-04-20
2026-04-15,ONLINE,PENDING,293,9257.27,275,18,1,9,2026-04-16
2026-04-15,ONLINE,REJECTED,670,21216.85,615,55,10,9,2026-04-20
2026-04-15,POS,ACCEPTED,6524,223226.89,6002,522,100,9,2026-04-20
2026-04-15,POS,PENDING,274,9398.92,259,15,7,9,2026-04-20
2026-04-15,POS,REJECTED,597,20126.56,548,49,8,9,2026-04-20
2026-04-15,TRANSFER,ACCEPTED,6534,221498.87,6015,519,114,9,2026-04-20
2026-04-15,TRANSFER,PENDING,283,9397.46,260,23,4,9,2026-04-20
2026-04-15,TRANSFER,REJECTED,600,20662.48,533,67,5,9,2026-04-20
2026-04-16,ATM,ACCEPTED,6446,209404.87,5964,482,96,9,2026-04-21
2026-04-16,ATM,PENDING,330,9968.94,314,16,2,9,2026-04-17
2026-04-16,ATM,REJECTED,602,19301.65,548,54,8,9,2026-04-21
2026-04-16,MOBILE,ACCEPTED,6496,220710.48,5958,538,104,9,2026-04-21
2026-04-16,MOBILE,PENDING,326,10447.34,294,32,6,9,2026-04-21
2026-04-16,MOBILE,REJECTED,587,20274.64,537,50,7,9,2026-04-20
2026-04-16,ONLINE,ACCEPTED,6507,214268.20,5995,512,100,9,2026-04-21
2026-04-16,ONLINE,PENDING,290,9047.49,269,21,2,9,2026-04-21
2026-04-16,ONLINE,REJECTED,612,20428.60,562,50,8,9,2026-04-21
2026-04-16,POS,ACCEPTED,6560,221031.72,6063,497,99,9,2026-04-21
2026-04-16,POS,PENDING,317,10365.59,297,20,9,9,2026-04-21
2026-04-16,POS,REJECTED,590,23083.75,543,47,10,9,2026-04-21
2026-04-16,TRANSFER,ACCEPTED,6543,227084.12,6041,502,86,9,2026-04-21
2026-04-16,TRANSFER,PENDING,292,8611.52,254,38,5,9,2026-04-20
2026-04-16,TRANSFER,REJECTED,628,22449.68,577,51,11,9,2026-04-21
2026-04-17,ATM,ACCEPTED,6910,228523.74,6340,570,95,9,2026-04-22
2026-04-17,ATM,PENDING,315,9990.31,288,27,3,9,2026-04-21
2026-04-17,ATM,REJECTED,635,19542.42,581,54,9,9,2026-04-22
2026-04-17,MOBILE,ACCEPTED,6919,227427.53,6332,587,108,9,2026-04-22
2026-04-17,MOBILE,PENDING,338,9581.99,312,26,3,9,2026-04-21
2026-04-17,MOBILE,REJECTED,603,21167.99,547,56,9,9,2026-04-22
2026-04-17,ONLINE,ACCEPTED,6751,231064.35,6222,529,96,9,2026-04-22
2026-04-17,ONLINE,PENDING,309,10824.04,296,13,5,9,2026-04-22
2026-04-17,ONLINE,REJECTED,620,20300.96,551,69,8,9,2026-04-22
2026-04-17,POS,ACCEPTED,6955,222077.58,6351,604,96,9,2026-04-22
2026-04-17,POS,PENDING,331,10690.13,301,30,3,9,2026-04-21
2026-04-17,POS,REJECTED,598,19717.00,552,46,6,9,2026-04-22
2026-04-17,TRANSFER,ACCEPTED,6876,229595.44,6361,515,81,9,2026-04-22
2026-04-17,TRANSFER,PENDING,307,11077.68,289,18,5,9,2026-04-22
2026-04-17,TRANSFER,REJECTED,647,24091.77,597,50,12,9,2026-04-22
2026-04-18,ATM,ACCEPTED,3163,105674.72,2907,256,130,9,2026-04-23
2026-04-18,ATM,PENDING,159,6017.37,155,4,10,9,2026-04-23
2026-04-18,ATM,REJECTED,296,9306.42,262,34,11,9,2026-04-23
2026-04-18,MOBILE,ACCEPTED,3105,103104.81,2874,231,109,9,2026-04-23
2026-04-18,MOBILE,PENDING,163,4732.60,157,6,8,9,2026-04-23
2026-04-18,MOBILE,REJECTED,293,10710.18,270,23,11,9,2026-04-23
2026-04-18,ONLINE,ACCEPTED,3159,107114.27,2925,234,95,9,2026-04-23
2026-04-18,ONLINE,PENDING,160,4777.84,150,10,4,9,2026-04-22
2026-04-18,ONLINE,REJECTED,298,9909.93,266,32,13,9,2026-04-23
2026-04-18,POS,ACCEPTED,3145,103528.71,2885,260,128,9,2026-04-23
2026-04-18,POS,PENDING,125,4370.56,116,9,6,9,2026-04-23
2026-04-18,POS,REJECTED,284,8403.86,264,20,10,9,2026-04-23
2026-04-18,TRANSFER,ACCEPTED,3242,100280.60,2978,264,104,9,2026-04-23
2026-04-18,TRANSFER,PENDING,163,6441.77,155,8,6,9,2026-04-23
2026-04-18,TRANSFER,REJECTED,283,10112.74,260,23,12,9,2026-04-23
2026-04-19,ATM,ACCEPTED,2742,89946.70,2523,219,128,9,2026-04-24
2026-04-19,ATM,PENDING,130,3714.98,124,6,3,9,2026-04-24
2026-04-19,ATM,REJECTED,256,7573.81,230,26,15,9,2026-04-24
2026-04-19,MOBILE,ACCEPTED,2581,87729.26,2378,203,136,9,2026-04-24
2026-04-19,MOBILE,PENDING,137,4274.71,125,12,10,9,2026-04-24
2026-04-19,MOBILE,REJECTED,231,7348.08,210,21,14,9,2026-04-24
2026-04-19,ONLINE,ACCEPTED,2626,93305.13,2440,186,123,9,2026-04-24
2026-04-19,ONLINE,PENDING,126,3981.79,116,10,1,9,2026-04-21
2026-04-19,ONLINE,REJECTED,255,9435.47,234,21,12,9,2026-04-24
2026-04-19,POS,ACCEPTED,2666,96147.64,2483,183,120,9,2026-04-24
2026-04-19,POS,PENDING,122,3103.57,107,15,5,9,2026-04-23
2026-04-19,POS,REJECTED,246,8806.08,227,19,11,9,2026-04-24
2026-04-19,TRANSFER,ACCEPTED,2687,89954.96,2469,218,120,9,2026-04-24
2026-04-19,TRANSFER,PENDING,100,4146.86,93,7,5,9,2026-04-24
2026-04-19,TRANSFER,REJECTED,277,10109.99,262,15,8,9,2026-04-24
2026-04-20,ATM,ACCEPTED,6020,212553.65,5541,479,109,9,2026-04-25
2026-04-20,ATM,PENDING,267,9640.74,249,18,5,9,2026-04-25
2026-04-20,ATM,REJECTED,572,18948.25,532,40,11,9,2026-04-25
2026-04-20,MOBILE,ACCEPTED,5961,197944.70,5472,489,141,9,2026-04-25
2026-04-20,MOBILE,PENDING,306,10975.71,278,28,6,9,2026-04-24
2026-04-20,MOBILE,REJECTED,535,18856.47,501,34,15,9,2026-04-25
2026-04-20,ONLINE,ACCEPTED,5955,210304.31,5455,500,120,9,2026-04-25
2026-04-20,ONLINE,PENDING,292,10193.13,266,26,8,9,2026-04-24
2026-04-20,ONLINE,REJECTED,512,17599.98,479,33,8,9,2026-04-24
2026-04-20,POS,ACCEPTED,6038,208121.78,5591,447,99,9,2026-04-25
2026-04-20,POS,PENDING,301,9315.48,282,19,8,9,2026-04-24
2026-04-20,POS,REJECTED,545,17064.43,496,49,12,9,2026-04-24
2026-04-20,TRANSFER,ACCEPTED,6061,203923.13,5542,519,119,9,2026-04-25
2026-04-20,TRANSFER,PENDING,238,7545.55,223,15,4,9,2026-04-24
2026-04-20,TRANSFER,REJECTED,543,20270.83,493,50,17,9,2026-04-25
2026-04-21,ATM,ACCEPTED,6140,203478.50,5650,490,93,9,2026-04-26
2026-04-21,ATM,PENDING,271,10224.33,254,17,4,9,2026-04-24
2026-04-21,ATM,REJECTED,593,20497.11,555,38,10,9,2026-04-26
2026-04-21,MOBILE,ACCEPTED,6173,203046.98,5664,509,88,9,2026-04-26
2026-04-21,MOBILE,PENDING,280,8839.69,256,24,2,9,2026-04-25
2026-04-21,MOBILE,REJECTED,595,20990.82,544,51,7,9,2026-04-26
2026-04-21,ONLINE,ACCEPTED,6035,205278.28,5545,490,86,9,2026-04-26
2026-04-21,ONLINE,PENDING,255,7679.52,239,16,1,9,2026-04-22
2026-04-21,ONLINE,REJECTED,526,17920.03,474,52,11,9,2026-04-26
2026-04-21,POS,ACCEPTED,6179,208209.09,5735,444,107,9,2026-04-26
2026-04-21,POS,PENDING,265,9832.09,249,16,3,9,2026-04-25
2026-04-21,POS,REJECTED,561,24409.24,515,46,10,9,2026-04-26
2026-04-21,TRANSFER,ACCEPTED,6274,210577.67,5754,520,106,9,2026-04-26
2026-04-21,TRANSFER,PENDING,298,9165.54,282,16,5,9,2026-04-26
2026-04-21,TRANSFER,REJECTED,565,18732.36,519,46,6,9,2026-04-25
2026-04-22,ATM,ACCEPTED,6800,217325.24,6236,564,97,9,2026-04-27
2026-04-22,ATM,PENDING,314,8869.59,291,23,4,9,2026-04-27
2026-04-22,ATM,REJECTED,606,22275.51,555,51,13,9,2026-04-27
2026-04-22,MOBILE,ACCEPTED,6798,237123.19,6282,516,96,9,2026-04-27
2026-04-22,MOBILE,PENDING,301,10210.86,267,34,4,9,2026-04-27
2026-04-22,MOBILE,REJECTED,651,21161.34,602,49,6,9,2026-04-27
2026-04-22,ONLINE,ACCEPTED,6837,227426.13,6293,544,106,9,2026-04-27
2026-04-22,ONLINE,PENDING,319,13123.00,300,19,5,9,2026-04-27
2026-04-22,ONLINE,REJECTED,579,19745.74,539,40,8,9,2026-04-27
2026-04-22,POS,ACCEPTED,6781,227097.96,6237,544,96,9,2026-04-27
2026-04-22,POS,PENDING,327,10377.75,315,12,7,9,2026-04-27
2026-04-22,POS,REJECTED,607,25017.22,552,55,12,9,2026-04-27
2026-04-22,TRANSFER,ACCEPTED,6649,218716.89,6116,533,89,9,2026-04-27
2026-04-22,TRANSFER,PENDING,310,8800.18,288,22,3,9,2026-04-27
2026-04-22,TRANSFER,REJECTED,609,20483.93,559,50,8,9,2026-04-27
2026-04-23,ATM,ACCEPTED,6956,231293.92,6420,536,78,9,2026-04-28
2026-04-23,ATM,PENDING,326,9929.13,306,20,7,9,2026-04-28
2026-04-23,ATM,REJECTED,627,19207.34,578,49,9,9,2026-04-28
2026-04-23,MOBILE,ACCEPTED,7037,233743.32,6490,547,91,9,2026-04-28
2026-04-23,MOBILE,PENDING,336,11950.91,310,26,4,9,2026-04-24
2026-04-23,MOBILE,REJECTED,634,21593.37,587,47,15,9,2026-04-28
2026-04-23,ONLINE,ACCEPTED,6697,213039.25,6112,585,90,9,2026-04-28
2026-04-23,ONLINE,PENDING,332,10895.81,304,28,3,9,2026-04-27
2026-04-23,ONLINE,REJECTED,631,17297.19,575,56,8,9,2026-04-28
2026-04-23,POS,ACCEPTED,6800,230320.41,6254,546,94,9,2026-04-28
2026-04-23,POS,PENDING,352,13640.88,317,35,4,9,2026-04-28
2026-04-23,POS,REJECTED,632,20478.21,585,47,8,9,2026-04-28
2026-04-23,TRANSFER,ACCEPTED,6922,238211.80,6363,559,102,9,2026-04-28
2026-04-23,TRANSFER,PENDING,309,10119.04,276,33,4,9,2026-04-28
2026-04-23,TRANSFER,REJECTED,633,21641.58,578,55,15,9,2026-04-28
2026-04-24,ATM,ACCEPTED,5799,200881.01,5316,483,89,9,2026-04-29
2026-04-24,ATM,PENDING,293,9810.83,267,26,2,9,2026-04-29
2026-04-24,ATM,REJECTED,560,16735.03,506,54,7,9,2026-04-28
2026-04-24,MOBILE,ACCEPTED,5919,204346.18,5447,472,95,9,2026-04-29
2026-04-24,MOBILE,PENDING,248,11051.29,232,16,1,9,2026-04-25
2026-04-24,MOBILE,REJECTED,527,17089.77,486,41,8,9,2026-04-29
2026-04-24,ONLINE,ACCEPTED,5830,189878.87,5386,444,107,9,2026-04-29
2026-04-24,ONLINE,PENDING,268,9228.19,240,28,3,9,2026-04-28
2026-04-24,ONLINE,REJECTED,525,18043.55,478,47,6,9,2026-04-29
2026-04-24,POS,ACCEPTED,5879,192778.79,5421,458,84,9,2026-04-29
2026-04-24,POS,PENDING,243,7979.22,215,28,9,9,2026-04-29
2026-04-24,POS,REJECTED,512,15815.27,463,49,6,9,2026-04-29
2026-04-24,TRANSFER,ACCEPTED,5828,192796.15,5368,460,83,9,2026-04-29
2026-04-24,TRANSFER,PENDING,248,8199.53,232,16,4,9,2026-04-27
2026-04-24,TRANSFER,REJECTED,499,16381.05,444,55,9,9,2026-04-29
2026-04-25,ATM,ACCEPTED,3391,111905.66,3116,275,88,9,2026-04-30
2026-04-25,ATM,PENDING,145,4882.30,131,14,7,9,2026-04-30
2026-04-25,ATM,REJECTED,316,10926.66,296,20,7,9,2026-04-30
2026-04-25,MOBILE,ACCEPTED,3484,109041.20,3182,302,94,9,2026-04-30
2026-04-25,MOBILE,PENDING,156,5617.71,141,15,7,9,2026-04-29
2026-04-25,MOBILE,REJECTED,325,10203.77,296,29,23,9,2026-04-30
2026-04-25,ONLINE,ACCEPTED,3380,111066.16,3118,262,109,9,2026-04-30
2026-04-25,ONLINE,PENDING,175,5903.86,157,18,4,9,2026-04-30
2026-04-25,ONLINE,REJECTED,342,10088.68,309,33,8,9,2026-04-30
2026-04-25,POS,ACCEPTED,3440,113673.31,3153,287,107,9,2026-04-30
2026-04-25,POS,PENDING,178,5488.39,163,15,8,9,2026-04-30
2026-04-25,POS,REJECTED,294,9286.27,273,21,9,9,2026-04-30
2026-04-25,TRANSFER,ACCEPTED,3350,112992.96,3078,272,98,9,2026-04-30
2026-04-25,TRANSFER,PENDING,152,4584.98,135,17,6,9,2026-04-29
2026-04-25,TRANSFER,REJECTED,344,12043.68,314,30,9,9,2026-04-30
2026-04-26,ATM,ACCEPTED,2404,84031.36,2209,195,151,9,2026-05-01
2026-04-26,ATM,PENDING,122,3762.13,109,13,8,9,2026-05-01
2026-04-26,ATM,REJECTED,198,5794.22,185,13,11,9,2026-05-01
2026-04-26,MOBILE,ACCEPTED,2385,77971.30,2206,179,120,9,2026-05-01
2026-04-26,MOBILE,PENDING,113,4438.41,101,12,9,9,2026-05-01
2026-04-26,MOBILE,REJECTED,227,6468.84,204,23,13,9,2026-05-01
2026-04-26,ONLINE,ACCEPTED,2446,79520.99,2284,162,132,9,2026-05-01
2026-04-26,ONLINE,PENDING,119,4007.66,105,14,5,9,2026-05-01
2026-04-26,ONLINE,REJECTED,216,7953.55,198,18,11,9,2026-05-01
2026-04-26,POS,ACCEPTED,2451,80486.12,2267,184,134,9,2026-05-01
2026-04-26,POS,PENDING,112,4043.40,105,7,8,9,2026-05-01
2026-04-26,POS,REJECTED,206,6139.88,191,15,11,9,2026-05-01
2026-04-26,TRANSFER,ACCEPTED,2412,80301.60,2216,196,108,9,2026-05-01
2026-04-26,TRANSFER,PENDING,96,2415.45,90,6,5,9,2026-05-01
2026-04-26,TRANSFER,REJECTED,207,8058.17,188,19,14,9,2026-05-01
2026-04-27,ATM,ACCEPTED,6423,220982.68,5897,526,104,9,2026-05-02
2026-04-27,ATM,PENDING,312,9042.56,283,29,7,9,2026-05-01
2026-04-27,ATM,REJECTED,643,21505.62,590,53,10,9,2026-05-02
2026-04-27,MOBILE,ACCEPTED,6510,219561.94,5977,533,131,9,2026-05-02
2026-04-27,MOBILE,PENDING,341,12082.28,309,32,6,9,2026-05-01
2026-04-27,MOBILE,REJECTED,614,19355.87,562,52,10,9,2026-05-02
2026-04-27,ONLINE,ACCEPTED,6571,228218.09,6033,538,102,9,2026-05-02
2026-04-27,ONLINE,PENDING,317,8958.52,292,25,4,9,2026-05-01
2026-04-27,ONLINE,REJECTED,594,19826.76,546,48,7,9,2026-05-01
2026-04-27,POS,ACCEPTED,6443,213584.73,5933,510,90,9,2026-05-02
2026-04-27,POS,PENDING,305,10046.51,285,20,5,9,2026-05-02
2026-04-27,POS,REJECTED,591,20568.84,555,36,8,9,2026-05-01
2026-04-27,TRANSFER,ACCEPTED,6503,212627.63,5954,549,119,9,2026-05-02
2026-04-27,TRANSFER,PENDING,318,10736.96,287,31,1,9,2026-05-01
2026-04-27,TRANSFER,REJECTED,592,17763.95,551,41,7,9,2026-05-01
2026-04-28,ATM,ACCEPTED,5606,180781.11,5146,460,89,9,2026-05-03
2026-04-28,ATM,PENDING,253,9545.96,235,18,6,9,2026-05-01
2026-04-28,ATM,REJECTED,473,16473.30,441,32,12,9,2026-05-03
2026-04-28,MOBILE,ACCEPTED,5690,196453.44,5244,446,88,9,2026-05-03
2026-04-28,MOBILE,PENDING,244,6440.46,225,19,6,9,2026-05-03
2026-04-28,MOBILE,REJECTED,539,19123.75,511,28,11,9,2026-05-03
2026-04-28,ONLINE,ACCEPTED,5677,194828.36,5239,438,113,9,2026-05-03
2026-04-28,ONLINE,PENDING,275,11538.39,256,19,4,9,2026-05-03
2026-04-28,ONLINE,REJECTED,515,18951.06,481,34,7,9,2026-05-03
2026-04-28,POS,ACCEPTED,5642,187059.02,5191,451,99,9,2026-05-03
2026-04-28,POS,PENDING,252,8698.65,232,20,3,9,2026-05-03
2026-04-28,POS,REJECTED,540,18948.27,489,51,13,9,2026-05-02
2026-04-28,TRANSFER,ACCEPTED,5742,182254.60,5274,468,103,9,2026-05-03
2026-04-28,TRANSFER,PENDING,278,9281.05,265,13,3,9,2026-05-03
2026-04-28,TRANSFER,REJECTED,539,17271.87,492,47,11,9,2026-05-01
2026-04-29,ATM,ACCEPTED,5559,190310.92,5080,479,100,9,2026-05-04
2026-04-29,ATM,PENDING,265,9169.37,240,25,8,9,2026-05-04
2026-04-29,ATM,REJECTED,516,17273.47,478,38,7,9,2026-05-03
2026-04-29,MOBILE,ACCEPTED,5516,191200.97,5089,427,82,9,2026-05-04
2026-04-29,MOBILE,PENDING,279,10288.37,264,15,7,9,2026-05-04
2026-04-29,MOBILE,REJECTED,488,16892.33,451,37,11,9,2026-05-04
2026-04-29,ONLINE,ACCEPTED,5498,184823.86,5082,416,118,9,2026-05-04
2026-04-29,ONLINE,PENDING,255,8337.64,232,23,6,9,2026-05-04
2026-04-29,ONLINE,REJECTED,481,18692.26,442,39,8,9,2026-05-04
2026-04-29,POS,ACCEPTED,5475,174584.21,5054,421,96,9,2026-05-04
2026-04-29,POS,PENDING,273,8762.98,253,20,5,9,2026-05-04
2026-04-29,POS,REJECTED,512,16601.43,469,43,5,9,2026-05-03
2026-04-29,TRANSFER,ACCEPTED,5515,190260.20,5086,429,77,9,2026-05-04
2026-04-29,TRANSFER,PENDING,279,7914.99,261,18,2,9,2026-05-04
2026-04-29,TRANSFER,REJECTED,525,16206.31,483,42,12,9,2026-05-04
2026-04-30,ATM,ACCEPTED,6539,213074.15,5999,540,108,9,2026-05-05
2026-04-30,ATM,PENDING,312,11078.81,287,25,4,9,2026-05-05
2026-04-30,ATM,REJECTED,577,21715.36,525,52,7,9,2026-05-05
2026-04-30,MOBILE,ACCEPTED,6538,213488.34,6013,525,89,9,2026-05-05
2026-04-30,MOBILE,PENDING,318,12663.19,288,30,7,9,2026-05-05
2026-04-30,MOBILE,REJECTED,595,19205.61,552,43,11,9,2026-05-05
2026-04-30,ONLINE,ACCEPTED,6518,218098.57,5989,529,102,9,2026-05-05
2026-04-30,ONLINE,PENDING,299,8805.91,280,19,3,9,2026-05-03
2026-04-30,ONLINE,REJECTED,611,20016.89,565,46,7,9,2026-05-05
2026-04-30,POS,ACCEPTED,6525,214324.23,6014,511,75,9,2026-05-05
2026-04-30,POS,PENDING,302,9605.10,274,28,6,9,2026-05-05
2026-04-30,POS,REJECTED,592,18975.89,538,54,11,9,2026-05-05
2026-04-30,TRANSFER,ACCEPTED,6644,219797.04,6128,516,87,9,2026-05-05
2026-04-30,TRANSFER,PENDING,278,10128.41,257,21,2,9,2026-05-05
2026-04-30,TRANSFER,REJECTED,601,21218.47,549,52,2,9,2026-05-04
2026-05-01,ATM,ACCEPTED,6649,227509.24,6135,514,105,9,2026-05-06
2026-05-01,ATM,PENDING,274,8362.52,263,11,1,9,2026-05-06
2026-05-01,ATM,REJECTED,607,19721.18,551,56,7,9,2026-05-06
2026-05-01,MOBILE,ACCEPTED,6660,220409.87,6116,544,90,9,2026-05-06
2026-05-01,MOBILE,PENDING,321,11257.89,289,32,3,9,2026-05-05
2026-05-01,MOBILE,REJECTED,656,22541.31,603,53,14,9,2026-05-06
2026-05-01,ONLINE,ACCEPTED,6735,232378.60,6166,569,88,9,2026-05-06
2026-05-01,ONLINE,PENDING,294,11300.92,271,23,5,9,2026-05-06
2026-05-01,ONLINE,REJECTED,635,18969.65,584,51,10,9,2026-05-06
2026-05-01,POS,ACCEPTED,6686,224369.12,6140,546,76,9,2026-05-06
2026-05-01,POS,PENDING,297,11090.73,272,25,6,9,2026-05-06
2026-05-01,POS,REJECTED,584,20230.13,540,44,8,9,2026-05-06
2026-05-01,TRANSFER,ACCEPTED,6665,225140.84,6181,484,90,9,2026-05-06
2026-05-01,TRANSFER,PENDING,297,9724.61,274,23,3,9,2026-05-06
2026-05-01,TRANSFER,REJECTED,606,18598.88,563,43,15,9,2026-05-06
2026-05-02,ATM,ACCEPTED,3001,99805.78,2775,226,118,9,2026-05-07
2026-05-02,ATM,PENDING,123,3260.90,114,9,2,9,2026-05-04
2026-05-02,ATM,REJECTED,297,8921.93,268,29,14,9,2026-05-07
2026-05-02,MOBILE,ACCEPTED,2969,94323.96,2733,236,112,9,2026-05-07
2026-05-02,MOBILE,PENDING,114,3923.43,104,10,3,9,2026-05-07
2026-05-02,MOBILE,REJECTED,275,9421.99,248,27,9,9,2026-05-07
2026-05-02,ONLINE,ACCEPTED,3005,99706.45,2749,256,107,9,2026-05-07
2026-05-02,ONLINE,PENDING,114,3812.94,109,5,4,9,2026-05-07
2026-05-02,ONLINE,REJECTED,291,8815.32,264,27,9,9,2026-05-07
2026-05-02,POS,ACCEPTED,3154,110264.17,2909,245,104,9,2026-05-07
2026-05-02,POS,PENDING,140,4441.31,126,14,3,9,2026-05-07
2026-05-02,POS,REJECTED,288,9369.91,270,18,9,9,2026-05-06
2026-05-02,TRANSFER,ACCEPTED,2976,101376.45,2724,252,100,9,2026-05-07
2026-05-02,TRANSFER,PENDING,145,3753.15,131,14,2,9,2026-05-04
2026-05-02,TRANSFER,REJECTED,302,11429.72,280,22,12,9,2026-05-07
2026-05-03,ATM,ACCEPTED,2419,81992.24,2236,183,113,9,2026-05-08
2026-05-03,ATM,PENDING,100,3794.92,94,6,3,8,2026-05-04
2026-05-03,ATM,REJECTED,225,7875.26,204,21,11,9,2026-05-08
2026-05-03,MOBILE,ACCEPTED,2398,80431.43,2195,203,125,9,2026-05-08
2026-05-03,MOBILE,PENDING,104,4424.18,92,12,4,9,2026-05-07
2026-05-03,MOBILE,REJECTED,227,10023.84,211,16,6,9,2026-05-07
2026-05-03,ONLINE,ACCEPTED,2337,72431.06,2126,211,120,9,2026-05-08
2026-05-03,ONLINE,PENDING,131,5449.23,122,9,6,9,2026-05-08
2026-05-03,ONLINE,REJECTED,241,8892.83,228,13,13,9,2026-05-08
2026-05-03,POS,ACCEPTED,2437,83141.49,2244,193,119,9,2026-05-08
2026-05-03,POS,PENDING,110,4404.26,107,3,4,9,2026-05-08
2026-05-03,POS,REJECTED,224,7762.87,206,18,9,9,2026-05-08
2026-05-03,TRANSFER,ACCEPTED,2383,77710.34,2176,207,120,9,2026-05-08
2026-05-03,TRANSFER,PENDING,129,5971.90,115,14,10,9,2026-05-08
2026-05-03,TRANSFER,REJECTED,206,6880.99,190,16,14,9,2026-05-08
2026-05-04,ATM,ACCEPTED,6808,233683.53,6237,571,111,9,2026-05-09
2026-05-04,ATM,PENDING,283,10000.53,267,16,4,9,2026-05-09
2026-05-04,ATM,REJECTED,635,22082.41,583,52,10,9,2026-05-08
2026-05-04,MOBILE,ACCEPTED,6781,226103.27,6278,503,99,9,2026-05-09
2026-05-04,MOBILE,PENDING,316,10935.08,291,25,5,9,2026-05-09
2026-05-04,MOBILE,REJECTED,602,21507.25,560,42,9,9,2026-05-09
2026-05-04,ONLINE,ACCEPTED,6789,228419.33,6203,586,118,9,2026-05-09
2026-05-04,ONLINE,PENDING,292,10808.61,269,23,3,9,2026-05-08
2026-05-04,ONLINE,REJECTED,591,19133.53,545,46,10,9,2026-05-08
2026-05-04,POS,ACCEPTED,6930,230416.50,6356,574,109,9,2026-05-09
2026-05-04,POS,PENDING,304,9491.06,273,31,5,9,2026-05-08
2026-05-04,POS,REJECTED,633,22253.38,583,50,14,9,2026-05-09
2026-05-04,TRANSFER,ACCEPTED,6704,231446.31,6123,581,134,9,2026-05-09
2026-05-04,TRANSFER,PENDING,311,10482.26,292,19,3,9,2026-05-08
2026-05-04,TRANSFER,REJECTED,605,22785.48,557,48,12,9,2026-05-08
2026-05-05,ATM,ACCEPTED,5446,179719.22,5017,429,103,9,2026-05-10
2026-05-05,ATM,PENDING,234,8175.40,215,19,5,9,2026-05-08
2026-05-05,ATM,REJECTED,490,17815.44,453,37,11,9,2026-05-10
2026-05-05,MOBILE,ACCEPTED,5310,177947.66,4858,452,97,9,2026-05-10
2026-05-05,MOBILE,PENDING,254,8469.06,233,21,2,9,2026-05-09
2026-05-05,MOBILE,REJECTED,454,17138.59,423,31,5,9,2026-05-10
2026-05-05,ONLINE,ACCEPTED,5211,174920.33,4807,404,84,9,2026-05-10
2026-05-05,ONLINE,PENDING,237,6673.64,219,18,4,9,2026-05-09
2026-05-05,ONLINE,REJECTED,468,16214.54,429,39,6,9,2026-05-10
2026-05-05,POS,ACCEPTED,5408,183869.06,4974,434,96,9,2026-05-10
2026-05-05,POS,PENDING,253,7189.47,231,22,3,9,2026-05-10
2026-05-05,POS,REJECTED,454,15086.01,422,32,12,9,2026-05-09
2026-05-05,TRANSFER,ACCEPTED,5291,177961.15,4871,420,107,9,2026-05-10
2026-05-05,TRANSFER,PENDING,242,6387.61,216,26,8,9,2026-05-10
2026-05-05,TRANSFER,REJECTED,496,17193.05,453,43,9,9,2026-05-09
2026-05-06,ATM,ACCEPTED,5428,181516.82,4995,433,106,9,2026-05-11
2026-05-06,ATM,PENDING,257,8096.19,234,23,4,9,2026-05-11
2026-05-06,ATM,REJECTED,506,14566.56,462,44,12,9,2026-05-11
2026-05-06,MOBILE,ACCEPTED,5454,178272.57,4998,456,97,9,2026-05-11
2026-05-06,MOBILE,PENDING,251,8964.65,232,19,6,9,2026-05-11
2026-05-06,MOBILE,REJECTED,504,17986.94,461,43,9,9,2026-05-11
2026-05-06,ONLINE,ACCEPTED,5402,170965.30,4925,477,101,9,2026-05-11
2026-05-06,ONLINE,PENDING,273,8711.92,251,22,7,9,2026-05-11
2026-05-06,ONLINE,REJECTED,513,16661.83,478,35,7,9,2026-05-11
2026-05-06,POS,ACCEPTED,5771,196795.18,5337,434,110,9,2026-05-11
2026-05-06,POS,PENDING,237,7118.66,218,19,5,9,2026-05-11
2026-05-06,POS,REJECTED,502,14860.15,467,35,12,9,2026-05-11
2026-05-06,TRANSFER,ACCEPTED,5638,189305.32,5168,470,96,9,2026-05-11
2026-05-06,TRANSFER,PENDING,242,8562.77,227,15,4,9,2026-05-11
2026-05-06,TRANSFER,REJECTED,491,16355.98,458,33,10,9,2026-05-11
2026-05-07,ATM,ACCEPTED,7002,228406.39,6370,632,87,9,2026-05-12
2026-05-07,ATM,PENDING,341,12228.52,316,25,5,9,2026-05-12
2026-05-07,ATM,REJECTED,648,20579.83,593,55,11,9,2026-05-12
2026-05-07,MOBILE,ACCEPTED,6871,241162.71,6323,548,121,9,2026-05-12
2026-05-07,MOBILE,PENDING,336,11177.77,319,17,3,9,2026-05-11
2026-05-07,MOBILE,REJECTED,636,19465.75,592,44,16,9,2026-05-12
2026-05-07,ONLINE,ACCEPTED,6943,234785.79,6359,584,94,9,2026-05-12
2026-05-07,ONLINE,PENDING,351,12468.98,325,26,3,9,2026-05-11
2026-05-07,ONLINE,REJECTED,631,19488.54,577,54,8,9,2026-05-12
2026-05-07,POS,ACCEPTED,6776,232800.87,6209,567,91,9,2026-05-12
2026-05-07,POS,PENDING,284,10829.76,264,20,3,9,2026-05-11
2026-05-07,POS,REJECTED,622,16724.78,567,55,7,9,2026-05-12
2026-05-07,TRANSFER,ACCEPTED,6705,215514.69,6146,559,105,9,2026-05-12
2026-05-07,TRANSFER,PENDING,338,11732.44,312,26,5,9,2026-05-12
2026-05-07,TRANSFER,REJECTED,608,20044.55,560,48,11,9,2026-05-12
2026-05-08,ATM,ACCEPTED,6986,238126.84,6421,565,97,9,2026-05-13
2026-05-08,ATM,PENDING,302,11319.61,280,22,6,9,2026-05-13
2026-05-08,ATM,REJECTED,593,16339.57,533,60,10,9,2026-05-13
2026-05-08,MOBILE,ACCEPTED,6858,225359.59,6323,535,114,9,2026-05-13
2026-05-08,MOBILE,PENDING,327,11101.27,310,17,4,9,2026-05-13
2026-05-08,MOBILE,REJECTED,603,21339.89,556,47,13,9,2026-05-13
2026-05-08,ONLINE,ACCEPTED,6872,226324.27,6339,533,94,9,2026-05-13
2026-05-08,ONLINE,PENDING,319,10923.85,288,31,4,9,2026-05-13
2026-05-08,ONLINE,REJECTED,675,22592.10,617,58,8,9,2026-05-13
2026-05-08,POS,ACCEPTED,6734,227245.79,6231,503,95,9,2026-05-13
2026-05-08,POS,PENDING,327,10822.60,297,30,5,9,2026-05-13
2026-05-08,POS,REJECTED,620,19184.59,577,43,11,9,2026-05-13
2026-05-08,TRANSFER,ACCEPTED,6873,232985.97,6298,575,92,9,2026-05-13
2026-05-08,TRANSFER,PENDING,336,10594.70,300,36,6,9,2026-05-13
2026-05-08,TRANSFER,REJECTED,634,22270.51,564,70,8,9,2026-05-13
2026-05-09,ATM,ACCEPTED,3338,113438.44,3056,282,118,9,2026-05-14
2026-05-09,ATM,PENDING,150,4922.69,139,11,7,9,2026-05-14
2026-05-09,ATM,REJECTED,290,8714.34,273,17,8,9,2026-05-14
2026-05-09,MOBILE,ACCEPTED,3273,101545.43,3008,265,92,9,2026-05-14
2026-05-09,MOBILE,PENDING,132,3690.41,120,12,3,9,2026-05-14
2026-05-09,MOBILE,REJECTED,295,11114.15,271,24,15,9,2026-05-14
2026-05-09,ONLINE,ACCEPTED,3328,108620.61,3065,263,102,9,2026-05-14
2026-05-09,ONLINE,PENDING,161,4583.49,151,10,5,9,2026-05-14
2026-05-09,ONLINE,REJECTED,309,10359.54,285,24,8,9,2026-05-13
2026-05-09,POS,ACCEPTED,3314,113032.45,3067,247,100,9,2026-05-14
2026-05-09,POS,PENDING,166,5950.20,155,11,2,9,2026-05-13
2026-05-09,POS,REJECTED,293,10396.95,274,19,14,9,2026-05-14
2026-05-09,TRANSFER,ACCEPTED,3289,107891.43,3021,268,94,9,2026-05-14
2026-05-09,TRANSFER,PENDING,157,5806.42,142,15,2,9,2026-05-12
2026-05-09,TRANSFER,REJECTED,320,11177.57,292,28,10,9,2026-05-14
2026-05-10,ATM,ACCEPTED,2712,85961.15,2501,211,122,9,2026-05-15
2026-05-10,ATM,PENDING,124,5816.43,117,7,8,9,2026-05-15
2026-05-10,ATM,REJECTED,240,8049.69,219,21,9,9,2026-05-15
2026-05-10,MOBILE,ACCEPTED,2755,95799.10,2539,216,104,9,2026-05-15
2026-05-10,MOBILE,PENDING,124,4387.21,120,4,5,9,2026-05-15
2026-05-10,MOBILE,REJECTED,263,9166.31,244,19,11,9,2026-05-15
2026-05-10,ONLINE,ACCEPTED,2643,88804.20,2443,200,122,9,2026-05-15
2026-05-10,ONLINE,PENDING,138,3997.72,126,12,7,9,2026-05-15
2026-05-10,ONLINE,REJECTED,239,10325.03,217,22,18,9,2026-05-15
2026-05-10,POS,ACCEPTED,2686,85766.55,2460,226,122,9,2026-05-15
2026-05-10,POS,PENDING,130,3296.03,122,8,3,9,2026-05-12
2026-05-10,POS,REJECTED,272,8119.09,251,21,10,9,2026-05-15
2026-05-10,TRANSFER,ACCEPTED,2804,95683.68,2600,204,117,9,2026-05-15
2026-05-10,TRANSFER,PENDING,133,6243.14,120,13,7,9,2026-05-15
2026-05-10,TRANSFER,REJECTED,264,8104.22,242,22,13,9,2026-05-13
2026-05-11,ATM,ACCEPTED,6949,231172.96,6422,527,100,9,2026-05-16
2026-05-11,ATM,PENDING,288,10841.39,275,13,7,9,2026-05-16
2026-05-11,ATM,REJECTED,640,18083.64,572,68,9,9,2026-05-16
2026-05-11,MOBILE,ACCEPTED,6913,234071.42,6345,568,108,9,2026-05-16
2026-05-11,MOBILE,PENDING,303,11668.99,279,24,6,9,2026-05-15
2026-05-11,MOBILE,REJECTED,617,18000.83,567,50,8,9,2026-05-16
2026-05-11,ONLINE,ACCEPTED,6864,235588.08,6316,548,119,9,2026-05-16
2026-05-11,ONLINE,PENDING,335,11084.80,302,33,5,9,2026-05-15
2026-05-11,ONLINE,REJECTED,649,24353.85,593,56,8,9,2026-05-15
2026-05-11,POS,ACCEPTED,6836,237757.30,6291,545,111,9,2026-05-16
2026-05-11,POS,PENDING,320,9388.28,293,27,5,9,2026-05-12
2026-05-11,POS,REJECTED,666,23542.16,628,38,9,9,2026-05-16
2026-05-11,TRANSFER,ACCEPTED,6956,226403.70,6379,577,102,9,2026-05-16
2026-05-11,TRANSFER,PENDING,304,10907.85,280,24,4,9,2026-05-16
2026-05-11,TRANSFER,REJECTED,617,19073.94,565,52,10,9,2026-05-16
2026-05-12,ATM,ACCEPTED,6435,209900.83,5898,537,90,9,2026-05-17
2026-05-12,ATM,PENDING,285,9279.16,265,20,2,9,2026-05-16
2026-05-12,ATM,REJECTED,613,19774.13,566,47,13,9,2026-05-16
2026-05-12,MOBILE,ACCEPTED,6348,212767.12,5852,496,90,9,2026-05-17
2026-05-12,MOBILE,PENDING,288,9604.63,261,27,5,9,2026-05-17
2026-05-12,MOBILE,REJECTED,619,21984.15,571,48,11,9,2026-05-16
2026-05-12,ONLINE,ACCEPTED,6316,208239.46,5798,518,99,9,2026-05-17
2026-05-12,ONLINE,PENDING,265,9345.16,246,19,4,9,2026-05-17
2026-05-12,ONLINE,REJECTED,539,18361.78,495,44,4,9,2026-05-17
2026-05-12,POS,ACCEPTED,6410,217131.51,5856,554,84,9,2026-05-17
2026-05-12,POS,PENDING,294,9522.83,272,22,2,9,2026-05-16
2026-05-12,POS,REJECTED,584,18354.24,531,53,17,9,2026-05-17
2026-05-12,TRANSFER,ACCEPTED,6436,214246.90,5913,523,88,9,2026-05-17
2026-05-12,TRANSFER,PENDING,303,10609.37,282,21,3,9,2026-05-17
2026-05-12,TRANSFER,REJECTED,581,20882.81,541,40,7,9,2026-05-17
2026-05-13,ATM,ACCEPTED,6415,219005.30,5898,517,82,9,2026-05-18
2026-05-13,ATM,PENDING,277,8694.66,254,23,4,9,2026-05-17
2026-05-13,ATM,REJECTED,632,19330.99,593,39,11,9,2026-05-18
2026-05-13,MOBILE,ACCEPTED,6351,218648.11,5880,471,106,9,2026-05-18
2026-05-13,MOBILE,PENDING,308,9169.88,289,19,1,9,2026-05-17
2026-05-13,MOBILE,REJECTED,602,18424.42,561,41,9,9,2026-05-18
2026-05-13,ONLINE,ACCEPTED,6311,210275.21,5797,514,80,9,2026-05-18
2026-05-13,ONLINE,PENDING,325,10128.48,294,31,6,9,2026-05-18
2026-05-13,ONLINE,REJECTED,587,20681.88,536,51,5,9,2026-05-18
2026-05-13,POS,ACCEPTED,6431,217638.47,5945,486,74,9,2026-05-18
2026-05-13,POS,PENDING,296,9210.32,266,30,6,9,2026-05-18
2026-05-13,POS,REJECTED,567,17767.64,518,49,8,9,2026-05-18
2026-05-13,TRANSFER,ACCEPTED,6393,212768.68,5861,532,81,9,2026-05-18
2026-05-13,TRANSFER,PENDING,287,8036.54,257,30,4,9,2026-05-18
2026-05-13,TRANSFER,REJECTED,569,20111.23,539,30,9,9,2026-05-18
2026-05-14,ATM,ACCEPTED,5259,172066.43,4831,428,89,9,2026-05-19
2026-05-14,ATM,PENDING,239,8554.80,209,30,6,9,2026-05-19
2026-05-14,ATM,REJECTED,483,14582.62,439,44,8,9,2026-05-19
2026-05-14,MOBILE,ACCEPTED,5279,171664.25,4862,417,96,9,2026-05-19
2026-05-14,MOBILE,PENDING,218,8616.66,196,22,4,9,2026-05-19
2026-05-14,MOBILE,REJECTED,468,15819.88,424,44,8,9,2026-05-19
2026-05-14,ONLINE,ACCEPTED,5356,171573.80,4917,439,92,9,2026-05-19
2026-05-14,ONLINE,PENDING,248,8614.68,230,18,4,9,2026-05-19
2026-05-14,ONLINE,REJECTED,450,15128.58,418,32,9,9,2026-05-19
2026-05-14,POS,ACCEPTED,5360,180281.31,4907,453,90,9,2026-05-19
2026-05-14,POS,PENDING,264,7429.39,245,19,5,9,2026-05-19
2026-05-14,POS,REJECTED,480,15422.81,440,40,8,9,2026-05-19
2026-05-14,TRANSFER,ACCEPTED,5324,177822.40,4883,441,101,9,2026-05-19
2026-05-14,TRANSFER,PENDING,236,7902.17,210,26,3,9,2026-05-19
2026-05-14,TRANSFER,REJECTED,454,14828.14,412,42,5,9,2026-05-19
2026-05-15,ATM,ACCEPTED,5812,200480.20,5339,473,102,9,2026-05-20
2026-05-15,ATM,PENDING,284,7413.27,252,32,2,9,2026-05-20
2026-05-15,ATM,REJECTED,559,19513.42,504,55,8,9,2026-05-20
2026-05-15,MOBILE,ACCEPTED,5998,209867.30,5520,478,99,9,2026-05-20
2026-05-15,MOBILE,PENDING,264,7528.54,243,21,4,9,2026-05-19
2026-05-15,MOBILE,REJECTED,547,18095.54,509,38,6,9,2026-05-19
2026-05-15,ONLINE,ACCEPTED,5967,199347.23,5500,467,89,9,2026-05-20
2026-05-15,ONLINE,PENDING,256,9357.80,238,18,6,9,2026-05-20
2026-05-15,ONLINE,REJECTED,538,17603.36,492,46,9,9,2026-05-20
2026-05-15,POS,ACCEPTED,5938,200579.41,5489,449,100,9,2026-05-20
2026-05-15,POS,PENDING,251,8881.62,234,17,4,9,2026-05-19
2026-05-15,POS,REJECTED,565,20021.21,514,51,12,9,2026-05-20
2026-05-15,TRANSFER,ACCEPTED,5989,202577.47,5511,478,92,9,2026-05-20
2026-05-15,TRANSFER,PENDING,257,11070.13,236,21,5,9,2026-05-20
2026-05-15,TRANSFER,REJECTED,538,19033.18,507,31,6,9,2026-05-20
2026-05-16,ATM,ACCEPTED,2989,101430.02,2750,239,112,9,2026-05-21
2026-05-16,ATM,PENDING,125,3771.71,116,9,3,9,2026-05-19
2026-05-16,ATM,REJECTED,279,8508.94,250,29,14,9,2026-05-21
2026-05-16,MOBILE,ACCEPTED,2948,102853.41,2701,247,97,9,2026-05-21
2026-05-16,MOBILE,PENDING,124,3791.21,117,7,4,9,2026-05-21
2026-05-16,MOBILE,REJECTED,268,7599.67,242,26,12,9,2026-05-21
2026-05-16,ONLINE,ACCEPTED,3022,102763.12,2785,237,118,9,2026-05-21
2026-05-16,ONLINE,PENDING,138,4096.42,130,8,4,9,2026-05-21
2026-05-16,ONLINE,REJECTED,276,9538.21,245,31,6,9,2026-05-20
2026-05-16,POS,ACCEPTED,2947,96313.05,2735,212,113,9,2026-05-21
2026-05-16,POS,PENDING,130,3992.52,119,11,2,9,2026-05-18
2026-05-16,POS,REJECTED,296,9784.11,276,20,9,9,2026-05-21
2026-05-16,TRANSFER,ACCEPTED,2845,98965.56,2641,204,85,9,2026-05-21
2026-05-16,TRANSFER,PENDING,148,5806.27,137,11,4,9,2026-05-20
2026-05-16,TRANSFER,REJECTED,233,9345.22,213,20,4,9,2026-05-21
2026-05-17,ATM,ACCEPTED,2630,86872.17,2394,236,128,9,2026-05-22
2026-05-17,ATM,PENDING,115,2704.43,99,16,4,9,2026-05-22
2026-05-17,ATM,REJECTED,249,8148.33,234,15,10,9,2026-05-22
2026-05-17,MOBILE,ACCEPTED,2527,87742.49,2338,189,112,9,2026-05-22
2026-05-17,MOBILE,PENDING,127,4195.47,118,9,5,9,2026-05-21
2026-05-17,MOBILE,REJECTED,219,7559.40,201,18,9,9,2026-05-22
2026-05-17,ONLINE,ACCEPTED,2524,88138.57,2291,233,125,9,2026-05-22
2026-05-17,ONLINE,PENDING,106,2118.12,97,9,7,9,2026-05-22
2026-05-17,ONLINE,REJECTED,222,6742.88,204,18,13,9,2026-05-22
2026-05-17,POS,ACCEPTED,2647,84583.27,2444,203,148,9,2026-05-22
2026-05-17,POS,PENDING,106,3807.18,101,5,3,9,2026-05-22
2026-05-17,POS,REJECTED,218,6726.13,205,13,9,9,2026-05-22
2026-05-17,TRANSFER,ACCEPTED,2673,86780.47,2434,239,115,9,2026-05-22
2026-05-17,TRANSFER,PENDING,112,3229.74,100,12,7,9,2026-05-22
2026-05-17,TRANSFER,REJECTED,232,5764.30,212,20,11,9,2026-05-22
2026-05-18,ATM,ACCEPTED,5388,181304.37,4941,447,126,9,2026-05-23
2026-05-18,ATM,PENDING,259,9249.65,237,22,7,9,2026-05-23
2026-05-18,ATM,REJECTED,514,16916.58,468,46,13,9,2026-05-23
2026-05-18,MOBILE,ACCEPTED,5424,177374.22,4989,435,115,9,2026-05-23
2026-05-18,MOBILE,PENDING,260,9529.24,241,19,9,9,2026-05-22
2026-05-18,MOBILE,REJECTED,541,18388.89,497,44,12,9,2026-05-22
2026-05-18,ONLINE,ACCEPTED,5504,183073.12,5087,417,103,9,2026-05-23
2026-05-18,ONLINE,PENDING,270,9816.94,251,19,10,9,2026-05-23
2026-05-18,ONLINE,REJECTED,515,16209.54,479,36,7,9,2026-05-22
2026-05-18,POS,ACCEPTED,5573,192320.76,5157,416,104,9,2026-05-23
2026-05-18,POS,PENDING,259,8280.33,239,20,3,9,2026-05-23
2026-05-18,POS,REJECTED,463,15584.62,430,33,11,9,2026-05-23
2026-05-18,TRANSFER,ACCEPTED,5526,194338.84,5088,438,93,9,2026-05-23
2026-05-18,TRANSFER,PENDING,263,8201.48,240,23,8,9,2026-05-23
2026-05-18,TRANSFER,REJECTED,512,16551.11,475,37,17,9,2026-05-23
2026-05-19,ATM,ACCEPTED,5765,192034.78,5301,464,116,9,2026-05-24
2026-05-19,ATM,PENDING,264,7811.89,241,23,3,9,2026-05-23
2026-05-19,ATM,REJECTED,508,17783.85,468,40,9,9,2026-05-22
2026-05-19,MOBILE,ACCEPTED,5867,193770.83,5396,471,104,9,2026-05-24
2026-05-19,MOBILE,PENDING,303,12258.19,277,26,6,9,2026-05-24
2026-05-19,MOBILE,REJECTED,527,16894.45,482,45,2,9,2026-05-21
2026-05-19,ONLINE,ACCEPTED,5841,206433.02,5376,465,109,9,2026-05-24
2026-05-19,ONLINE,PENDING,259,8454.46,230,29,0,9,2026-05-19
2026-05-19,ONLINE,REJECTED,539,17865.56,491,48,9,9,2026-05-24
2026-05-19,POS,ACCEPTED,5881,193628.91,5405,476,98,9,2026-05-24
2026-05-19,POS,PENDING,293,10602.29,273,20,10,9,2026-05-23
2026-05-19,POS,REJECTED,546,17896.68,495,51,7,9,2026-05-23
2026-05-19,TRANSFER,ACCEPTED,5924,204635.42,5473,451,101,9,2026-05-24
2026-05-19,TRANSFER,PENDING,267,9672.66,250,17,1,9,2026-05-22
2026-05-19,TRANSFER,REJECTED,571,20000.58,531,40,12,9,2026-05-23
2026-05-20,ATM,ACCEPTED,5951,204577.59,5491,460,127,9,2026-05-25
2026-05-20,ATM,PENDING,275,8492.71,256,19,6,9,2026-05-25
2026-05-20,ATM,REJECTED,512,20464.25,472,40,10,9,2026-05-25
2026-05-20,MOBILE,ACCEPTED,5802,191877.71,5344,458,111,9,2026-05-25
2026-05-20,MOBILE,PENDING,290,10222.56,265,25,6,9,2026-05-25
2026-05-20,MOBILE,REJECTED,542,14843.83,495,47,14,9,2026-05-25
2026-05-20,ONLINE,ACCEPTED,5725,194892.98,5266,459,107,9,2026-05-25
2026-05-20,ONLINE,PENDING,256,9447.74,234,22,4,9,2026-05-25
2026-05-20,ONLINE,REJECTED,543,19692.81,495,48,10,9,2026-05-25
2026-05-20,POS,ACCEPTED,5856,191959.00,5386,470,98,9,2026-05-25
2026-05-20,POS,PENDING,240,9011.06,222,18,5,9,2026-05-25
2026-05-20,POS,REJECTED,509,18055.82,470,39,10,9,2026-05-25
2026-05-20,TRANSFER,ACCEPTED,5751,187943.05,5314,437,110,9,2026-05-25
2026-05-20,TRANSFER,PENDING,286,9457.68,260,26,7,9,2026-05-25
2026-05-20,TRANSFER,REJECTED,524,17679.81,486,38,11,9,2026-05-25
2026-05-21,ATM,ACCEPTED,6852,231040.57,6293,559,119,9,2026-05-26
2026-05-21,ATM,PENDING,324,9157.49,301,23,4,9,2026-05-25
2026-05-21,ATM,REJECTED,585,20270.32,539,46,9,9,2026-05-25
2026-05-21,MOBILE,ACCEPTED,6695,212834.71,6145,550,104,9,2026-05-26
2026-05-21,MOBILE,PENDING,292,9919.14,276,16,6,9,2026-05-26
2026-05-21,MOBILE,REJECTED,619,18190.88,570,49,9,9,2026-05-26
2026-05-21,ONLINE,ACCEPTED,6705,218550.15,6143,562,103,9,2026-05-26
2026-05-21,ONLINE,PENDING,303,10001.46,284,19,3,9,2026-05-26
2026-05-21,ONLINE,REJECTED,595,19764.07,553,42,9,9,2026-05-26
2026-05-21,POS,ACCEPTED,6876,229571.64,6347,529,101,9,2026-05-26
2026-05-21,POS,PENDING,310,12785.59,285,25,3,9,2026-05-25
2026-05-21,POS,REJECTED,561,18082.86,525,36,10,9,2026-05-25
2026-05-21,TRANSFER,ACCEPTED,6762,232450.23,6188,574,112,9,2026-05-26
2026-05-21,TRANSFER,PENDING,314,12105.72,291,23,4,9,2026-05-26
2026-05-21,TRANSFER,REJECTED,634,19672.10,594,40,7,9,2026-05-25
2026-05-22,ATM,ACCEPTED,6503,216810.22,5955,548,104,9,2026-05-27
2026-05-22,ATM,PENDING,290,8928.34,263,27,3,9,2026-05-24
2026-05-22,ATM,REJECTED,592,21872.86,547,45,3,9,2026-05-26
2026-05-22,MOBILE,ACCEPTED,6467,222965.10,5965,502,108,9,2026-05-27
2026-05-22,MOBILE,PENDING,327,11583.33,308,19,5,9,2026-05-27
2026-05-22,MOBILE,REJECTED,631,20922.14,585,46,15,9,2026-05-27
2026-05-22,ONLINE,ACCEPTED,6387,214329.02,5879,508,106,9,2026-05-27
2026-05-22,ONLINE,PENDING,318,11809.31,293,25,5,9,2026-05-27
2026-05-22,ONLINE,REJECTED,642,21034.35,596,46,9,9,2026-05-27
2026-05-22,POS,ACCEPTED,6545,220266.43,6012,533,112,9,2026-05-27
2026-05-22,POS,PENDING,280,10796.00,257,23,2,9,2026-05-27
2026-05-22,POS,REJECTED,608,19387.63,558,50,8,9,2026-05-27
2026-05-22,TRANSFER,ACCEPTED,6534,216905.69,5997,537,111,9,2026-05-27
2026-05-22,TRANSFER,PENDING,301,10080.89,282,19,2,9,2026-05-26
2026-05-22,TRANSFER,REJECTED,599,20538.08,555,44,13,9,2026-05-27
2026-05-23,ATM,ACCEPTED,3784,127830.16,3504,280,106,9,2026-05-28
2026-05-23,ATM,PENDING,196,5959.33,186,10,8,9,2026-05-28
2026-05-23,ATM,REJECTED,291,8775.82,270,21,4,9,2026-05-28
2026-05-23,MOBILE,ACCEPTED,3721,134054.27,3433,288,112,9,2026-05-28
2026-05-23,MOBILE,PENDING,202,5990.86,187,15,3,9,2026-05-28
2026-05-23,MOBILE,REJECTED,345,12788.88,322,23,16,9,2026-05-28
2026-05-23,ONLINE,ACCEPTED,3711,123593.48,3392,319,100,9,2026-05-28
2026-05-23,ONLINE,PENDING,194,7964.65,176,18,3,9,2026-05-28
2026-05-23,ONLINE,REJECTED,341,11434.19,317,24,10,9,2026-05-28
2026-05-23,POS,ACCEPTED,3836,132877.12,3528,308,96,9,2026-05-28
2026-05-23,POS,PENDING,181,4425.57,169,12,7,9,2026-05-28
2026-05-23,POS,REJECTED,338,10885.05,306,32,13,9,2026-05-28
2026-05-23,TRANSFER,ACCEPTED,3674,123486.90,3396,278,100,9,2026-05-28
2026-05-23,TRANSFER,PENDING,187,6469.94,173,14,7,9,2026-05-28
2026-05-23,TRANSFER,REJECTED,338,9884.34,308,30,9,9,2026-05-28
2026-05-24,ATM,ACCEPTED,2719,89535.40,2521,198,127,9,2026-05-29
2026-05-24,ATM,PENDING,139,4398.07,128,11,6,9,2026-05-29
2026-05-24,ATM,REJECTED,290,8202.71,268,22,9,9,2026-05-29
2026-05-24,MOBILE,ACCEPTED,2889,102158.52,2672,217,107,9,2026-05-29
2026-05-24,MOBILE,PENDING,141,4989.94,129,12,2,9,2026-05-27
2026-05-24,MOBILE,REJECTED,244,8297.61,229,15,11,9,2026-05-29
2026-05-24,ONLINE,ACCEPTED,2803,93087.05,2593,210,110,9,2026-05-29
2026-05-24,ONLINE,PENDING,139,4224.66,126,13,7,9,2026-05-29
2026-05-24,ONLINE,REJECTED,240,9582.30,226,14,14,9,2026-05-29
2026-05-24,POS,ACCEPTED,2678,93326.43,2470,208,125,9,2026-05-29
2026-05-24,POS,PENDING,142,3677.65,127,15,8,9,2026-05-29
2026-05-24,POS,REJECTED,277,10277.32,262,15,12,9,2026-05-29
2026-05-24,TRANSFER,ACCEPTED,2795,98598.05,2548,247,120,9,2026-05-29
2026-05-24,TRANSFER,PENDING,126,3989.93,114,12,6,9,2026-05-29
2026-05-24,TRANSFER,REJECTED,281,9695.22,264,17,9,9,2026-05-29
2026-05-25,ATM,ACCEPTED,5908,210796.60,5434,474,104,9,2026-05-30
2026-05-25,ATM,PENDING,283,8715.92,259,24,6,9,2026-05-30
2026-05-25,ATM,REJECTED,573,18734.46,521,52,12,9,2026-05-30
2026-05-25,MOBILE,ACCEPTED,5984,197280.40,5498,486,116,9,2026-05-30
2026-05-25,MOBILE,PENDING,259,7773.45,233,26,4,9,2026-05-30
2026-05-25,MOBILE,REJECTED,539,16596.41,497,42,2,9,2026-05-27
2026-05-25,ONLINE,ACCEPTED,5935,196842.94,5437,498,103,9,2026-05-30
2026-05-25,ONLINE,PENDING,300,8995.42,271,29,3,9,2026-05-30
2026-05-25,ONLINE,REJECTED,556,18874.09,513,43,8,9,2026-05-30
2026-05-25,POS,ACCEPTED,5982,196089.42,5508,474,94,9,2026-05-30
2026-05-25,POS,PENDING,279,10212.96,256,23,5,9,2026-05-29
2026-05-25,POS,REJECTED,558,19614.65,504,54,13,9,2026-05-30
2026-05-25,TRANSFER,ACCEPTED,5898,196104.40,5392,506,106,9,2026-05-30
2026-05-25,TRANSFER,PENDING,278,7551.12,256,22,4,9,2026-05-30
2026-05-25,TRANSFER,REJECTED,514,17591.97,462,52,13,9,2026-05-30
2026-05-26,ATM,ACCEPTED,6156,204116.91,5696,460,90,9,2026-05-31
2026-05-26,ATM,PENDING,301,10619.74,284,17,1,9,2026-05-27
2026-05-26,ATM,REJECTED,589,18461.58,547,42,18,9,2026-05-31
2026-05-26,MOBILE,ACCEPTED,6223,214604.08,5696,527,89,9,2026-05-31
2026-05-26,MOBILE,PENDING,280,10357.73,260,20,2,9,2026-05-28
2026-05-26,MOBILE,REJECTED,611,20346.66,556,55,12,9,2026-05-31
2026-05-26,ONLINE,ACCEPTED,6163,204970.10,5640,523,108,9,2026-05-31
2026-05-26,ONLINE,PENDING,311,12478.14,289,22,5,9,2026-05-31
2026-05-26,ONLINE,REJECTED,542,20001.95,506,36,11,9,2026-05-31
2026-05-26,POS,ACCEPTED,6088,196147.33,5560,528,82,9,2026-05-31
2026-05-26,POS,PENDING,290,8388.30,264,26,1,9,2026-05-27
2026-05-26,POS,REJECTED,565,20892.06,524,41,12,9,2026-05-31
2026-05-26,TRANSFER,ACCEPTED,6047,197008.89,5580,467,100,9,2026-05-31
2026-05-26,TRANSFER,PENDING,279,10042.20,256,23,3,9,2026-05-31
2026-05-26,TRANSFER,REJECTED,556,15700.43,506,50,14,9,2026-05-31
2026-05-27,ATM,ACCEPTED,5892,197211.37,5418,474,90,9,2026-06-01
2026-05-27,ATM,PENDING,280,8881.98,250,30,5,9,2026-05-31
2026-05-27,ATM,REJECTED,552,18218.51,504,48,8,9,2026-06-01
2026-05-27,MOBILE,ACCEPTED,5854,198378.20,5389,465,86,9,2026-06-01
2026-05-27,MOBILE,PENDING,263,6834.40,240,23,6,9,2026-06-01
2026-05-27,MOBILE,REJECTED,579,18437.37,535,44,11,9,2026-06-01
2026-05-27,ONLINE,ACCEPTED,5958,200961.36,5462,496,98,9,2026-06-01
2026-05-27,ONLINE,PENDING,277,8812.58,245,32,2,9,2026-05-31
2026-05-27,ONLINE,REJECTED,570,18808.76,529,41,9,9,2026-06-01
2026-05-27,POS,ACCEPTED,5999,206609.35,5506,493,116,9,2026-06-01
2026-05-27,POS,PENDING,269,10276.76,237,32,7,9,2026-06-01
2026-05-27,POS,REJECTED,591,20327.06,533,58,12,9,2026-06-01
2026-05-27,TRANSFER,ACCEPTED,5878,195552.39,5400,478,98,9,2026-06-01
2026-05-27,TRANSFER,PENDING,270,7652.93,244,26,4,9,2026-05-30
2026-05-27,TRANSFER,REJECTED,590,18451.13,545,45,5,9,2026-06-01
2026-05-28,ATM,ACCEPTED,6351,209157.87,5822,529,94,9,2026-06-02
2026-05-28,ATM,PENDING,300,11126.81,268,32,6,9,2026-06-01
2026-05-28,ATM,REJECTED,561,19134.06,513,48,4,9,2026-06-02
2026-05-28,MOBILE,ACCEPTED,6287,209663.85,5805,482,105,9,2026-06-02
2026-05-28,MOBILE,PENDING,315,11951.36,297,18,9,9,2026-06-02
2026-05-28,MOBILE,REJECTED,568,16922.53,520,48,14,9,2026-06-02
2026-05-28,ONLINE,ACCEPTED,6337,210367.92,5835,502,92,9,2026-06-02
2026-05-28,ONLINE,PENDING,297,9780.28,278,19,11,9,2026-06-02
2026-05-28,ONLINE,REJECTED,596,18871.83,548,48,13,9,2026-06-02
2026-05-28,POS,ACCEPTED,6347,208985.52,5820,527,82,9,2026-06-02
2026-05-28,POS,PENDING,276,8521.05,257,19,4,9,2026-06-01
2026-05-28,POS,REJECTED,547,20621.36,500,47,8,9,2026-06-02
2026-05-28,TRANSFER,ACCEPTED,6380,220255.25,5831,549,89,9,2026-06-02
2026-05-28,TRANSFER,PENDING,323,10749.11,302,21,5,9,2026-06-01
2026-05-28,TRANSFER,REJECTED,602,23023.04,548,54,10,9,2026-06-02
2026-05-29,ATM,ACCEPTED,5289,178765.51,4880,409,92,9,2026-06-03
2026-05-29,ATM,PENDING,229,7933.23,210,19,4,9,2026-06-03
2026-05-29,ATM,REJECTED,521,16903.07,477,44,11,9,2026-06-03
2026-05-29,MOBILE,ACCEPTED,5214,164576.35,4763,451,112,9,2026-06-03
2026-05-29,MOBILE,PENDING,233,7060.09,207,26,3,9,2026-06-02
2026-05-29,MOBILE,REJECTED,472,15337.13,426,46,11,9,2026-06-03
2026-05-29,ONLINE,ACCEPTED,5292,177021.19,4880,412,85,9,2026-06-03
2026-05-29,ONLINE,PENDING,278,11281.58,254,24,6,9,2026-06-02
2026-05-29,ONLINE,REJECTED,510,20081.27,479,31,6,9,2026-06-03
2026-05-29,POS,ACCEPTED,5191,170194.71,4736,455,101,9,2026-06-03
2026-05-29,POS,PENDING,226,6955.48,209,17,1,9,2026-06-03
2026-05-29,POS,REJECTED,498,15216.28,453,45,10,9,2026-06-02
2026-05-29,TRANSFER,ACCEPTED,5271,173722.69,4828,443,97,9,2026-06-03
2026-05-29,TRANSFER,PENDING,244,8046.45,230,14,3,9,2026-06-02
2026-05-29,TRANSFER,REJECTED,495,16199.66,457,38,9,9,2026-06-03
2026-05-30,ATM,ACCEPTED,3135,103283.38,2906,229,128,9,2026-06-04
2026-05-30,ATM,PENDING,147,3818.59,139,8,13,9,2026-06-04
2026-05-30,ATM,REJECTED,283,9766.31,261,22,14,9,2026-06-04
2026-05-30,MOBILE,ACCEPTED,3265,108130.89,2992,273,121,9,2026-06-04
2026-05-30,MOBILE,PENDING,134,4462.96,123,11,8,9,2026-06-04
2026-05-30,MOBILE,REJECTED,287,10436.01,268,19,10,9,2026-06-04
2026-05-30,ONLINE,ACCEPTED,3184,108797.17,2919,265,108,9,2026-06-04
2026-05-30,ONLINE,PENDING,148,5132.10,135,13,2,9,2026-06-04
2026-05-30,ONLINE,REJECTED,303,10760.31,278,25,13,9,2026-06-04
2026-05-30,POS,ACCEPTED,3164,112477.20,2909,255,120,9,2026-06-04
2026-05-30,POS,PENDING,134,4487.13,123,11,4,9,2026-06-02
2026-05-30,POS,REJECTED,295,9953.70,268,27,11,9,2026-06-04
2026-05-30,TRANSFER,ACCEPTED,3141,104961.17,2908,233,104,9,2026-06-04
2026-05-30,TRANSFER,PENDING,172,6690.46,160,12,5,9,2026-06-04
2026-05-30,TRANSFER,REJECTED,299,12157.10,275,24,14,9,2026-06-04
2026-05-31,ATM,ACCEPTED,2749,93929.71,2541,208,127,9,2026-06-05
2026-05-31,ATM,PENDING,127,4102.51,115,12,6,9,2026-06-04
2026-05-31,ATM,REJECTED,266,8393.27,242,24,8,9,2026-06-05
2026-05-31,MOBILE,ACCEPTED,2840,93870.24,2609,231,128,9,2026-06-05
2026-05-31,MOBILE,PENDING,143,5528.92,134,9,7,9,2026-06-05
2026-05-31,MOBILE,REJECTED,255,8929.64,241,14,8,9,2026-06-05
2026-05-31,ONLINE,ACCEPTED,2898,102748.45,2662,236,153,9,2026-06-05
2026-05-31,ONLINE,PENDING,148,4481.33,136,12,7,9,2026-06-04
2026-05-31,ONLINE,REJECTED,284,8528.66,257,27,13,9,2026-06-05
2026-05-31,POS,ACCEPTED,2783,98020.89,2557,226,121,9,2026-06-05
2026-05-31,POS,PENDING,141,4830.57,130,11,8,9,2026-06-05
2026-05-31,POS,REJECTED,258,7722.92,241,17,9,9,2026-06-05
2026-05-31,TRANSFER,ACCEPTED,2777,94891.20,2554,223,127,9,2026-06-05
2026-05-31,TRANSFER,PENDING,136,4724.38,128,8,9,9,2026-06-05
2026-05-31,TRANSFER,REJECTED,258,9404.71,239,19,10,9,2026-06-05
2026-06-01,ATM,ACCEPTED,7006,237142.07,6466,540,109,9,2026-06-06
2026-06-01,ATM,PENDING,332,12542.78,306,26,6,9,2026-06-05
2026-06-01,ATM,REJECTED,611,21026.73,554,57,8,9,2026-06-06
2026-06-01,MOBILE,ACCEPTED,6759,229886.98,6201,558,119,9,2026-06-06
2026-06-01,MOBILE,PENDING,335,13396.35,315,20,5,9,2026-06-05
2026-06-01,MOBILE,REJECTED,647,19856.84,579,68,13,9,2026-06-06
2026-06-01,ONLINE,ACCEPTED,6739,232215.52,6207,532,115,9,2026-06-06
2026-06-01,ONLINE,PENDING,312,11233.99,293,19,11,9,2026-06-06
2026-06-01,ONLINE,REJECTED,595,17755.01,543,52,14,9,2026-06-06
2026-06-01,POS,ACCEPTED,6864,231636.65,6337,527,116,9,2026-06-06
2026-06-01,POS,PENDING,326,12252.71,297,29,7,9,2026-06-06
2026-06-01,POS,REJECTED,628,21888.76,581,47,8,9,2026-06-05
2026-06-01,TRANSFER,ACCEPTED,6906,233440.62,6402,504,132,9,2026-06-06
2026-06-01,TRANSFER,PENDING,336,11714.62,314,22,6,9,2026-06-05
2026-06-01,TRANSFER,REJECTED,634,21844.08,583,51,11,9,2026-06-06
2026-06-02,ATM,ACCEPTED,6290,207500.17,5801,489,94,9,2026-06-07
2026-06-02,ATM,PENDING,294,10121.33,274,20,4,9,2026-06-06
2026-06-02,ATM,REJECTED,571,15993.54,519,52,13,9,2026-06-07
2026-06-02,MOBILE,ACCEPTED,6217,212301.45,5775,442,95,9,2026-06-07
2026-06-02,MOBILE,PENDING,297,10130.33,270,27,2,9,2026-06-06
2026-06-02,MOBILE,REJECTED,523,16554.70,474,49,7,9,2026-06-07
2026-06-02,ONLINE,ACCEPTED,6281,206456.80,5778,503,98,9,2026-06-07
2026-06-02,ONLINE,PENDING,304,9599.74,275,29,3,9,2026-06-07
2026-06-02,ONLINE,REJECTED,534,18282.36,486,48,12,9,2026-06-07
2026-06-02,POS,ACCEPTED,6182,207466.13,5687,495,98,9,2026-06-07
2026-06-02,POS,PENDING,279,9584.92,250,29,5,9,2026-06-05
2026-06-02,POS,REJECTED,576,18746.24,529,47,13,9,2026-06-07
2026-06-02,TRANSFER,ACCEPTED,6276,209443.56,5766,510,86,9,2026-06-07
2026-06-02,TRANSFER,PENDING,267,8200.56,249,18,3,9,2026-06-05
2026-06-02,TRANSFER,REJECTED,574,18277.67,521,53,7,9,2026-06-06
2026-06-03,ATM,ACCEPTED,5795,203633.24,5297,498,98,9,2026-06-08
2026-06-03,ATM,PENDING,271,8330.04,250,21,7,9,2026-06-08
2026-06-03,ATM,REJECTED,530,15603.42,485,45,17,9,2026-06-08
2026-06-03,MOBILE,ACCEPTED,5728,187511.06,5257,471,119,9,2026-06-08
2026-06-03,MOBILE,PENDING,259,7005.94,240,19,6,9,2026-06-08
2026-06-03,MOBILE,REJECTED,538,17931.10,503,35,7,9,2026-06-08
2026-06-03,ONLINE,ACCEPTED,5758,192056.94,5316,442,111,9,2026-06-08
2026-06-03,ONLINE,PENDING,282,8709.94,260,22,3,9,2026-06-06
2026-06-03,ONLINE,REJECTED,534,16303.60,492,42,7,9,2026-06-08
2026-06-03,POS,ACCEPTED,5702,196178.02,5266,436,93,9,2026-06-08
2026-06-03,POS,PENDING,253,7312.31,233,20,8,9,2026-06-08
2026-06-03,POS,REJECTED,535,15733.57,497,38,8,9,2026-06-08
2026-06-03,TRANSFER,ACCEPTED,5850,200434.98,5408,442,87,9,2026-06-08
2026-06-03,TRANSFER,PENDING,286,8709.22,263,23,8,9,2026-06-08
2026-06-03,TRANSFER,REJECTED,513,16829.74,467,46,16,9,2026-06-08
2026-06-04,ATM,ACCEPTED,6496,217256.54,5987,509,102,9,2026-06-09
2026-06-04,ATM,PENDING,293,9482.76,272,21,1,9,2026-06-05
2026-06-04,ATM,REJECTED,584,18906.25,538,46,10,9,2026-06-09
2026-06-04,MOBILE,ACCEPTED,6441,221742.84,5945,496,90,9,2026-06-09
2026-06-04,MOBILE,PENDING,303,11128.48,287,16,7,9,2026-06-09
2026-06-04,MOBILE,REJECTED,612,23265.19,573,39,11,9,2026-06-09
2026-06-04,ONLINE,ACCEPTED,6452,216001.74,5956,496,91,9,2026-06-09
2026-06-04,ONLINE,PENDING,319,11964.05,302,17,3,9,2026-06-08
2026-06-04,ONLINE,REJECTED,593,19444.48,533,60,12,9,2026-06-09
2026-06-04,POS,ACCEPTED,6355,212554.28,5823,532,96,9,2026-06-09
2026-06-04,POS,PENDING,321,10901.57,301,20,9,9,2026-06-09
2026-06-04,POS,REJECTED,604,19024.36,543,61,9,9,2026-06-09
2026-06-04,TRANSFER,ACCEPTED,6458,211560.98,5947,511,100,9,2026-06-09
2026-06-04,TRANSFER,PENDING,295,9623.51,269,26,6,9,2026-06-09
2026-06-04,TRANSFER,REJECTED,613,23083.08,562,51,10,9,2026-06-09
2026-06-05,ATM,ACCEPTED,6314,211709.37,5838,476,83,9,2026-06-10
2026-06-05,ATM,PENDING,334,10734.58,313,21,4,9,2026-06-09
2026-06-05,ATM,REJECTED,590,18280.66,545,45,12,9,2026-06-10
2026-06-05,MOBILE,ACCEPTED,6315,207473.18,5791,524,80,9,2026-06-10
2026-06-05,MOBILE,PENDING,294,9536.39,265,29,4,9,2026-06-10
2026-06-05,MOBILE,REJECTED,613,22219.36,566,47,4,9,2026-06-10
2026-06-05,ONLINE,ACCEPTED,6259,204821.53,5758,501,107,9,2026-06-10
2026-06-05,ONLINE,PENDING,292,10151.70,267,25,3,9,2026-06-10
2026-06-05,ONLINE,REJECTED,619,22768.98,569,50,11,9,2026-06-10
2026-06-05,POS,ACCEPTED,6408,215288.40,5920,488,91,9,2026-06-10
2026-06-05,POS,PENDING,315,10436.89,282,33,4,9,2026-06-09
2026-06-05,POS,REJECTED,512,19691.64,474,38,10,9,2026-06-10
2026-06-05,TRANSFER,ACCEPTED,6275,212454.46,5793,482,89,9,2026-06-10
2026-06-05,TRANSFER,PENDING,277,8694.10,250,27,4,9,2026-06-10
2026-06-05,TRANSFER,REJECTED,590,19094.39,549,41,9,9,2026-06-10
2026-06-06,ATM,ACCEPTED,3398,114892.80,3122,276,106,9,2026-06-11
2026-06-06,ATM,PENDING,172,5510.15,157,15,6,9,2026-06-11
2026-06-06,ATM,REJECTED,335,12131.04,318,17,7,9,2026-06-11
2026-06-06,MOBILE,ACCEPTED,3374,109979.46,3120,254,113,9,2026-06-11
2026-06-06,MOBILE,PENDING,159,6189.67,146,13,2,9,2026-06-08
2026-06-06,MOBILE,REJECTED,316,8791.64,287,29,10,9,2026-06-10
2026-06-06,ONLINE,ACCEPTED,3410,113223.24,3159,251,104,9,2026-06-11
2026-06-06,ONLINE,PENDING,151,4145.21,136,15,3,9,2026-06-09
2026-06-06,ONLINE,REJECTED,331,9806.93,314,17,14,9,2026-06-11
2026-06-06,POS,ACCEPTED,3555,122223.28,3282,273,138,9,2026-06-11
2026-06-06,POS,PENDING,162,5583.80,149,13,4,9,2026-06-09
2026-06-06,POS,REJECTED,342,9903.70,304,38,5,9,2026-06-11
2026-06-06,TRANSFER,ACCEPTED,3412,118417.23,3150,262,115,9,2026-06-11
2026-06-06,TRANSFER,PENDING,140,4597.89,127,13,1,9,2026-06-09
2026-06-06,TRANSFER,REJECTED,332,10117.49,298,34,9,9,2026-06-11
2026-06-07,ATM,ACCEPTED,2397,83365.47,2204,193,127,9,2026-06-12
2026-06-07,ATM,PENDING,133,4947.06,123,10,5,9,2026-06-12
2026-06-07,ATM,REJECTED,248,7184.12,233,15,12,9,2026-06-12
2026-06-07,MOBILE,ACCEPTED,2498,82800.24,2290,208,107,9,2026-06-12
2026-06-07,MOBILE,PENDING,104,3180.18,93,11,4,9,2026-06-12
2026-06-07,MOBILE,REJECTED,224,7587.84,212,12,17,9,2026-06-12
2026-06-07,ONLINE,ACCEPTED,2506,82786.84,2309,197,118,9,2026-06-12
2026-06-07,ONLINE,PENDING,118,3889.71,109,9,5,9,2026-06-12
2026-06-07,ONLINE,REJECTED,242,8342.26,218,24,17,9,2026-06-12
2026-06-07,POS,ACCEPTED,2374,78169.84,2174,200,110,9,2026-06-12
2026-06-07,POS,PENDING,108,4009.73,98,10,4,9,2026-06-12
2026-06-07,POS,REJECTED,233,6775.69,208,25,17,9,2026-06-12
2026-06-07,TRANSFER,ACCEPTED,2360,74983.73,2153,207,121,9,2026-06-12
2026-06-07,TRANSFER,PENDING,109,3392.73,101,8,4,9,2026-06-12
2026-06-07,TRANSFER,REJECTED,223,9335.20,200,23,11,9,2026-06-12
2026-06-08,ATM,ACCEPTED,6612,228149.69,6083,529,109,9,2026-06-13
2026-06-08,ATM,PENDING,269,8466.33,249,20,4,9,2026-06-12
2026-06-08,ATM,REJECTED,602,19100.96,549,53,14,9,2026-06-12
2026-06-08,MOBILE,ACCEPTED,6446,216832.94,5934,512,108,9,2026-06-13
2026-06-08,MOBILE,PENDING,288,8693.38,265,23,5,9,2026-06-13
2026-06-08,MOBILE,REJECTED,609,20009.26,563,46,8,9,2026-06-13
2026-06-08,ONLINE,ACCEPTED,6326,215067.44,5855,471,113,9,2026-06-13
2026-06-08,ONLINE,PENDING,285,8178.39,263,22,4,9,2026-06-13
2026-06-08,ONLINE,REJECTED,608,21633.90,555,53,12,9,2026-06-13
2026-06-08,POS,ACCEPTED,6421,210119.71,5918,503,111,9,2026-06-13
2026-06-08,POS,PENDING,307,10329.87,275,32,4,9,2026-06-13
2026-06-08,POS,REJECTED,560,21320.48,515,45,6,9,2026-06-13
2026-06-08,TRANSFER,ACCEPTED,6417,209155.82,5874,543,99,9,2026-06-13
2026-06-08,TRANSFER,PENDING,301,8676.68,277,24,5,9,2026-06-13
2026-06-08,TRANSFER,REJECTED,624,18755.91,563,61,11,9,2026-06-13
2026-06-09,ATM,ACCEPTED,5418,179273.26,4990,428,103,9,2026-06-14
2026-06-09,ATM,PENDING,248,8931.80,227,21,6,9,2026-06-14
2026-06-09,ATM,REJECTED,487,18080.87,446,41,11,9,2026-06-14
2026-06-09,MOBILE,ACCEPTED,5421,187888.27,5029,392,101,9,2026-06-14
2026-06-09,MOBILE,PENDING,257,7625.84,231,26,5,9,2026-06-12
2026-06-09,MOBILE,REJECTED,474,14337.69,439,35,9,9,2026-06-14
2026-06-09,ONLINE,ACCEPTED,5456,192829.85,5004,452,87,9,2026-06-14
2026-06-09,ONLINE,PENDING,257,7316.93,240,17,4,9,2026-06-12
2026-06-09,ONLINE,REJECTED,451,15297.32,418,33,6,9,2026-06-13
2026-06-09,POS,ACCEPTED,5290,182349.57,4871,419,116,9,2026-06-14
2026-06-09,POS,PENDING,246,7766.85,227,19,6,9,2026-06-14
2026-06-09,POS,REJECTED,498,15867.30,461,37,9,9,2026-06-14
2026-06-09,TRANSFER,ACCEPTED,5509,184302.07,5057,452,104,9,2026-06-14
2026-06-09,TRANSFER,PENDING,280,7715.69,257,23,3,9,2026-06-11
2026-06-09,TRANSFER,REJECTED,507,16002.56,472,35,18,9,2026-06-14
2026-06-10,ATM,ACCEPTED,5708,197193.63,5274,434,103,9,2026-06-15
2026-06-10,ATM,PENDING,245,8326.71,223,22,2,9,2026-06-15
2026-06-10,ATM,REJECTED,511,15891.96,470,41,10,9,2026-06-15
2026-06-10,MOBILE,ACCEPTED,5727,187681.42,5260,467,113,9,2026-06-15
2026-06-10,MOBILE,PENDING,264,9088.36,247,17,3,9,2026-06-15
2026-06-10,MOBILE,REJECTED,517,16067.13,474,43,10,9,2026-06-15
2026-06-10,ONLINE,ACCEPTED,5758,189934.08,5304,454,118,9,2026-06-15
2026-06-10,ONLINE,PENDING,268,8010.84,250,18,4,9,2026-06-15
2026-06-10,ONLINE,REJECTED,556,19321.70,510,46,5,9,2026-06-15
2026-06-10,POS,ACCEPTED,5718,192172.69,5266,452,93,9,2026-06-15
2026-06-10,POS,PENDING,267,8440.09,252,15,7,9,2026-06-12
2026-06-10,POS,REJECTED,467,16717.36,437,30,11,9,2026-06-15
2026-06-10,TRANSFER,ACCEPTED,5618,189748.03,5177,441,93,9,2026-06-15
2026-06-10,TRANSFER,PENDING,254,7401.83,227,27,1,9,2026-06-11
2026-06-10,TRANSFER,REJECTED,503,14618.08,460,43,10,9,2026-06-15
2026-06-11,ATM,ACCEPTED,6366,216037.28,5886,480,112,9,2026-06-16
2026-06-11,ATM,PENDING,323,11378.42,295,28,8,9,2026-06-16
2026-06-11,ATM,REJECTED,539,16795.22,498,41,11,9,2026-06-16
2026-06-11,MOBILE,ACCEPTED,6359,223004.98,5861,498,79,9,2026-06-16
2026-06-11,MOBILE,PENDING,301,9194.89,277,24,2,9,2026-06-16
2026-06-11,MOBILE,REJECTED,567,19225.16,533,34,10,9,2026-06-16
2026-06-11,ONLINE,ACCEPTED,6292,216212.17,5804,488,95,9,2026-06-16
2026-06-11,ONLINE,PENDING,300,9113.41,273,27,3,9,2026-06-16
2026-06-11,ONLINE,REJECTED,549,17770.16,503,46,9,9,2026-06-16
2026-06-11,POS,ACCEPTED,6480,220018.91,5986,494,105,9,2026-06-16
2026-06-11,POS,PENDING,306,8381.14,282,24,3,9,2026-06-15
2026-06-11,POS,REJECTED,613,21160.62,567,46,8,9,2026-06-16
2026-06-11,TRANSFER,ACCEPTED,6427,214823.57,5909,518,115,9,2026-06-16
2026-06-11,TRANSFER,PENDING,268,8303.28,248,20,7,9,2026-06-15
2026-06-11,TRANSFER,REJECTED,573,21884.17,533,40,7,9,2026-06-16
2026-06-12,ATM,ACCEPTED,6598,217667.35,6090,508,111,9,2026-06-17
2026-06-12,ATM,PENDING,273,7885.35,240,33,3,9,2026-06-16
2026-06-12,ATM,REJECTED,626,20564.31,578,48,9,9,2026-06-17
2026-06-12,MOBILE,ACCEPTED,6678,224215.09,6113,565,82,9,2026-06-17
2026-06-12,MOBILE,PENDING,284,8852.41,262,22,8,9,2026-06-17
2026-06-12,MOBILE,REJECTED,644,22921.86,601,43,8,9,2026-06-17
2026-06-12,ONLINE,ACCEPTED,6550,214613.13,6022,528,85,9,2026-06-17
2026-06-12,ONLINE,PENDING,307,9889.10,284,23,5,9,2026-06-17
2026-06-12,ONLINE,REJECTED,639,18384.44,577,62,6,9,2026-06-17
2026-06-12,POS,ACCEPTED,6678,231029.46,6130,548,89,9,2026-06-17
2026-06-12,POS,PENDING,301,9990.71,266,35,3,9,2026-06-17
2026-06-12,POS,REJECTED,627,20632.62,565,62,9,9,2026-06-17
2026-06-12,TRANSFER,ACCEPTED,6624,234397.07,6099,525,107,9,2026-06-17
2026-06-12,TRANSFER,PENDING,325,11499.43,297,28,10,9,2026-06-17
2026-06-12,TRANSFER,REJECTED,559,18548.58,513,46,8,9,2026-06-17
2026-06-13,ATM,ACCEPTED,3306,115255.04,3047,259,113,9,2026-06-18
2026-06-13,ATM,PENDING,139,4500.49,131,8,4,9,2026-06-18
2026-06-13,ATM,REJECTED,310,9727.07,281,29,5,9,2026-06-18
2026-06-13,MOBILE,ACCEPTED,3372,115952.98,3089,283,105,9,2026-06-18
2026-06-13,MOBILE,PENDING,156,5012.39,147,9,4,9,2026-06-18
2026-06-13,MOBILE,REJECTED,316,11905.86,285,31,15,9,2026-06-18
2026-06-13,ONLINE,ACCEPTED,3419,115492.45,3176,243,114,9,2026-06-18
2026-06-13,ONLINE,PENDING,144,5274.67,130,14,4,9,2026-06-16
2026-06-13,ONLINE,REJECTED,318,10216.10,298,20,5,9,2026-06-17
2026-06-13,POS,ACCEPTED,3277,108260.19,3022,255,125,9,2026-06-18
2026-06-13,POS,PENDING,170,5972.27,153,17,16,9,2026-06-18
2026-06-13,POS,REJECTED,337,10365.26,301,36,14,9,2026-06-18
2026-06-13,TRANSFER,ACCEPTED,3314,113525.25,3073,241,116,9,2026-06-18
2026-06-13,TRANSFER,PENDING,144,5001.29,130,14,3,9,2026-06-18
2026-06-13,TRANSFER,REJECTED,281,9550.67,259,22,9,9,2026-06-18
2026-06-14,ATM,ACCEPTED,2437,77677.18,2226,211,129,9,2026-06-19
2026-06-14,ATM,PENDING,114,4012.25,102,12,2,9,2026-06-18
2026-06-14,ATM,REJECTED,212,7575.13,194,18,17,9,2026-06-19
2026-06-14,MOBILE,ACCEPTED,2417,81842.04,2228,189,146,9,2026-06-19
2026-06-14,MOBILE,PENDING,116,3393.92,114,2,6,9,2026-06-17
2026-06-14,MOBILE,REJECTED,221,6781.60,197,24,11,9,2026-06-19
2026-06-14,ONLINE,ACCEPTED,2404,75936.20,2222,182,115,9,2026-06-19
2026-06-14,ONLINE,PENDING,115,3764.77,110,5,6,9,2026-06-19
2026-06-14,ONLINE,REJECTED,214,6765.59,191,23,14,9,2026-06-19
2026-06-14,POS,ACCEPTED,2417,78942.67,2231,186,121,9,2026-06-19
2026-06-14,POS,PENDING,105,2932.28,94,11,5,9,2026-06-19
2026-06-14,POS,REJECTED,217,8589.21,194,23,15,9,2026-06-19
2026-06-14,TRANSFER,ACCEPTED,2348,78592.88,2164,184,106,9,2026-06-19
2026-06-14,TRANSFER,PENDING,105,3732.77,97,8,4,9,2026-06-17
2026-06-14,TRANSFER,REJECTED,213,6665.97,194,19,7,9,2026-06-18
2026-06-15,ATM,ACCEPTED,6948,229364.82,6417,531,115,9,2026-06-20
2026-06-15,ATM,PENDING,327,10735.63,306,21,4,9,2026-06-18
2026-06-15,ATM,REJECTED,628,18559.30,581,47,10,9,2026-06-20
2026-06-15,MOBILE,ACCEPTED,6904,232626.95,6351,553,103,9,2026-06-20
2026-06-15,MOBILE,PENDING,332,12786.97,301,31,5,9,2026-06-18
2026-06-15,MOBILE,REJECTED,645,21671.56,594,51,8,9,2026-06-19
2026-06-15,ONLINE,ACCEPTED,6830,229711.62,6314,516,112,9,2026-06-20
2026-06-15,ONLINE,PENDING,353,10889.47,324,29,4,9,2026-06-18
2026-06-15,ONLINE,REJECTED,622,21496.19,560,62,12,9,2026-06-19
2026-06-15,POS,ACCEPTED,6777,232831.01,6213,564,106,9,2026-06-20
2026-06-15,POS,PENDING,337,9792.27,312,25,8,9,2026-06-20
2026-06-15,POS,REJECTED,614,21227.16,560,54,15,9,2026-06-20
2026-06-15,TRANSFER,ACCEPTED,6780,225335.97,6230,550,110,9,2026-06-20
2026-06-15,TRANSFER,PENDING,317,10545.66,287,30,2,9,2026-06-17
2026-06-15,TRANSFER,REJECTED,614,22697.14,562,52,13,9,2026-06-20
2026-06-16,ATM,ACCEPTED,6644,222550.53,6119,525,97,9,2026-06-21
2026-06-16,ATM,PENDING,317,9369.36,283,34,6,9,2026-06-21
2026-06-16,ATM,REJECTED,609,20050.05,561,48,7,9,2026-06-19
2026-06-16,MOBILE,ACCEPTED,6485,212067.03,5920,565,95,9,2026-06-21
2026-06-16,MOBILE,PENDING,276,8896.84,257,19,2,9,2026-06-19
2026-06-16,MOBILE,REJECTED,579,16885.65,537,42,10,9,2026-06-19
2026-06-16,ONLINE,ACCEPTED,6540,219931.87,6041,499,91,9,2026-06-21
2026-06-16,ONLINE,PENDING,315,12585.49,300,15,5,9,2026-06-20
2026-06-16,ONLINE,REJECTED,615,16715.57,554,61,9,9,2026-06-21
2026-06-16,POS,ACCEPTED,6775,228864.55,6260,515,109,9,2026-06-21
2026-06-16,POS,PENDING,295,8361.37,272,23,5,9,2026-06-21
2026-06-16,POS,REJECTED,594,20756.12,559,35,8,9,2026-06-21
2026-06-16,TRANSFER,ACCEPTED,6493,217553.88,5961,532,93,9,2026-06-21
2026-06-16,TRANSFER,PENDING,320,11338.20,298,22,3,9,2026-06-19
2026-06-16,TRANSFER,REJECTED,575,18555.74,527,48,6,9,2026-06-21
2026-06-17,ATM,ACCEPTED,5579,184591.79,5147,432,111,9,2026-06-22
2026-06-17,ATM,PENDING,278,9647.27,254,24,2,9,2026-06-19
2026-06-17,ATM,REJECTED,554,19735.99,509,45,6,9,2026-06-22
2026-06-17,MOBILE,ACCEPTED,5705,193205.27,5272,433,106,9,2026-06-22
2026-06-17,MOBILE,PENDING,275,9112.80,257,18,5,9,2026-06-22
2026-06-17,MOBILE,REJECTED,512,18227.69,474,38,12,9,2026-06-22
2026-06-17,ONLINE,ACCEPTED,5756,190370.94,5313,443,88,9,2026-06-22
2026-06-17,ONLINE,PENDING,249,8115.28,227,22,7,9,2026-06-21
2026-06-17,ONLINE,REJECTED,536,16944.16,493,43,9,9,2026-06-22
2026-06-17,POS,ACCEPTED,5617,183873.44,5155,462,106,9,2026-06-22
2026-06-17,POS,PENDING,268,8866.00,242,26,3,9,2026-06-20
2026-06-17,POS,REJECTED,503,15701.70,461,42,10,9,2026-06-22
2026-06-17,TRANSFER,ACCEPTED,5585,192193.24,5137,448,80,9,2026-06-22
2026-06-17,TRANSFER,PENDING,252,8258.69,231,21,5,9,2026-06-22
2026-06-17,TRANSFER,REJECTED,547,21636.31,505,42,10,9,2026-06-22
2026-06-18,ATM,ACCEPTED,6408,215748.21,5890,518,95,9,2026-06-23
2026-06-18,ATM,PENDING,294,10820.40,267,27,3,9,2026-06-23
2026-06-18,ATM,REJECTED,593,19603.71,538,55,5,9,2026-06-23
2026-06-18,MOBILE,ACCEPTED,6494,209043.77,5973,521,93,9,2026-06-23
2026-06-18,MOBILE,PENDING,299,10888.12,273,26,6,9,2026-06-23
2026-06-18,MOBILE,REJECTED,558,18837.90,507,51,9,9,2026-06-23
2026-06-18,ONLINE,ACCEPTED,6357,207826.14,5809,548,92,9,2026-06-23
2026-06-18,ONLINE,PENDING,271,8285.76,248,23,4,9,2026-06-22
2026-06-18,ONLINE,REJECTED,631,23564.96,575,56,13,9,2026-06-23
2026-06-18,POS,ACCEPTED,6424,221132.82,5903,521,102,9,2026-06-23
2026-06-18,POS,PENDING,309,9644.51,284,25,5,9,2026-06-23
2026-06-18,POS,REJECTED,601,21429.91,558,43,12,9,2026-06-23
2026-06-18,TRANSFER,ACCEPTED,6438,214914.96,5913,525,107,9,2026-06-23
2026-06-18,TRANSFER,PENDING,314,12201.04,286,28,6,9,2026-06-23
2026-06-18,TRANSFER,REJECTED,607,21284.41,557,50,8,9,2026-06-23
2026-06-19,ATM,ACCEPTED,5802,201807.44,5332,470,83,9,2026-06-24
2026-06-19,ATM,PENDING,259,8825.73,242,17,5,9,2026-06-24
2026-06-19,ATM,REJECTED,563,17594.78,510,53,6,9,2026-06-24
2026-06-19,MOBILE,ACCEPTED,5679,195809.48,5241,438,93,9,2026-06-24
2026-06-19,MOBILE,PENDING,267,9817.01,253,14,3,9,2026-06-22
2026-06-19,MOBILE,REJECTED,522,18213.24,486,36,9,9,2026-06-24
2026-06-19,ONLINE,ACCEPTED,5667,190253.49,5202,465,92,9,2026-06-24
2026-06-19,ONLINE,PENDING,283,8821.84,264,19,3,9,2026-06-23
2026-06-19,ONLINE,REJECTED,514,17381.97,477,37,9,9,2026-06-24
2026-06-19,POS,ACCEPTED,5837,198853.26,5380,457,104,9,2026-06-24
2026-06-19,POS,PENDING,242,7475.02,221,21,6,9,2026-06-24
2026-06-19,POS,REJECTED,533,20393.49,486,47,8,9,2026-06-24
2026-06-19,TRANSFER,ACCEPTED,5709,191317.81,5236,473,97,9,2026-06-24
2026-06-19,TRANSFER,PENDING,281,8420.64,253,28,1,9,2026-06-22
2026-06-19,TRANSFER,REJECTED,553,17075.48,511,42,13,9,2026-06-24
2026-06-20,ATM,ACCEPTED,3040,105751.13,2808,232,92,9,2026-06-25
2026-06-20,ATM,PENDING,141,3813.36,133,8,4,9,2026-06-24
2026-06-20,ATM,REJECTED,235,7019.47,212,23,9,9,2026-06-25
2026-06-20,MOBILE,ACCEPTED,3033,98376.80,2779,254,92,9,2026-06-25
2026-06-20,MOBILE,PENDING,157,4600.81,144,13,6,9,2026-06-25
2026-06-20,MOBILE,REJECTED,249,7357.25,230,19,11,9,2026-06-25
2026-06-20,ONLINE,ACCEPTED,2974,103177.70,2750,224,107,9,2026-06-25
2026-06-20,ONLINE,PENDING,145,6076.49,131,14,6,9,2026-06-25
2026-06-20,ONLINE,REJECTED,263,8421.00,246,17,5,9,2026-06-24
2026-06-20,POS,ACCEPTED,3068,102809.51,2847,221,98,9,2026-06-25
2026-06-20,POS,PENDING,139,5926.76,125,14,5,9,2026-06-25
2026-06-20,POS,REJECTED,244,10391.03,228,16,11,9,2026-06-25
2026-06-20,TRANSFER,ACCEPTED,2988,105328.10,2765,223,117,9,2026-06-25
2026-06-20,TRANSFER,PENDING,115,3585.22,105,10,2,9,2026-06-22
2026-06-20,TRANSFER,REJECTED,290,8026.72,268,22,10,9,2026-06-25
2026-06-21,ATM,ACCEPTED,2659,92046.31,2437,222,128,9,2026-06-26
2026-06-21,ATM,PENDING,124,3432.13,116,8,5,9,2026-06-26
2026-06-21,ATM,REJECTED,268,8742.63,242,26,21,9,2026-06-26
2026-06-21,MOBILE,ACCEPTED,2622,85910.34,2433,189,128,9,2026-06-26
2026-06-21,MOBILE,PENDING,128,4600.97,116,12,6,9,2026-06-25
2026-06-21,MOBILE,REJECTED,268,8877.90,246,22,10,9,2026-06-26
2026-06-21,ONLINE,ACCEPTED,2698,89584.00,2498,200,132,9,2026-06-26
2026-06-21,ONLINE,PENDING,117,3414.00,108,9,5,9,2026-06-26
2026-06-21,ONLINE,REJECTED,272,9510.14,242,30,11,9,2026-06-26
2026-06-21,POS,ACCEPTED,2766,96582.79,2565,201,129,9,2026-06-26
2026-06-21,POS,PENDING,114,3790.16,107,7,7,9,2026-06-26
2026-06-21,POS,REJECTED,235,8409.62,208,27,10,9,2026-06-26
2026-06-21,TRANSFER,ACCEPTED,2647,89845.71,2439,208,105,9,2026-06-26
2026-06-21,TRANSFER,PENDING,115,4105.78,108,7,3,9,2026-06-26
2026-06-21,TRANSFER,REJECTED,240,7153.43,218,22,17,9,2026-06-26
2026-06-22,ATM,ACCEPTED,5822,193453.21,5366,456,111,9,2026-06-27
2026-06-22,ATM,PENDING,269,8839.29,248,21,5,9,2026-06-26
2026-06-22,ATM,REJECTED,548,19534.16,508,40,16,9,2026-06-27
2026-06-22,MOBILE,ACCEPTED,5872,196427.73,5414,458,114,9,2026-06-27
2026-06-22,MOBILE,PENDING,270,8834.75,253,17,6,9,2026-06-26
2026-06-22,MOBILE,REJECTED,505,16506.86,462,43,12,9,2026-06-27
2026-06-22,ONLINE,ACCEPTED,5907,203114.67,5426,481,116,9,2026-06-27
2026-06-22,ONLINE,PENDING,260,7145.42,235,25,4,9,2026-06-26
2026-06-22,ONLINE,REJECTED,548,20299.53,505,43,6,9,2026-06-27
2026-06-22,POS,ACCEPTED,5854,202778.32,5407,447,115,9,2026-06-27
2026-06-22,POS,PENDING,288,10596.50,265,23,5,9,2026-06-26
2026-06-22,POS,REJECTED,553,18561.23,508,45,8,9,2026-06-27
2026-06-22,TRANSFER,ACCEPTED,5835,195772.37,5378,457,113,9,2026-06-27
2026-06-22,TRANSFER,PENDING,287,8899.99,261,26,6,9,2026-06-27
2026-06-22,TRANSFER,REJECTED,512,16878.20,465,47,13,9,2026-06-27
2026-06-23,ATM,ACCEPTED,6203,207825.84,5752,451,104,9,2026-06-28
2026-06-23,ATM,PENDING,264,7437.67,239,25,4,9,2026-06-27
2026-06-23,ATM,REJECTED,575,17562.42,527,48,5,9,2026-06-28
2026-06-23,MOBILE,ACCEPTED,6121,210172.23,5660,461,98,9,2026-06-28
2026-06-23,MOBILE,PENDING,297,9090.17,269,28,2,9,2026-06-25
2026-06-23,MOBILE,REJECTED,561,18800.18,517,44,4,9,2026-06-27
2026-06-23,ONLINE,ACCEPTED,6221,211099.64,5758,463,95,9,2026-06-28
2026-06-23,ONLINE,PENDING,303,10668.44,278,25,6,9,2026-06-26
2026-06-23,ONLINE,REJECTED,580,18063.23,530,50,5,9,2026-06-28
2026-06-23,POS,ACCEPTED,6269,207667.95,5776,493,90,9,2026-06-28
2026-06-23,POS,PENDING,313,11741.23,288,25,6,9,2026-06-28
2026-06-23,POS,REJECTED,591,20492.24,537,54,9,9,2026-06-28
2026-06-23,TRANSFER,ACCEPTED,6186,207913.69,5686,500,93,9,2026-06-28
2026-06-23,TRANSFER,PENDING,277,10266.30,258,19,3,9,2026-06-27
2026-06-23,TRANSFER,REJECTED,568,16581.18,514,54,4,9,2026-06-25
2026-06-24,ATM,ACCEPTED,5960,206566.75,5493,467,97,9,2026-06-29
2026-06-24,ATM,PENDING,284,9005.16,263,21,3,9,2026-06-29
2026-06-24,ATM,REJECTED,548,18262.52,492,56,10,9,2026-06-29
2026-06-24,MOBILE,ACCEPTED,6088,209635.62,5602,486,104,9,2026-06-29
2026-06-24,MOBILE,PENDING,332,12986.05,297,35,5,9,2026-06-29
2026-06-24,MOBILE,REJECTED,566,20129.87,521,45,16,9,2026-06-29
2026-06-24,ONLINE,ACCEPTED,6135,213367.90,5611,524,104,9,2026-06-29
2026-06-24,ONLINE,PENDING,296,9516.02,265,31,2,9,2026-06-29
2026-06-24,ONLINE,REJECTED,542,17493.51,505,37,5,9,2026-06-29
2026-06-24,POS,ACCEPTED,6120,203750.83,5647,473,95,9,2026-06-29
2026-06-24,POS,PENDING,282,8503.84,260,22,2,9,2026-06-26
2026-06-24,POS,REJECTED,553,15019.75,503,50,7,9,2026-06-29
2026-06-24,TRANSFER,ACCEPTED,6057,201025.98,5583,474,91,9,2026-06-29
2026-06-24,TRANSFER,PENDING,284,9039.92,256,28,7,9,2026-06-29
2026-06-24,TRANSFER,REJECTED,551,20902.08,513,38,7,9,2026-06-29
2026-06-25,ATM,ACCEPTED,6125,213386.38,5658,467,105,9,2026-06-30
2026-06-25,ATM,PENDING,265,7765.44,240,25,6,9,2026-06-30
2026-06-25,ATM,REJECTED,610,20596.42,553,57,9,9,2026-06-30
2026-06-25,MOBILE,ACCEPTED,6202,213140.35,5701,501,78,9,2026-06-30
2026-06-25,MOBILE,PENDING,267,10736.85,241,26,5,9,2026-06-30
2026-06-25,MOBILE,REJECTED,590,19262.79,539,51,10,9,2026-06-30
2026-06-25,ONLINE,ACCEPTED,6337,204300.55,5818,519,89,9,2026-06-30
2026-06-25,ONLINE,PENDING,278,8136.30,251,27,6,9,2026-06-30
2026-06-25,ONLINE,REJECTED,514,18383.05,481,33,9,9,2026-06-30
2026-06-25,POS,ACCEPTED,6308,217459.66,5826,482,92,9,2026-06-30
2026-06-25,POS,PENDING,347,11907.73,323,24,8,9,2026-06-30
2026-06-25,POS,REJECTED,555,22957.45,512,43,9,9,2026-06-30
2026-06-25,TRANSFER,ACCEPTED,6198,202153.77,5686,512,106,9,2026-06-30
2026-06-25,TRANSFER,PENDING,312,11802.37,284,28,5,9,2026-06-30
2026-06-25,TRANSFER,REJECTED,557,19939.96,516,41,10,9,2026-06-30
2026-06-26,ATM,ACCEPTED,5764,191734.15,5296,468,118,9,2026-07-01
2026-06-26,ATM,PENDING,244,7506.79,220,24,3,9,2026-06-30
2026-06-26,ATM,REJECTED,526,16808.97,477,49,8,9,2026-07-01
2026-06-26,MOBILE,ACCEPTED,5750,204507.74,5269,481,108,9,2026-07-01
2026-06-26,MOBILE,PENDING,277,9276.61,260,17,5,9,2026-06-30
2026-06-26,MOBILE,REJECTED,571,18437.62,524,47,9,9,2026-07-01
2026-06-26,ONLINE,ACCEPTED,5659,201267.00,5223,436,102,9,2026-07-01
2026-06-26,ONLINE,PENDING,247,8709.75,219,28,2,9,2026-06-30
2026-06-26,ONLINE,REJECTED,483,16575.50,446,37,7,9,2026-06-30
2026-06-26,POS,ACCEPTED,5733,189362.09,5302,431,90,9,2026-07-01
2026-06-26,POS,PENDING,252,8817.99,237,15,7,9,2026-07-01
2026-06-26,POS,REJECTED,516,17331.81,479,37,19,9,2026-07-01
2026-06-26,TRANSFER,ACCEPTED,5630,185067.01,5189,441,83,9,2026-07-01
2026-06-26,TRANSFER,PENDING,266,8408.97,249,17,5,9,2026-07-01
2026-06-26,TRANSFER,REJECTED,548,18529.64,505,43,10,9,2026-07-01
2026-06-27,ATM,ACCEPTED,3142,105374.74,2890,252,110,9,2026-07-02
2026-06-27,ATM,PENDING,150,5270.88,134,16,6,9,2026-07-02
2026-06-27,ATM,REJECTED,290,10036.09,268,22,13,9,2026-07-02
2026-06-27,MOBILE,ACCEPTED,3262,119301.37,3015,247,119,9,2026-07-02
2026-06-27,MOBILE,PENDING,152,6265.06,140,12,7,9,2026-07-01
2026-06-27,MOBILE,REJECTED,285,9271.36,255,30,8,9,2026-07-02
2026-06-27,ONLINE,ACCEPTED,3104,109541.16,2886,218,122,9,2026-07-02
2026-06-27,ONLINE,PENDING,120,3859.22,114,6,0,9,2026-06-27
2026-06-27,ONLINE,REJECTED,278,9017.97,257,21,12,9,2026-07-02
2026-06-27,POS,ACCEPTED,3203,104580.04,2958,245,116,9,2026-07-02
2026-06-27,POS,PENDING,156,5602.12,148,8,10,9,2026-07-02
2026-06-27,POS,REJECTED,309,9645.49,283,26,9,9,2026-07-02
2026-06-27,TRANSFER,ACCEPTED,3171,105963.19,2923,248,94,9,2026-07-02
2026-06-27,TRANSFER,PENDING,145,3430.46,133,12,6,9,2026-07-02
2026-06-27,TRANSFER,REJECTED,278,9872.92,255,23,5,9,2026-07-02
2026-06-28,ATM,ACCEPTED,2747,94671.05,2513,234,129,9,2026-07-03
2026-06-28,ATM,PENDING,154,6101.51,145,9,7,9,2026-07-03
2026-06-28,ATM,REJECTED,262,9038.10,245,17,10,9,2026-07-03
2026-06-28,MOBILE,ACCEPTED,2868,96247.38,2658,210,130,9,2026-07-03
2026-06-28,MOBILE,PENDING,119,3795.69,106,13,2,9,2026-07-02
2026-06-28,MOBILE,REJECTED,252,7624.75,229,23,12,9,2026-07-03
2026-06-28,ONLINE,ACCEPTED,2762,95771.33,2563,199,134,9,2026-07-03
2026-06-28,ONLINE,PENDING,126,3187.50,116,10,3,9,2026-07-01
2026-06-28,ONLINE,REJECTED,269,8483.50,238,31,10,9,2026-07-03
2026-06-28,POS,ACCEPTED,2859,97704.24,2613,246,130,9,2026-07-03
2026-06-28,POS,PENDING,118,4802.88,108,10,7,9,2026-07-03
2026-06-28,POS,REJECTED,291,9782.25,272,19,12,9,2026-07-03
2026-06-28,TRANSFER,ACCEPTED,2737,94829.13,2516,221,122,9,2026-07-03
2026-06-28,TRANSFER,PENDING,138,4972.16,127,11,10,9,2026-07-03
2026-06-28,TRANSFER,REJECTED,243,7787.77,220,23,12,9,2026-07-03
2026-06-29,ATM,ACCEPTED,6503,217420.92,5989,514,110,9,2026-07-04
2026-06-29,ATM,PENDING,268,6960.72,246,22,1,9,2026-07-02
2026-06-29,ATM,REJECTED,601,17313.49,555,46,10,9,2026-07-04
2026-06-29,MOBILE,ACCEPTED,6496,221372.43,5975,521,112,9,2026-07-04
2026-06-29,MOBILE,PENDING,284,8419.15,252,32,5,9,2026-07-03
2026-06-29,MOBILE,REJECTED,585,20439.25,541,44,15,9,2026-07-04
2026-06-29,ONLINE,ACCEPTED,6487,213171.68,5951,536,130,9,2026-07-04
2026-06-29,ONLINE,PENDING,311,8777.86,277,34,6,9,2026-07-02
2026-06-29,ONLINE,REJECTED,578,19120.05,523,55,7,9,2026-07-04
2026-06-29,POS,ACCEPTED,6490,224407.49,5963,527,120,9,2026-07-04
2026-06-29,POS,PENDING,303,9436.48,277,26,10,9,2026-07-04
2026-06-29,POS,REJECTED,661,22471.78,600,61,10,9,2026-07-04
2026-06-29,TRANSFER,ACCEPTED,6523,226096.77,6029,494,121,9,2026-07-04
2026-06-29,TRANSFER,PENDING,311,9427.83,280,31,7,9,2026-07-04
2026-06-29,TRANSFER,REJECTED,611,18066.91,552,59,9,9,2026-07-03
2026-06-30,ATM,ACCEPTED,6852,224407.27,6306,546,88,9,2026-07-05
2026-06-30,ATM,PENDING,325,10080.73,306,19,6,9,2026-07-05
2026-06-30,ATM,REJECTED,675,25364.90,620,55,13,9,2026-07-05
2026-06-30,MOBILE,ACCEPTED,6685,227909.72,6168,517,91,9,2026-07-05
2026-06-30,MOBILE,PENDING,315,9949.98,286,29,3,9,2026-07-03
2026-06-30,MOBILE,REJECTED,632,20439.23,586,46,6,9,2026-07-05
2026-06-30,ONLINE,ACCEPTED,6768,229894.18,6229,539,114,9,2026-07-05
2026-06-30,ONLINE,PENDING,316,10671.40,297,19,5,9,2026-07-04
2026-06-30,ONLINE,REJECTED,589,18719.76,538,51,8,9,2026-07-03
2026-06-30,POS,ACCEPTED,6758,230881.32,6226,532,106,9,2026-07-05
2026-06-30,POS,PENDING,282,9873.09,255,27,6,9,2026-07-03
2026-06-30,POS,REJECTED,628,21186.05,585,43,8,9,2026-07-05
2026-06-30,TRANSFER,ACCEPTED,6721,222807.44,6181,540,108,9,2026-07-05
2026-06-30,TRANSFER,PENDING,303,9583.28,277,26,5,9,2026-07-03
2026-06-30,TRANSFER,REJECTED,589,21711.82,544,45,6,9,2026-07-05
2026-07-01,ATM,ACCEPTED,5555,189626.56,5148,407,83,9,2026-07-06
2026-07-01,ATM,PENDING,288,9593.05,266,22,1,9,2026-07-04
2026-07-01,ATM,REJECTED,550,18965.97,499,51,10,9,2026-07-06
2026-07-01,MOBILE,ACCEPTED,5703,193818.73,5248,455,99,9,2026-07-06
2026-07-01,MOBILE,PENDING,287,8303.49,255,32,6,9,2026-07-06
2026-07-01,MOBILE,REJECTED,538,17656.38,481,57,13,9,2026-07-06
2026-07-01,ONLINE,ACCEPTED,5926,206701.57,5460,466,97,9,2026-07-06
2026-07-01,ONLINE,PENDING,260,10975.07,238,22,1,9,2026-07-04
2026-07-01,ONLINE,REJECTED,542,17459.96,504,38,21,9,2026-07-06
2026-07-01,POS,ACCEPTED,5744,192569.40,5270,474,107,9,2026-07-06
2026-07-01,POS,PENDING,299,10877.97,274,25,6,9,2026-07-06
2026-07-01,POS,REJECTED,537,17258.60,486,51,12,9,2026-07-04
2026-07-01,TRANSFER,ACCEPTED,5832,193201.16,5372,460,100,9,2026-07-06
2026-07-01,TRANSFER,PENDING,259,8597.39,241,18,7,9,2026-07-06
2026-07-01,TRANSFER,REJECTED,501,14587.20,460,41,8,9,2026-07-06
2026-07-02,ATM,ACCEPTED,6242,208766.18,5749,493,103,9,2026-07-07
2026-07-02,ATM,PENDING,285,10080.31,269,16,5,9,2026-07-07
2026-07-02,ATM,REJECTED,550,19443.41,502,48,9,9,2026-07-06
2026-07-02,MOBILE,ACCEPTED,6172,202038.05,5698,474,95,9,2026-07-07
2026-07-02,MOBILE,PENDING,298,9633.94,278,20,3,9,2026-07-07
2026-07-02,MOBILE,REJECTED,590,21062.07,534,56,11,9,2026-07-07
2026-07-02,ONLINE,ACCEPTED,6246,214142.25,5735,511,87,9,2026-07-07
2026-07-02,ONLINE,PENDING,323,9858.01,296,27,6,9,2026-07-07
2026-07-02,ONLINE,REJECTED,576,18823.74,546,30,14,9,2026-07-07
2026-07-02,POS,ACCEPTED,6152,207521.74,5663,489,113,9,2026-07-07
2026-07-02,POS,PENDING,298,10015.44,279,19,2,9,2026-07-04
2026-07-02,POS,REJECTED,560,18071.36,507,53,13,9,2026-07-07
2026-07-02,TRANSFER,ACCEPTED,6347,218077.21,5826,521,130,9,2026-07-07
2026-07-02,TRANSFER,PENDING,308,9559.10,291,17,5,9,2026-07-06
2026-07-02,TRANSFER,REJECTED,581,19109.51,543,38,11,9,2026-07-07
2026-07-03,ATM,ACCEPTED,6560,214306.45,6017,543,109,9,2026-07-08
2026-07-03,ATM,PENDING,304,9373.28,273,31,3,9,2026-07-08
2026-07-03,ATM,REJECTED,603,22939.99,556,47,16,9,2026-07-08
2026-07-03,MOBILE,ACCEPTED,6466,220582.58,5947,519,89,9,2026-07-08
2026-07-03,MOBILE,PENDING,317,12326.94,295,22,8,9,2026-07-08
2026-07-03,MOBILE,REJECTED,639,21053.82,590,49,17,9,2026-07-08
2026-07-03,ONLINE,ACCEPTED,6594,212080.29,6089,505,105,9,2026-07-08
2026-07-03,ONLINE,PENDING,303,11957.91,280,23,3,9,2026-07-07
2026-07-03,ONLINE,REJECTED,581,20702.90,543,38,13,9,2026-07-08
2026-07-03,POS,ACCEPTED,6588,213521.21,6046,542,89,9,2026-07-08
2026-07-03,POS,PENDING,315,9355.65,290,25,6,9,2026-07-08
2026-07-03,POS,REJECTED,586,17535.68,529,57,10,9,2026-07-08
2026-07-03,TRANSFER,ACCEPTED,6613,222118.16,6080,533,112,9,2026-07-08
2026-07-03,TRANSFER,PENDING,299,10680.56,279,20,6,9,2026-07-08
2026-07-03,TRANSFER,REJECTED,592,19891.38,538,54,13,9,2026-07-08
2026-07-04,ATM,ACCEPTED,3675,125789.12,3370,305,110,9,2026-07-09
2026-07-04,ATM,PENDING,177,5879.75,155,22,6,9,2026-07-09
2026-07-04,ATM,REJECTED,352,12110.12,332,20,13,9,2026-07-09
2026-07-04,MOBILE,ACCEPTED,3666,122327.50,3364,302,104,9,2026-07-09
2026-07-04,MOBILE,PENDING,171,4711.93,151,20,7,9,2026-07-09
2026-07-04,MOBILE,REJECTED,366,12084.07,340,26,10,9,2026-07-09
2026-07-04,ONLINE,ACCEPTED,3530,120477.79,3261,269,113,9,2026-07-09
2026-07-04,ONLINE,PENDING,144,4304.81,133,11,5,9,2026-07-07
2026-07-04,ONLINE,REJECTED,335,10963.94,313,22,9,9,2026-07-09
2026-07-04,POS,ACCEPTED,3639,120470.10,3363,276,108,9,2026-07-09
2026-07-04,POS,PENDING,166,6047.63,151,15,8,9,2026-07-09
2026-07-04,POS,REJECTED,320,12200.94,301,19,12,9,2026-07-09
2026-07-04,TRANSFER,ACCEPTED,3704,123893.57,3377,327,110,9,2026-07-09
2026-07-04,TRANSFER,PENDING,168,6132.54,157,11,4,9,2026-07-09
2026-07-04,TRANSFER,REJECTED,328,10719.84,308,20,7,9,2026-07-09
2026-07-05,ATM,ACCEPTED,2350,77093.64,2166,184,129,9,2026-07-10
2026-07-05,ATM,PENDING,125,3201.18,115,10,4,9,2026-07-10
2026-07-05,ATM,REJECTED,220,8467.31,202,18,17,9,2026-07-10
2026-07-05,MOBILE,ACCEPTED,2263,83203.59,2087,176,107,9,2026-07-10
2026-07-05,MOBILE,PENDING,119,3566.75,106,13,6,9,2026-07-10
2026-07-05,MOBILE,REJECTED,206,6553.51,191,15,10,9,2026-07-10
2026-07-05,ONLINE,ACCEPTED,2411,76423.86,2216,195,115,9,2026-07-10
2026-07-05,ONLINE,PENDING,107,2932.64,102,5,11,9,2026-07-10
2026-07-05,ONLINE,REJECTED,242,8744.93,234,8,14,9,2026-07-10
2026-07-05,POS,ACCEPTED,2370,77655.00,2195,175,132,9,2026-07-10
2026-07-05,POS,PENDING,111,4603.24,105,6,5,9,2026-07-10
2026-07-05,POS,REJECTED,207,8852.74,194,13,12,9,2026-07-10
2026-07-05,TRANSFER,ACCEPTED,2389,77741.33,2195,194,142,9,2026-07-10
2026-07-05,TRANSFER,PENDING,107,4542.67,104,3,6,9,2026-07-10
2026-07-05,TRANSFER,REJECTED,199,8158.64,187,12,14,9,2026-07-10
2026-07-06,ATM,ACCEPTED,6710,232860.63,6198,512,91,9,2026-07-11
2026-07-06,ATM,PENDING,314,11917.68,283,31,7,9,2026-07-10
2026-07-06,ATM,REJECTED,595,23029.12,550,45,14,9,2026-07-11
2026-07-06,MOBILE,ACCEPTED,6635,219238.20,6131,504,100,9,2026-07-11
2026-07-06,MOBILE,PENDING,334,10813.47,311,23,6,9,2026-07-10
2026-07-06,MOBILE,REJECTED,633,18004.28,587,46,9,9,2026-07-10
2026-07-06,ONLINE,ACCEPTED,6763,232988.48,6224,539,98,9,2026-07-11
2026-07-06,ONLINE,PENDING,314,12368.59,286,28,1,9,2026-07-07
2026-07-06,ONLINE,REJECTED,589,20775.04,546,43,9,9,2026-07-11
2026-07-06,POS,ACCEPTED,6722,231970.30,6180,542,100,9,2026-07-11
2026-07-06,POS,PENDING,323,11081.00,289,34,3,9,2026-07-11
2026-07-06,POS,REJECTED,644,22620.60,584,60,14,9,2026-07-11
2026-07-06,TRANSFER,ACCEPTED,6776,225615.65,6228,548,95,9,2026-07-11
2026-07-06,TRANSFER,PENDING,344,11790.00,312,32,4,9,2026-07-11
2026-07-06,TRANSFER,REJECTED,609,22902.45,571,38,10,9,2026-07-10
2026-07-07,ATM,ACCEPTED,6183,204281.70,5683,500,97,9,2026-07-12
2026-07-07,ATM,PENDING,312,9797.36,289,23,6,9,2026-07-10
2026-07-07,ATM,REJECTED,570,19768.20,529,41,11,9,2026-07-12
2026-07-07,MOBILE,ACCEPTED,6195,201678.66,5733,462,101,9,2026-07-12
2026-07-07,MOBILE,PENDING,280,9976.60,255,25,5,9,2026-07-11
2026-07-07,MOBILE,REJECTED,578,19015.40,549,29,9,9,2026-07-12
2026-07-07,ONLINE,ACCEPTED,6258,207845.40,5788,470,100,9,2026-07-12
2026-07-07,ONLINE,PENDING,284,10382.79,269,15,7,9,2026-07-11
2026-07-07,ONLINE,REJECTED,542,15682.02,488,54,10,9,2026-07-12
2026-07-07,POS,ACCEPTED,6152,208000.64,5669,483,102,9,2026-07-12
2026-07-07,POS,PENDING,230,6860.99,210,20,2,9,2026-07-11
2026-07-07,POS,REJECTED,570,19831.49,527,43,7,9,2026-07-11
2026-07-07,TRANSFER,ACCEPTED,5989,196559.69,5512,477,87,9,2026-07-12
2026-07-07,TRANSFER,PENDING,267,9176.01,240,27,7,9,2026-07-10
2026-07-07,TRANSFER,REJECTED,551,19481.09,507,44,10,9,2026-07-12
2026-07-08,ATM,ACCEPTED,6309,207401.76,5824,485,89,9,2026-07-13
2026-07-08,ATM,PENDING,293,9154.81,267,26,2,9,2026-07-13
2026-07-08,ATM,REJECTED,566,18820.83,515,51,6,9,2026-07-13
2026-07-08,MOBILE,ACCEPTED,6350,211402.48,5891,459,103,9,2026-07-13
2026-07-08,MOBILE,PENDING,285,8704.03,267,18,5,9,2026-07-13
2026-07-08,MOBILE,REJECTED,591,21082.63,538,53,13,9,2026-07-13
2026-07-08,ONLINE,ACCEPTED,6313,209223.89,5810,503,95,9,2026-07-13
2026-07-08,ONLINE,PENDING,313,9525.60,290,23,3,9,2026-07-13
2026-07-08,ONLINE,REJECTED,571,18022.75,526,45,7,9,2026-07-13
2026-07-08,POS,ACCEPTED,6299,207772.38,5758,541,80,9,2026-07-13
2026-07-08,POS,PENDING,287,11606.51,272,15,3,9,2026-07-10
2026-07-08,POS,REJECTED,583,20456.51,546,37,13,9,2026-07-13
2026-07-08,TRANSFER,ACCEPTED,6217,202602.85,5715,502,103,9,2026-07-13
2026-07-08,TRANSFER,PENDING,278,8174.52,265,13,1,9,2026-07-09
2026-07-08,TRANSFER,REJECTED,556,18235.66,516,40,9,9,2026-07-13
2026-07-09,ATM,ACCEPTED,5599,185638.36,5122,477,83,9,2026-07-14
2026-07-09,ATM,PENDING,266,8158.00,242,24,6,9,2026-07-14
2026-07-09,ATM,REJECTED,516,18217.52,470,46,9,9,2026-07-14
2026-07-09,MOBILE,ACCEPTED,5508,179984.42,5055,453,106,9,2026-07-14
2026-07-09,MOBILE,PENDING,242,8344.08,224,18,2,9,2026-07-13
2026-07-09,MOBILE,REJECTED,553,18337.30,511,42,5,9,2026-07-14
2026-07-09,ONLINE,ACCEPTED,5601,188572.64,5193,408,94,9,2026-07-14
2026-07-09,ONLINE,PENDING,255,9284.60,236,19,5,9,2026-07-14
2026-07-09,ONLINE,REJECTED,491,17467.59,446,45,6,9,2026-07-14
2026-07-09,POS,ACCEPTED,5571,187248.71,5150,421,87,9,2026-07-14
2026-07-09,POS,PENDING,279,11371.00,259,20,2,9,2026-07-12
2026-07-09,POS,REJECTED,503,17199.07,460,43,8,9,2026-07-14
2026-07-09,TRANSFER,ACCEPTED,5580,189617.57,5157,423,103,9,2026-07-14
2026-07-09,TRANSFER,PENDING,274,8201.87,243,31,7,9,2026-07-14
2026-07-09,TRANSFER,REJECTED,511,18986.70,471,40,10,9,2026-07-14
2026-07-10,ATM,ACCEPTED,6041,200099.38,5527,514,102,9,2026-07-15
2026-07-10,ATM,PENDING,281,7721.97,263,18,6,9,2026-07-15
2026-07-10,ATM,REJECTED,552,17832.79,507,45,10,9,2026-07-15
2026-07-10,MOBILE,ACCEPTED,6041,205923.48,5550,491,104,9,2026-07-15
2026-07-10,MOBILE,PENDING,285,10078.63,264,21,6,9,2026-07-14
2026-07-10,MOBILE,REJECTED,562,19659.48,518,44,14,9,2026-07-15
2026-07-10,ONLINE,ACCEPTED,6063,202899.93,5593,470,91,9,2026-07-15
2026-07-10,ONLINE,PENDING,270,10156.15,251,19,4,9,2026-07-15
2026-07-10,ONLINE,REJECTED,572,20170.89,528,44,10,9,2026-07-15
2026-07-10,POS,ACCEPTED,6024,196911.04,5541,483,98,9,2026-07-15
2026-07-10,POS,PENDING,291,7797.19,267,24,1,9,2026-07-14
2026-07-10,POS,REJECTED,568,18007.65,525,43,15,9,2026-07-15
2026-07-10,TRANSFER,ACCEPTED,6158,208245.33,5647,511,103,9,2026-07-15
2026-07-10,TRANSFER,PENDING,287,8470.30,271,16,7,9,2026-07-15
2026-07-10,TRANSFER,REJECTED,566,21034.90,514,52,4,9,2026-07-14
2026-07-11,ATM,ACCEPTED,3351,112051.55,3052,299,121,9,2026-07-16
2026-07-11,ATM,PENDING,154,4447.58,139,15,4,9,2026-07-16
2026-07-11,ATM,REJECTED,312,10886.24,283,29,8,9,2026-07-16
2026-07-11,MOBILE,ACCEPTED,3187,109635.27,2950,237,99,9,2026-07-16
2026-07-11,MOBILE,PENDING,147,5204.54,142,5,3,9,2026-07-15
2026-07-11,MOBILE,REJECTED,309,9317.29,287,22,11,9,2026-07-16
2026-07-11,ONLINE,ACCEPTED,3483,112820.20,3187,296,93,9,2026-07-16
2026-07-11,ONLINE,PENDING,147,4965.31,135,12,5,9,2026-07-15
2026-07-11,ONLINE,REJECTED,296,9647.49,274,22,12,9,2026-07-16
2026-07-11,POS,ACCEPTED,3383,117888.49,3124,259,121,9,2026-07-16
2026-07-11,POS,PENDING,154,4574.42,135,19,4,9,2026-07-14
2026-07-11,POS,REJECTED,353,10471.42,330,23,11,9,2026-07-16
2026-07-11,TRANSFER,ACCEPTED,3461,124065.56,3151,310,117,9,2026-07-16
2026-07-11,TRANSFER,PENDING,150,3990.49,137,13,5,9,2026-07-15
2026-07-11,TRANSFER,REJECTED,271,13745.48,255,16,6,9,2026-07-16
2026-07-12,ATM,ACCEPTED,2399,78173.30,2196,203,113,9,2026-07-17
2026-07-12,ATM,PENDING,114,4116.61,107,7,10,9,2026-07-17
2026-07-12,ATM,REJECTED,178,5294.82,167,11,4,9,2026-07-15
2026-07-12,MOBILE,ACCEPTED,2392,79188.72,2195,197,100,9,2026-07-17
2026-07-12,MOBILE,PENDING,94,3243.43,83,11,9,9,2026-07-17
2026-07-12,MOBILE,REJECTED,230,7720.68,215,15,12,9,2026-07-17
2026-07-12,ONLINE,ACCEPTED,2307,76705.68,2101,206,114,9,2026-07-17
2026-07-12,ONLINE,PENDING,97,3514.52,85,12,5,9,2026-07-17
2026-07-12,ONLINE,REJECTED,209,6492.00,199,10,11,9,2026-07-17
2026-07-12,POS,ACCEPTED,2436,80377.27,2229,207,128,9,2026-07-17
2026-07-12,POS,PENDING,116,4055.49,109,7,5,9,2026-07-17
2026-07-12,POS,REJECTED,209,8216.85,190,19,16,9,2026-07-17
2026-07-12,TRANSFER,ACCEPTED,2336,70266.04,2136,200,125,9,2026-07-17
2026-07-12,TRANSFER,PENDING,109,3404.40,101,8,4,9,2026-07-17
2026-07-12,TRANSFER,REJECTED,226,7020.46,202,24,12,9,2026-07-17
2026-07-13,ATM,ACCEPTED,5610,194018.06,5167,443,100,9,2026-07-18
2026-07-13,ATM,PENDING,268,10957.88,241,27,3,9,2026-07-17
2026-07-13,ATM,REJECTED,515,15623.94,465,50,10,9,2026-07-17
2026-07-13,MOBILE,ACCEPTED,5690,187396.93,5236,454,106,9,2026-07-18
2026-07-13,MOBILE,PENDING,272,9339.81,259,13,4,9,2026-07-16
2026-07-13,MOBILE,REJECTED,496,15552.09,454,42,11,9,2026-07-17
2026-07-13,ONLINE,ACCEPTED,5586,198306.76,5157,429,104,9,2026-07-18
2026-07-13,ONLINE,PENDING,267,9442.17,244,23,4,9,2026-07-17
2026-07-13,ONLINE,REJECTED,516,16659.90,473,43,8,9,2026-07-17
2026-07-13,POS,ACCEPTED,5614,184228.39,5143,471,107,9,2026-07-18
2026-07-13,POS,PENDING,271,9330.86,249,22,7,9,2026-07-18
2026-07-13,POS,REJECTED,486,15627.70,451,35,6,9,2026-07-16
2026-07-13,TRANSFER,ACCEPTED,5574,188718.96,5146,428,114,9,2026-07-18
2026-07-13,TRANSFER,PENDING,228,7294.68,207,21,4,9,2026-07-18
2026-07-13,TRANSFER,REJECTED,492,18695.11,457,35,7,9,2026-07-17
2026-07-14,ATM,ACCEPTED,6727,228465.14,6179,548,102,9,2026-07-19
2026-07-14,ATM,PENDING,278,9796.65,251,27,5,9,2026-07-17
2026-07-14,ATM,REJECTED,605,19987.90,561,44,7,9,2026-07-19
2026-07-14,MOBILE,ACCEPTED,6681,214264.67,6102,579,87,9,2026-07-19
2026-07-14,MOBILE,PENDING,321,8824.50,287,34,1,9,2026-07-18
2026-07-14,MOBILE,REJECTED,617,19667.39,573,44,7,9,2026-07-19
2026-07-14,ONLINE,ACCEPTED,6587,221344.98,6036,551,104,9,2026-07-19
2026-07-14,ONLINE,PENDING,317,11374.47,296,21,6,9,2026-07-17
2026-07-14,ONLINE,REJECTED,627,19390.97,584,43,10,9,2026-07-19
2026-07-14,POS,ACCEPTED,6534,220754.10,6020,514,89,9,2026-07-19
2026-07-14,POS,PENDING,325,9871.65,296,29,5,9,2026-07-17
2026-07-14,POS,REJECTED,627,22083.86,577,50,7,9,2026-07-19
2026-07-14,TRANSFER,ACCEPTED,6670,231069.11,6142,528,88,9,2026-07-19
2026-07-14,TRANSFER,PENDING,256,8298.88,236,20,3,9,2026-07-19
2026-07-14,TRANSFER,REJECTED,593,24078.11,555,38,5,9,2026-07-18
2026-07-15,ATM,ACCEPTED,6011,202445.44,5531,480,76,9,2026-07-20
2026-07-15,ATM,PENDING,293,11349.53,270,23,3,9,2026-07-19
2026-07-15,ATM,REJECTED,540,19125.19,494,46,5,9,2026-07-20
2026-07-15,MOBILE,ACCEPTED,6173,211681.42,5686,487,89,9,2026-07-20
2026-07-15,MOBILE,PENDING,274,8680.63,251,23,3,9,2026-07-19
2026-07-15,MOBILE,REJECTED,576,19430.43,531,45,12,9,2026-07-20
2026-07-15,ONLINE,ACCEPTED,6076,208484.79,5562,514,86,9,2026-07-20
2026-07-15,ONLINE,PENDING,289,9033.51,266,23,7,9,2026-07-20
2026-07-15,ONLINE,REJECTED,578,18754.72,532,46,4,9,2026-07-20
2026-07-15,POS,ACCEPTED,6033,203750.73,5575,458,90,9,2026-07-20
2026-07-15,POS,PENDING,309,9024.73,286,23,6,9,2026-07-19
2026-07-15,POS,REJECTED,549,17826.09,511,38,4,9,2026-07-20
2026-07-15,TRANSFER,ACCEPTED,6178,208617.82,5642,536,94,9,2026-07-20
2026-07-15,TRANSFER,PENDING,290,9736.03,264,26,3,9,2026-07-19
2026-07-15,TRANSFER,REJECTED,541,19477.84,506,35,9,9,2026-07-20
2026-07-16,ATM,ACCEPTED,5387,181976.30,4959,428,108,9,2026-07-21
2026-07-16,ATM,PENDING,207,6509.30,196,11,2,9,2026-07-20
2026-07-16,ATM,REJECTED,518,16629.33,477,41,6,9,2026-07-21
2026-07-16,MOBILE,ACCEPTED,5388,180016.19,4974,414,92,9,2026-07-21
2026-07-16,MOBILE,PENDING,254,7502.95,240,14,8,9,2026-07-21
2026-07-16,MOBILE,REJECTED,484,19795.71,437,47,12,9,2026-07-21
2026-07-16,ONLINE,ACCEPTED,5305,175305.80,4875,430,94,9,2026-07-21
2026-07-16,ONLINE,PENDING,233,7529.54,208,25,2,9,2026-07-18
2026-07-16,ONLINE,REJECTED,463,14474.48,419,44,9,9,2026-07-21
2026-07-16,POS,ACCEPTED,5338,169580.53,4929,409,99,9,2026-07-21
2026-07-16,POS,PENDING,252,7288.92,234,18,4,9,2026-07-21
2026-07-16,POS,REJECTED,477,15513.01,445,32,8,9,2026-07-21
2026-07-16,TRANSFER,ACCEPTED,5317,170912.45,4864,453,83,9,2026-07-21
2026-07-16,TRANSFER,PENDING,240,8922.30,222,18,6,9,2026-07-21
2026-07-16,TRANSFER,REJECTED,477,16898.94,430,47,10,9,2026-07-20
2026-07-17,ATM,ACCEPTED,5938,199050.10,5441,497,90,9,2026-07-22
2026-07-17,ATM,PENDING,268,10123.44,245,23,2,9,2026-07-20
2026-07-17,ATM,REJECTED,552,17523.01,512,40,9,9,2026-07-22
2026-07-17,MOBILE,ACCEPTED,5947,198585.70,5467,480,84,9,2026-07-22
2026-07-17,MOBILE,PENDING,282,9258.68,259,23,6,9,2026-07-22
2026-07-17,MOBILE,REJECTED,564,18789.26,514,50,8,9,2026-07-22
2026-07-17,ONLINE,ACCEPTED,6076,200414.76,5604,472,87,9,2026-07-22
2026-07-17,ONLINE,PENDING,294,10326.78,273,21,3,9,2026-07-22
2026-07-17,ONLINE,REJECTED,542,18988.47,510,32,5,9,2026-07-22
2026-07-17,POS,ACCEPTED,5951,202800.71,5453,498,95,9,2026-07-22
2026-07-17,POS,PENDING,301,11881.13,268,33,2,9,2026-07-22
2026-07-17,POS,REJECTED,535,16451.44,480,55,6,9,2026-07-22
2026-07-17,TRANSFER,ACCEPTED,6123,207129.30,5600,523,105,9,2026-07-22
2026-07-17,TRANSFER,PENDING,271,10052.64,253,18,4,9,2026-07-21
2026-07-17,TRANSFER,REJECTED,573,20299.62,535,38,11,9,2026-07-22
2026-07-18,ATM,ACCEPTED,2869,92299.34,2662,207,113,9,2026-07-23
2026-07-18,ATM,PENDING,132,4411.86,117,15,4,9,2026-07-23
2026-07-18,ATM,REJECTED,257,7770.22,235,22,16,9,2026-07-23
2026-07-18,MOBILE,ACCEPTED,2923,99979.42,2684,239,105,9,2026-07-23
2026-07-18,MOBILE,PENDING,132,3942.28,123,9,3,9,2026-07-23
2026-07-18,MOBILE,REJECTED,240,7769.16,222,18,7,9,2026-07-23
2026-07-18,ONLINE,ACCEPTED,2913,95147.57,2700,213,113,9,2026-07-23
2026-07-18,ONLINE,PENDING,141,4423.93,128,13,6,9,2026-07-22
2026-07-18,ONLINE,REJECTED,256,8400.38,230,26,8,9,2026-07-23
2026-07-18,POS,ACCEPTED,2969,101900.93,2730,239,96,9,2026-07-23
2026-07-18,POS,PENDING,142,4081.90,135,7,2,9,2026-07-20
2026-07-18,POS,REJECTED,277,7973.58,256,21,10,9,2026-07-23
2026-07-18,TRANSFER,ACCEPTED,3006,104453.99,2778,228,100,9,2026-07-23
2026-07-18,TRANSFER,PENDING,144,3710.44,127,17,6,9,2026-07-23
2026-07-18,TRANSFER,REJECTED,295,8641.05,271,24,10,9,2026-07-23
2026-07-19,ATM,ACCEPTED,2804,90528.49,2579,225,125,9,2026-07-24
2026-07-19,ATM,PENDING,114,3961.56,103,11,8,9,2026-07-24
2026-07-19,ATM,REJECTED,257,9939.06,234,23,11,9,2026-07-24
2026-07-19,MOBILE,ACCEPTED,2885,100985.53,2629,256,115,9,2026-07-24
2026-07-19,MOBILE,PENDING,139,5618.22,127,12,7,9,2026-07-23
2026-07-19,MOBILE,REJECTED,243,8146.00,223,20,14,9,2026-07-24
2026-07-19,ONLINE,ACCEPTED,2759,92326.99,2560,199,132,9,2026-07-24
2026-07-19,ONLINE,PENDING,138,4730.63,127,11,8,9,2026-07-24
2026-07-19,ONLINE,REJECTED,241,8362.54,223,18,14,9,2026-07-24
2026-07-19,POS,ACCEPTED,2788,95241.22,2538,250,128,9,2026-07-24
2026-07-19,POS,PENDING,150,4060.27,136,14,8,9,2026-07-24
2026-07-19,POS,REJECTED,242,8205.90,225,17,13,9,2026-07-24
2026-07-19,TRANSFER,ACCEPTED,2774,94905.91,2568,206,133,9,2026-07-24
2026-07-19,TRANSFER,PENDING,117,4437.50,109,8,6,9,2026-07-24
2026-07-19,TRANSFER,REJECTED,238,8719.20,223,15,9,9,2026-07-24
2026-07-20,ATM,ACCEPTED,5735,196010.87,5267,468,117,9,2026-07-25
2026-07-20,ATM,PENDING,288,9693.43,269,19,4,9,2026-07-24
2026-07-20,ATM,REJECTED,545,19664.53,509,36,12,9,2026-07-25
2026-07-20,MOBILE,ACCEPTED,5619,195200.04,5176,443,117,9,2026-07-25
2026-07-20,MOBILE,PENDING,282,9570.98,258,24,9,9,2026-07-24
2026-07-20,MOBILE,REJECTED,512,17968.09,475,37,7,9,2026-07-25
2026-07-20,ONLINE,ACCEPTED,5702,200625.49,5276,426,105,9,2026-07-25
2026-07-20,ONLINE,PENDING,251,8789.45,232,19,3,9,2026-07-22
2026-07-20,ONLINE,REJECTED,524,17339.98,478,46,8,9,2026-07-24
2026-07-20,POS,ACCEPTED,5836,191176.23,5344,492,109,9,2026-07-25
2026-07-20,POS,PENDING,269,8475.04,249,20,5,9,2026-07-25
2026-07-20,POS,REJECTED,529,18873.73,495,34,17,9,2026-07-25
2026-07-20,TRANSFER,ACCEPTED,5786,194829.40,5333,453,116,9,2026-07-25
2026-07-20,TRANSFER,PENDING,262,10096.69,241,21,5,9,2026-07-24
2026-07-20,TRANSFER,REJECTED,507,16000.60,469,38,18,9,2026-07-24
2026-07-21,ATM,ACCEPTED,5949,195692.47,5461,488,92,9,2026-07-26
2026-07-21,ATM,PENDING,265,9828.65,245,20,4,9,2026-07-26
2026-07-21,ATM,REJECTED,512,17265.06,471,41,8,9,2026-07-25
2026-07-21,MOBILE,ACCEPTED,5956,205402.26,5492,464,105,9,2026-07-26
2026-07-21,MOBILE,PENDING,267,10179.19,243,24,4,9,2026-07-24
2026-07-21,MOBILE,REJECTED,519,16200.54,477,42,7,9,2026-07-26
2026-07-21,ONLINE,ACCEPTED,6013,206481.95,5527,486,89,9,2026-07-26
2026-07-21,ONLINE,PENDING,273,10612.87,247,26,4,9,2026-07-25
2026-07-21,ONLINE,REJECTED,502,17797.58,460,42,3,9,2026-07-24
2026-07-21,POS,ACCEPTED,6006,198709.04,5532,474,107,9,2026-07-26
2026-07-21,POS,PENDING,269,9232.22,244,25,6,9,2026-07-26
2026-07-21,POS,REJECTED,486,15063.06,457,29,1,9,2026-07-25
2026-07-21,TRANSFER,ACCEPTED,5919,196964.69,5403,516,84,9,2026-07-26
2026-07-21,TRANSFER,PENDING,276,10574.89,258,18,8,9,2026-07-26
2026-07-21,TRANSFER,REJECTED,528,16347.75,488,40,12,9,2026-07-26
2026-07-22,ATM,ACCEPTED,6301,200935.48,5809,492,102,9,2026-07-27
2026-07-22,ATM,PENDING,288,10378.28,266,22,7,9,2026-07-26
2026-07-22,ATM,REJECTED,553,16965.37,519,34,10,9,2026-07-27
2026-07-22,MOBILE,ACCEPTED,6017,203674.55,5523,494,100,9,2026-07-27
2026-07-22,MOBILE,PENDING,271,9669.37,251,20,4,9,2026-07-25
2026-07-22,MOBILE,REJECTED,575,18667.49,529,46,8,9,2026-07-27
2026-07-22,ONLINE,ACCEPTED,6062,215451.67,5596,466,98,9,2026-07-27
2026-07-22,ONLINE,PENDING,289,10599.30,261,28,5,9,2026-07-27
2026-07-22,ONLINE,REJECTED,547,17598.87,509,38,9,9,2026-07-27
2026-07-22,POS,ACCEPTED,6131,213455.92,5640,491,83,9,2026-07-27
2026-07-22,POS,PENDING,272,8174.02,250,22,1,9,2026-07-25
2026-07-22,POS,REJECTED,561,18543.35,516,45,13,9,2026-07-27
2026-07-22,TRANSFER,ACCEPTED,6086,200750.19,5598,488,96,9,2026-07-27
2026-07-22,TRANSFER,PENDING,267,8197.17,249,18,4,9,2026-07-27
2026-07-22,TRANSFER,REJECTED,565,20836.40,514,51,5,9,2026-07-27
2026-07-23,ATM,ACCEPTED,6259,203748.33,5745,514,53,9,2026-07-27
2026-07-23,ATM,PENDING,295,10618.75,274,21,1,9,2026-07-27
2026-07-23,ATM,REJECTED,524,18223.20,484,40,9,9,2026-07-27
2026-07-23,MOBILE,ACCEPTED,6302,208072.88,5800,502,67,9,2026-07-27
2026-07-23,MOBILE,PENDING,289,9640.39,267,22,4,9,2026-07-27
2026-07-23,MOBILE,REJECTED,614,20827.70,568,46,8,9,2026-07-27
2026-07-23,ONLINE,ACCEPTED,6146,214392.16,5644,502,69,9,2026-07-27
2026-07-23,ONLINE,PENDING,278,8341.79,253,25,8,9,2026-07-27
2026-07-23,ONLINE,REJECTED,618,21473.57,567,51,9,9,2026-07-27
2026-07-23,POS,ACCEPTED,6234,204258.17,5732,502,80,9,2026-07-27
2026-07-23,POS,PENDING,285,9421.73,263,22,2,9,2026-07-25
2026-07-23,POS,REJECTED,549,16320.12,498,51,4,9,2026-07-25
2026-07-23,TRANSFER,ACCEPTED,6179,216891.50,5681,498,81,9,2026-07-27
2026-07-23,TRANSFER,PENDING,288,9070.57,258,30,8,9,2026-07-27
2026-07-23,TRANSFER,REJECTED,584,22529.17,539,45,3,9,2026-07-27
2026-07-24,ATM,ACCEPTED,6485,221526.63,5991,494,59,9,2026-07-27
2026-07-24,ATM,PENDING,266,8465.21,247,19,1,9,2026-07-27
2026-07-24,ATM,REJECTED,578,18156.65,539,39,4,9,2026-07-25
2026-07-24,MOBILE,ACCEPTED,6527,216263.10,5978,549,41,9,2026-07-27
2026-07-24,MOBILE,PENDING,325,11992.77,308,17,3,9,2026-07-27
2026-07-24,MOBILE,REJECTED,583,17983.14,538,45,6,9,2026-07-27
2026-07-24,ONLINE,ACCEPTED,6347,212073.90,5805,542,45,9,2026-07-27
2026-07-24,ONLINE,PENDING,313,10092.27,276,37,4,9,2026-07-27
2026-07-24,ONLINE,REJECTED,612,20665.30,568,44,7,9,2026-07-27
2026-07-24,POS,ACCEPTED,6266,207632.65,5765,501,47,9,2026-07-27
2026-07-24,POS,PENDING,281,11575.39,251,30,2,9,2026-07-27
2026-07-24,POS,REJECTED,605,18676.61,553,52,4,9,2026-07-27
2026-07-24,TRANSFER,ACCEPTED,6340,223742.64,5829,511,40,9,2026-07-27
2026-07-24,TRANSFER,PENDING,274,9800.88,257,17,1,9,2026-07-27
2026-07-24,TRANSFER,REJECTED,584,17137.48,525,59,5,9,2026-07-27
2026-07-25,ATM,ACCEPTED,2909,102733.86,2691,218,24,9,2026-07-27
2026-07-25,ATM,PENDING,133,5763.44,124,9,2,9,2026-07-27
2026-07-25,ATM,REJECTED,293,10267.79,271,22,1,9,2026-07-27
2026-07-25,MOBILE,ACCEPTED,2988,100573.88,2749,239,29,9,2026-07-27
2026-07-25,MOBILE,PENDING,134,5014.84,125,9,1,9,2026-07-26
2026-07-25,MOBILE,REJECTED,251,7854.15,231,20,2,9,2026-07-27
2026-07-25,ONLINE,ACCEPTED,2841,97481.41,2620,221,35,9,2026-07-27
2026-07-25,ONLINE,PENDING,120,4161.00,111,9,0,9,2026-07-25
2026-07-25,ONLINE,REJECTED,247,9186.71,228,19,3,9,2026-07-27
2026-07-25,POS,ACCEPTED,2858,86156.30,2623,235,32,9,2026-07-27
2026-07-25,POS,PENDING,153,5266.86,150,3,1,9,2026-07-26
2026-07-25,POS,REJECTED,237,8460.01,222,15,1,9,2026-07-27
2026-07-25,TRANSFER,ACCEPTED,2963,93488.89,2718,245,32,9,2026-07-27
2026-07-25,TRANSFER,PENDING,132,5014.11,120,12,0,9,2026-07-25
2026-07-25,TRANSFER,REJECTED,271,9104.86,253,18,1,9,2026-07-27
2026-07-26,ATM,ACCEPTED,2185,72781.61,2010,175,27,9,2026-07-27
2026-07-26,ATM,PENDING,113,3706.92,98,15,1,9,2026-07-27
2026-07-26,ATM,REJECTED,230,7488.74,217,13,0,9,2026-07-26
2026-07-26,MOBILE,ACCEPTED,2202,76506.00,2034,168,38,9,2026-07-27
2026-07-26,MOBILE,PENDING,107,3241.41,98,9,1,9,2026-07-27
2026-07-26,MOBILE,REJECTED,211,8218.87,199,12,1,9,2026-07-27
2026-07-26,ONLINE,ACCEPTED,2246,77109.04,2058,188,18,9,2026-07-27
2026-07-26,ONLINE,PENDING,122,4283.69,117,5,0,9,2026-07-26
2026-07-26,ONLINE,REJECTED,209,5375.94,181,28,3,9,2026-07-27
2026-07-26,POS,ACCEPTED,2267,74454.95,2070,197,27,9,2026-07-27
2026-07-26,POS,PENDING,101,3690.30,92,9,1,9,2026-07-27
2026-07-26,POS,REJECTED,214,5834.91,187,27,4,9,2026-07-27
2026-07-26,TRANSFER,ACCEPTED,2255,79879.10,2060,195,30,9,2026-07-27
2026-07-26,TRANSFER,PENDING,91,2274.69,79,12,0,9,2026-07-26
2026-07-26,TRANSFER,REJECTED,186,4114.59,174,12,1,9,2026-07-27
2026-07-27,ATM,ACCEPTED,5965,194475.46,5499,466,0,9,2026-07-27
2026-07-27,ATM,PENDING,306,10997.15,275,31,0,9,2026-07-27
2026-07-27,ATM,REJECTED,563,21296.56,513,50,0,9,2026-07-27
2026-07-27,MOBILE,ACCEPTED,6018,195759.34,5528,490,0,9,2026-07-27
2026-07-27,MOBILE,PENDING,279,9785.78,260,19,0,9,2026-07-27
2026-07-27,MOBILE,REJECTED,524,15823.58,492,32,0,9,2026-07-27
2026-07-27,ONLINE,ACCEPTED,6101,204667.48,5572,529,0,9,2026-07-27
2026-07-27,ONLINE,PENDING,281,9143.33,263,18,0,9,2026-07-27
2026-07-27,ONLINE,REJECTED,509,18072.41,469,40,0,9,2026-07-27
2026-07-27,POS,ACCEPTED,6125,197931.42,5642,483,0,9,2026-07-27
2026-07-27,POS,PENDING,270,10056.07,249,21,0,9,2026-07-27
2026-07-27,POS,REJECTED,533,17292.63,484,49,0,9,2026-07-27
2026-07-27,TRANSFER,ACCEPTED,6068,208255.56,5588,480,0,9,2026-07-27
2026-07-27,TRANSFER,PENDING,307,9191.78,275,32,0,9,2026-07-27
2026-07-27,TRANSFER,REJECTED,577,19291.59,532,45,0,9,2026-07-27
