event_date_utc,debtor_country,status,transaction_count,amount_eur_total,converted_transaction_count,unconverted_transaction_count,late_transaction_count,distinct_currency_count,last_source_ingestion_date
2026-03-27,BE,ACCEPTED,14,292.52,4,10,14,8,2026-04-01
2026-03-27,CH,ACCEPTED,8,160.60,4,4,8,3,2026-04-01
2026-03-27,CH,PENDING,1,56.04,1,0,1,1,2026-04-01
2026-03-27,CH,REJECTED,2,,0,2,2,2,2026-04-01
2026-03-27,DE,ACCEPTED,10,174.15,7,3,10,4,2026-04-01
2026-03-27,DE,PENDING,2,20.55,1,1,2,2,2026-04-01
2026-03-27,ES,ACCEPTED,10,190.68,3,7,10,5,2026-04-01
2026-03-27,ES,PENDING,1,,0,1,1,1,2026-04-01
2026-03-27,FR,ACCEPTED,11,714.80,6,5,11,5,2026-04-01
2026-03-27,FR,REJECTED,1,,0,1,1,1,2026-04-01
2026-03-27,GB,ACCEPTED,18,275.63,8,10,18,7,2026-04-01
2026-03-27,GB,PENDING,1,24.79,1,0,1,1,2026-04-01
2026-03-27,GB,REJECTED,5,52.80,2,3,5,4,2026-04-01
2026-03-27,IT,ACCEPTED,12,268.34,7,5,12,5,2026-04-01
2026-03-27,MA,ACCEPTED,13,186.69,4,9,13,6,2026-04-01
2026-03-27,MA,REJECTED,3,,0,3,3,2,2026-04-01
2026-03-27,NL,ACCEPTED,8,138.07,4,4,8,5,2026-04-01
2026-03-27,NL,REJECTED,1,13.40,1,0,1,1,2026-04-01
2026-03-27,PL,ACCEPTED,11,470.95,7,4,11,5,2026-04-01
2026-03-27,SE,ACCEPTED,12,126.86,6,6,12,6,2026-04-01
2026-03-27,SE,REJECTED,2,34.51,1,1,2,2,2026-04-01
2026-03-27,,ACCEPTED,1,22.32,1,0,1,1,2026-04-01
2026-03-28,BE,ACCEPTED,16,421.69,6,10,16,7,2026-04-02
2026-03-28,BE,PENDING,1,15.07,1,0,1,1,2026-04-01
2026-03-28,CH,ACCEPTED,23,372.00,11,12,23,7,2026-04-02
2026-03-28,CH,PENDING,1,16.84,1,0,1,1,2026-04-02
2026-03-28,CH,REJECTED,3,84.97,2,1,3,2,2026-04-02
2026-03-28,DE,ACCEPTED,17,357.17,10,7,17,6,2026-04-02
2026-03-28,DE,PENDING,1,,0,1,1,1,2026-04-02
2026-03-28,DE,REJECTED,1,30.10,1,0,1,1,2026-04-01
2026-03-28,ES,ACCEPTED,18,358.56,9,9,18,7,2026-04-02
2026-03-28,ES,PENDING,2,53.15,1,1,2,2,2026-04-02
2026-03-28,ES,REJECTED,5,112.05,1,4,5,5,2026-04-02
2026-03-28,FR,ACCEPTED,27,384.62,13,14,27,8,2026-04-02
2026-03-28,FR,REJECTED,4,27.05,1,3,4,3,2026-04-02
2026-03-28,GB,ACCEPTED,28,357.31,14,14,28,9,2026-04-02
2026-03-28,GB,PENDING,2,,0,2,2,2,2026-04-02
2026-03-28,GB,REJECTED,4,314.25,2,2,4,3,2026-04-02
2026-03-28,IT,ACCEPTED,27,221.04,9,18,27,9,2026-04-02
2026-03-28,IT,PENDING,2,,0,2,2,2,2026-04-02
2026-03-28,IT,REJECTED,1,,0,1,1,1,2026-04-01
2026-03-28,MA,ACCEPTED,22,42.26,4,18,22,8,2026-04-02
2026-03-28,MA,REJECTED,2,65.68,1,1,2,2,2026-04-02
2026-03-28,NL,ACCEPTED,25,292.84,5,20,25,8,2026-04-02
2026-03-28,NL,REJECTED,3,38.59,2,1,3,2,2026-04-01
2026-03-28,PL,ACCEPTED,24,213.98,5,19,24,8,2026-04-02
2026-03-28,PL,REJECTED,3,19.20,1,2,3,3,2026-04-02
2026-03-28,SE,ACCEPTED,20,214.33,11,9,20,7,2026-04-02
2026-03-28,SE,PENDING,2,55.71,2,0,2,1,2026-04-02
2026-03-28,SE,REJECTED,1,,0,1,1,1,2026-04-01
2026-03-28,,ACCEPTED,5,195.16,4,1,5,2,2026-04-01
2026-03-29,BE,ACCEPTED,31,795.11,18,13,31,8,2026-04-03
2026-03-29,BE,PENDING,3,4.78,1,2,3,3,2026-04-03
2026-03-29,BE,REJECTED,4,41.09,2,2,4,3,2026-04-03
2026-03-29,CH,ACCEPTED,34,422.61,13,21,34,7,2026-04-03
2026-03-29,CH,REJECTED,4,3.32,1,3,4,2,2026-04-03
2026-03-29,DE,ACCEPTED,33,342.84,7,26,33,7,2026-04-03
2026-03-29,DE,PENDING,1,,0,1,1,1,2026-04-03
2026-03-29,ES,ACCEPTED,28,808.57,17,11,28,8,2026-04-03
2026-03-29,ES,PENDING,2,,0,2,2,2,2026-04-02
2026-03-29,ES,REJECTED,3,78.73,2,1,3,2,2026-04-03
2026-03-29,FR,ACCEPTED,39,433.24,10,29,39,9,2026-04-03
2026-03-29,FR,PENDING,5,97.67,3,2,5,3,2026-04-03
2026-03-29,FR,REJECTED,4,40.26,2,2,4,3,2026-04-03
2026-03-29,GB,ACCEPTED,34,306.94,11,23,34,8,2026-04-03
2026-03-29,GB,PENDING,2,,0,2,2,1,2026-04-02
2026-03-29,GB,REJECTED,3,10.16,1,2,3,2,2026-04-03
2026-03-29,IT,ACCEPTED,27,541.13,12,15,27,7,2026-04-03
2026-03-29,IT,PENDING,2,15.73,1,1,2,2,2026-04-03
2026-03-29,IT,REJECTED,3,128.79,3,0,3,1,2026-04-03
2026-03-29,MA,ACCEPTED,29,1278.06,16,13,29,7,2026-04-03
2026-03-29,NL,ACCEPTED,32,388.09,9,23,32,9,2026-04-03
2026-03-29,NL,PENDING,2,17.80,2,0,2,1,2026-04-03
2026-03-29,NL,REJECTED,5,181.41,3,2,5,2,2026-04-03
2026-03-29,PL,ACCEPTED,32,577.79,11,21,32,8,2026-04-03
2026-03-29,PL,PENDING,3,19.24,1,2,3,3,2026-04-03
2026-03-29,PL,REJECTED,2,,0,2,2,2,2026-04-03
2026-03-29,SE,ACCEPTED,25,432.44,9,16,25,8,2026-04-03
2026-03-29,SE,PENDING,2,30.12,1,1,2,2,2026-04-01
2026-03-29,SE,REJECTED,4,112.58,2,2,4,3,2026-04-03
2026-03-29,,ACCEPTED,1,,0,1,1,1,2026-04-03
2026-03-29,,REJECTED,1,28.87,1,0,1,1,2026-04-03
2026-03-30,BE,ACCEPTED,39,480.60,11,28,39,9,2026-04-04
2026-03-30,BE,PENDING,1,11.32,1,0,1,1,2026-04-03
2026-03-30,BE,REJECTED,3,9.51,1,2,3,2,2026-04-03
2026-03-30,CH,ACCEPTED,38,857.86,12,26,38,9,2026-04-04
2026-03-30,CH,REJECTED,5,44.84,1,4,5,3,2026-04-03
2026-03-30,DE,ACCEPTED,45,768.33,22,23,45,9,2026-04-04
2026-03-30,DE,PENDING,4,43.26,2,2,4,3,2026-04-02
2026-03-30,DE,REJECTED,5,142.05,1,4,5,5,2026-04-04
2026-03-30,ES,ACCEPTED,36,860.45,16,20,36,9,2026-04-04
2026-03-30,ES,PENDING,2,3.63,1,1,2,2,2026-04-03
2026-03-30,ES,REJECTED,3,11.91,1,2,3,3,2026-04-04
2026-03-30,FR,ACCEPTED,32,582.94,16,16,32,7,2026-04-04
2026-03-30,FR,REJECTED,4,47.17,2,2,4,3,2026-04-03
2026-03-30,GB,ACCEPTED,49,1445.40,25,24,49,8,2026-04-04
2026-03-30,GB,REJECTED,4,,0,4,4,3,2026-04-04
2026-03-30,IT,ACCEPTED,43,317.61,13,30,43,9,2026-04-04
2026-03-30,IT,PENDING,2,,0,2,2,2,2026-04-03
2026-03-30,IT,REJECTED,3,257.03,1,2,3,3,2026-04-04
2026-03-30,MA,ACCEPTED,32,1065.74,15,17,32,8,2026-04-04
2026-03-30,MA,PENDING,1,10.70,1,0,1,1,2026-04-04
2026-03-30,MA,REJECTED,6,120.43,3,3,6,2,2026-04-04
2026-03-30,NL,ACCEPTED,29,791.60,12,17,29,8,2026-04-04
2026-03-30,NL,PENDING,1,,0,1,1,1,2026-04-02
2026-03-30,NL,REJECTED,5,43.67,2,3,5,3,2026-04-04
2026-03-30,PL,ACCEPTED,44,896.04,17,27,44,9,2026-04-04
2026-03-30,PL,PENDING,2,35.29,1,1,2,2,2026-04-04
2026-03-30,PL,REJECTED,2,37.83,2,0,2,1,2026-04-02
2026-03-30,SE,ACCEPTED,44,1183.88,25,19,44,7,2026-04-04
2026-03-30,SE,PENDING,2,78.41,1,1,2,2,2026-04-02
2026-03-30,SE,REJECTED,1,95.54,1,0,1,1,2026-04-04
2026-03-30,,ACCEPTED,3,,0,3,3,2,2026-04-03
2026-03-31,BE,ACCEPTED,35,634.36,15,20,35,7,2026-04-05
2026-03-31,BE,PENDING,3,124.44,3,0,3,1,2026-04-05
2026-03-31,BE,REJECTED,2,5.24,1,1,2,2,2026-04-03
2026-03-31,CH,ACCEPTED,47,1483.46,23,24,47,9,2026-04-05
2026-03-31,CH,PENDING,5,77.22,3,2,5,3,2026-04-03
2026-03-31,CH,REJECTED,10,219.73,3,7,10,6,2026-04-04
2026-03-31,DE,ACCEPTED,41,1180.60,18,23,41,9,2026-04-05
2026-03-31,DE,REJECTED,6,196.05,3,3,6,3,2026-04-04
2026-03-31,ES,ACCEPTED,47,587.67,19,28,47,8,2026-04-05
2026-03-31,ES,PENDING,2,23.62,1,1,2,2,2026-04-03
2026-03-31,ES,REJECTED,6,,0,6,6,4,2026-04-05
2026-03-31,FR,ACCEPTED,46,746.60,17,29,46,9,2026-04-05
2026-03-31,FR,PENDING,4,149.91,2,2,4,3,2026-04-03
2026-03-31,FR,REJECTED,1,,0,1,1,1,2026-04-01
2026-03-31,GB,ACCEPTED,43,513.30,14,29,43,9,2026-04-05
2026-03-31,GB,PENDING,6,43.37,3,3,6,3,2026-04-05
2026-03-31,GB,REJECTED,2,,0,2,2,2,2026-04-03
2026-03-31,IT,ACCEPTED,53,1683.90,27,26,53,8,2026-04-05
2026-03-31,IT,PENDING,3,,0,3,3,2,2026-04-05
2026-03-31,IT,REJECTED,6,103.92,2,4,6,5,2026-04-04
2026-03-31,MA,ACCEPTED,46,830.45,15,31,46,9,2026-04-05
2026-03-31,MA,PENDING,2,,0,2,2,2,2026-04-05
2026-03-31,MA,REJECTED,8,234.36,6,2,8,3,2026-04-04
2026-03-31,NL,ACCEPTED,54,908.13,23,31,54,9,2026-04-05
2026-03-31,NL,PENDING,2,,0,2,2,2,2026-04-04
2026-03-31,NL,REJECTED,3,32.59,1,2,3,3,2026-04-04
2026-03-31,PL,ACCEPTED,49,414.38,17,32,49,9,2026-04-05
2026-03-31,PL,PENDING,1,30.28,1,0,1,1,2026-04-03
2026-03-31,PL,REJECTED,5,67.31,2,3,5,4,2026-04-05
2026-03-31,SE,ACCEPTED,43,988.53,13,30,43,9,2026-04-05
2026-03-31,SE,PENDING,3,40.03,1,2,3,3,2026-04-05
2026-03-31,SE,REJECTED,5,12.29,1,4,5,5,2026-04-03
2026-03-31,,ACCEPTED,1,,0,1,1,1,2026-04-02
2026-04-01,BE,ACCEPTED,2892,104161.99,2636,256,51,9,2026-04-06
2026-04-01,BE,PENDING,123,4513.52,113,10,1,9,2026-04-06
2026-04-01,BE,REJECTED,258,9045.32,232,26,4,9,2026-04-06
2026-04-01,CH,ACCEPTED,2880,95396.24,2636,244,43,9,2026-04-06
2026-04-01,CH,PENDING,138,5335.03,128,10,1,9,2026-04-05
2026-04-01,CH,REJECTED,280,10690.63,260,20,2,9,2026-04-06
2026-04-01,DE,ACCEPTED,2836,103874.59,2642,194,41,9,2026-04-06
2026-04-01,DE,PENDING,137,4555.11,131,6,4,9,2026-04-06
2026-04-01,DE,REJECTED,239,7579.28,219,20,5,9,2026-04-06
2026-04-01,ES,ACCEPTED,2914,97729.64,2680,234,45,9,2026-04-06
2026-04-01,ES,PENDING,130,5296.24,125,5,3,9,2026-04-06
2026-04-01,ES,REJECTED,248,8889.40,229,19,6,9,2026-04-05
2026-04-01,FR,ACCEPTED,2937,98839.48,2710,227,38,9,2026-04-06
2026-04-01,FR,PENDING,151,4999.50,144,7,2,9,2026-04-02
2026-04-01,FR,REJECTED,249,8244.48,226,23,9,9,2026-04-06
2026-04-01,GB,ACCEPTED,2965,99492.59,2734,231,45,9,2026-04-06
2026-04-01,GB,PENDING,134,4863.17,125,9,3,9,2026-04-06
2026-04-01,GB,REJECTED,263,9024.72,247,16,5,9,2026-04-05
2026-04-01,IT,ACCEPTED,2961,104735.64,2747,214,49,9,2026-04-06
2026-04-01,IT,PENDING,133,4548.93,124,9,1,9,2026-04-03
2026-04-01,IT,REJECTED,240,8653.72,227,13,2,9,2026-04-04
2026-04-01,MA,ACCEPTED,3050,100065.42,2823,227,37,9,2026-04-06
2026-04-01,MA,PENDING,134,4272.86,124,10,3,9,2026-04-06
2026-04-01,MA,REJECTED,255,7389.85,235,20,5,9,2026-04-04
2026-04-01,NL,ACCEPTED,2960,105686.21,2712,248,39,9,2026-04-06
2026-04-01,NL,PENDING,118,4037.21,106,12,1,9,2026-04-06
2026-04-01,NL,REJECTED,263,7973.52,236,27,5,9,2026-04-06
2026-04-01,PL,ACCEPTED,2879,104558.63,2650,229,46,9,2026-04-06
2026-04-01,PL,PENDING,145,4299.36,128,17,3,9,2026-04-06
2026-04-01,PL,REJECTED,250,7570.32,235,15,3,9,2026-04-06
2026-04-01,SE,ACCEPTED,2834,100237.63,2606,228,28,9,2026-04-06
2026-04-01,SE,PENDING,129,4368.16,123,6,0,9,2026-04-01
2026-04-01,SE,REJECTED,241,7267.70,226,15,6,9,2026-04-06
2026-04-01,,ACCEPTED,148,4551.34,137,11,4,9,2026-04-06
2026-04-01,,PENDING,6,75.10,5,1,0,4,2026-04-01
2026-04-01,,REJECTED,8,483.35,8,0,0,4,2026-04-01
2026-04-02,BE,ACCEPTED,2545,82552.64,2345,200,45,9,2026-04-07
2026-04-02,BE,PENDING,98,3416.15,91,7,0,9,2026-04-02
2026-04-02,BE,REJECTED,236,8800.65,213,23,6,9,2026-04-07
2026-04-02,CH,ACCEPTED,2541,80272.81,2322,219,45,9,2026-04-07
2026-04-02,CH,PENDING,103,3043.48,99,4,0,9,2026-04-02
2026-04-02,CH,REJECTED,230,7707.54,209,21,2,9,2026-04-06
2026-04-02,DE,ACCEPTED,2458,82380.47,2264,194,47,9,2026-04-07
2026-04-02,DE,PENDING,114,3079.45,102,12,3,9,2026-04-07
2026-04-02,DE,REJECTED,222,7240.94,201,21,4,9,2026-04-07
2026-04-02,ES,ACCEPTED,2502,84158.45,2313,189,48,9,2026-04-07
2026-04-02,ES,PENDING,113,3805.26,105,8,3,9,2026-04-07
2026-04-02,ES,REJECTED,239,6979.21,223,16,5,9,2026-04-07
2026-04-02,FR,ACCEPTED,2560,86033.00,2345,215,49,9,2026-04-07
2026-04-02,FR,PENDING,103,4887.38,95,8,2,9,2026-04-06
2026-04-02,FR,REJECTED,245,7500.58,227,18,2,9,2026-04-07
2026-04-02,GB,ACCEPTED,2557,88460.80,2349,208,46,9,2026-04-07
2026-04-02,GB,PENDING,113,4774.59,104,9,3,9,2026-04-07
2026-04-02,GB,REJECTED,198,6743.48,180,18,5,9,2026-04-07
2026-04-02,IT,ACCEPTED,2475,83947.41,2298,177,51,9,2026-04-07
2026-04-02,IT,PENDING,107,3525.07,98,9,2,9,2026-04-05
2026-04-02,IT,REJECTED,259,8288.48,246,13,5,9,2026-04-07
2026-04-02,MA,ACCEPTED,2494,85129.39,2307,187,39,9,2026-04-07
2026-04-02,MA,PENDING,113,3441.36,106,7,4,9,2026-04-07
2026-04-02,MA,REJECTED,223,8121.24,210,13,3,9,2026-04-07
2026-04-02,NL,ACCEPTED,2476,80254.35,2275,201,51,9,2026-04-07
2026-04-02,NL,PENDING,111,3338.77,103,8,0,9,2026-04-02
2026-04-02,NL,REJECTED,247,6652.96,225,22,3,9,2026-04-07
2026-04-02,PL,ACCEPTED,2509,83333.74,2291,218,50,9,2026-04-07
2026-04-02,PL,PENDING,97,4170.61,91,6,1,9,2026-04-07
2026-04-02,PL,REJECTED,208,8026.06,195,13,4,9,2026-04-07
2026-04-02,SE,ACCEPTED,2462,83798.79,2280,182,32,9,2026-04-07
2026-04-02,SE,PENDING,102,3964.12,95,7,0,9,2026-04-02
2026-04-02,SE,REJECTED,258,9544.32,244,14,6,9,2026-04-07
2026-04-02,,ACCEPTED,112,3829.51,98,14,1,9,2026-04-07
2026-04-02,,PENDING,5,58.13,4,1,0,4,2026-04-02
2026-04-02,,REJECTED,10,230.21,10,0,0,4,2026-04-02
2026-04-03,BE,ACCEPTED,2732,94936.74,2519,213,51,9,2026-04-08
2026-04-03,BE,PENDING,114,3559.18,107,7,3,9,2026-04-07
2026-04-03,BE,REJECTED,244,8187.91,229,15,0,9,2026-04-03
2026-04-03,CH,ACCEPTED,2676,92990.04,2429,247,48,9,2026-04-08
2026-04-03,CH,PENDING,141,4730.58,135,6,3,9,2026-04-07
2026-04-03,CH,REJECTED,205,8319.05,180,25,3,9,2026-04-07
2026-04-03,DE,ACCEPTED,2575,85088.84,2367,208,47,9,2026-04-08
2026-04-03,DE,PENDING,112,3607.61,106,6,0,9,2026-04-03
2026-04-03,DE,REJECTED,235,7856.37,220,15,3,9,2026-04-06
2026-04-03,ES,ACCEPTED,2648,81882.63,2431,217,48,9,2026-04-08
2026-04-03,ES,PENDING,130,4016.27,121,9,2,9,2026-04-08
2026-04-03,ES,REJECTED,243,8016.75,223,20,6,9,2026-04-08
2026-04-03,FR,ACCEPTED,2675,84208.45,2471,204,56,9,2026-04-08
2026-04-03,FR,PENDING,121,3446.72,113,8,2,9,2026-04-05
2026-04-03,FR,REJECTED,256,7874.25,242,14,7,9,2026-04-07
2026-04-03,GB,ACCEPTED,2620,85015.96,2419,201,37,9,2026-04-08
2026-04-03,GB,PENDING,117,4039.47,103,14,2,9,2026-04-08
2026-04-03,GB,REJECTED,235,7628.84,214,21,6,9,2026-04-08
2026-04-03,IT,ACCEPTED,2661,89479.36,2438,223,45,9,2026-04-08
2026-04-03,IT,PENDING,147,4826.63,131,16,5,9,2026-04-08
2026-04-03,IT,REJECTED,250,8741.09,226,24,4,9,2026-04-08
2026-04-03,MA,ACCEPTED,2674,96385.19,2459,215,45,9,2026-04-08
2026-04-03,MA,PENDING,122,3826.31,116,6,0,9,2026-04-03
2026-04-03,MA,REJECTED,237,8924.72,218,19,6,9,2026-04-08
2026-04-03,NL,ACCEPTED,2736,93219.65,2520,216,41,9,2026-04-08
2026-04-03,NL,PENDING,113,2945.98,102,11,3,9,2026-04-08
2026-04-03,NL,REJECTED,219,6742.94,205,14,4,9,2026-04-08
2026-04-03,PL,ACCEPTED,2751,90923.97,2528,223,43,9,2026-04-08
2026-04-03,PL,PENDING,112,4135.19,100,12,2,9,2026-04-08
2026-04-03,PL,REJECTED,243,7406.73,220,23,8,9,2026-04-07
2026-04-03,SE,ACCEPTED,2557,85807.92,2369,188,45,9,2026-04-08
2026-04-03,SE,PENDING,114,3814.65,105,9,1,9,2026-04-07
2026-04-03,SE,REJECTED,258,9574.94,238,20,5,9,2026-04-08
2026-04-03,,ACCEPTED,108,4079.51,97,11,2,9,2026-04-07
2026-04-03,,PENDING,2,34.72,2,0,0,2,2026-04-03
2026-04-03,,REJECTED,10,355.93,8,2,0,6,2026-04-03
2026-04-04,BE,ACCEPTED,1611,55324.26,1506,105,41,9,2026-04-09
2026-04-04,BE,PENDING,79,2507.70,72,7,6,9,2026-04-09
2026-04-04,BE,REJECTED,157,5366.36,148,9,4,9,2026-04-08
2026-04-04,CH,ACCEPTED,1621,51176.54,1476,145,49,9,2026-04-09
2026-04-04,CH,PENDING,72,2376.60,64,8,1,9,2026-04-09
2026-04-04,CH,REJECTED,135,6154.39,126,9,4,9,2026-04-09
2026-04-04,DE,ACCEPTED,1660,52688.35,1526,134,55,9,2026-04-09
2026-04-04,DE,PENDING,73,1604.87,68,5,2,9,2026-04-09
2026-04-04,DE,REJECTED,165,5144.36,147,18,11,9,2026-04-09
2026-04-04,ES,ACCEPTED,1606,52811.82,1482,124,61,9,2026-04-09
2026-04-04,ES,PENDING,73,2304.74,64,9,0,9,2026-04-04
2026-04-04,ES,REJECTED,149,6092.10,138,11,2,9,2026-04-08
2026-04-04,FR,ACCEPTED,1623,56970.63,1490,133,44,9,2026-04-09
2026-04-04,FR,PENDING,74,2583.90,70,4,5,9,2026-04-09
2026-04-04,FR,REJECTED,151,4235.37,136,15,2,9,2026-04-09
2026-04-04,GB,ACCEPTED,1721,55213.48,1573,148,55,9,2026-04-09
2026-04-04,GB,PENDING,69,2177.84,63,6,0,9,2026-04-04
2026-04-04,GB,REJECTED,133,3545.22,125,8,2,9,2026-04-08
2026-04-04,IT,ACCEPTED,1663,57152.49,1533,130,63,9,2026-04-09
2026-04-04,IT,PENDING,78,1702.02,72,6,0,9,2026-04-04
2026-04-04,IT,REJECTED,158,4517.07,143,15,4,9,2026-04-08
2026-04-04,MA,ACCEPTED,1665,51321.63,1513,152,52,9,2026-04-09
2026-04-04,MA,PENDING,63,2177.12,61,2,2,9,2026-04-08
2026-04-04,MA,REJECTED,158,5992.63,146,12,6,9,2026-04-09
2026-04-04,NL,ACCEPTED,1639,55867.59,1489,150,50,9,2026-04-09
2026-04-04,NL,PENDING,68,2454.73,64,4,3,9,2026-04-09
2026-04-04,NL,REJECTED,166,4952.21,145,21,4,9,2026-04-08
2026-04-04,PL,ACCEPTED,1635,56381.55,1489,146,64,9,2026-04-09
2026-04-04,PL,PENDING,72,2067.17,65,7,3,9,2026-04-08
2026-04-04,PL,REJECTED,171,7813.96,160,11,5,9,2026-04-09
2026-04-04,SE,ACCEPTED,1594,56082.00,1467,127,51,9,2026-04-09
2026-04-04,SE,PENDING,88,3109.23,81,7,3,9,2026-04-08
2026-04-04,SE,REJECTED,151,5523.67,143,8,5,9,2026-04-09
2026-04-04,,ACCEPTED,82,3609.77,77,5,2,9,2026-04-08
2026-04-04,,PENDING,4,177.06,4,0,0,3,2026-04-04
2026-04-04,,REJECTED,8,166.93,8,0,0,4,2026-04-04
2026-04-05,BE,ACCEPTED,1201,40330.18,1113,88,53,9,2026-04-10
2026-04-05,BE,PENDING,49,1650.64,49,0,1,8,2026-04-06
2026-04-05,BE,REJECTED,100,3749.19,92,8,4,9,2026-04-10
2026-04-05,CH,ACCEPTED,1196,39209.15,1097,99,59,9,2026-04-10
2026-04-05,CH,PENDING,58,1979.00,54,4,2,9,2026-04-10
2026-04-05,CH,REJECTED,85,3629.78,80,5,3,9,2026-04-08
2026-04-05,DE,ACCEPTED,1164,39498.23,1064,100,55,9,2026-04-10
2026-04-05,DE,PENDING,57,2497.79,55,2,6,9,2026-04-10
2026-04-05,DE,REJECTED,116,3414.41,109,7,1,9,2026-04-09
2026-04-05,ES,ACCEPTED,1151,39713.64,1050,101,60,9,2026-04-10
2026-04-05,ES,PENDING,52,1918.96,47,5,2,9,2026-04-07
2026-04-05,ES,REJECTED,114,3485.91,100,14,11,9,2026-04-10
2026-04-05,FR,ACCEPTED,1181,37626.00,1094,87,53,9,2026-04-10
2026-04-05,FR,PENDING,48,1227.84,44,4,4,9,2026-04-10
2026-04-05,FR,REJECTED,110,3406.99,101,9,5,9,2026-04-10
2026-04-05,GB,ACCEPTED,1185,37751.63,1103,82,63,9,2026-04-10
2026-04-05,GB,PENDING,73,2951.83,71,2,1,9,2026-04-07
2026-04-05,GB,REJECTED,118,4278.15,106,12,4,9,2026-04-08
2026-04-05,IT,ACCEPTED,1170,37946.27,1068,102,52,9,2026-04-10
2026-04-05,IT,PENDING,59,2087.64,58,1,3,9,2026-04-09
2026-04-05,IT,REJECTED,110,3549.48,97,13,4,9,2026-04-10
2026-04-05,MA,ACCEPTED,1288,44799.78,1191,97,63,9,2026-04-10
2026-04-05,MA,PENDING,48,1548.42,46,2,3,9,2026-04-10
2026-04-05,MA,REJECTED,105,2962.22,95,10,5,9,2026-04-09
2026-04-05,NL,ACCEPTED,1255,43593.22,1155,100,67,9,2026-04-10
2026-04-05,NL,PENDING,47,1264.71,45,2,2,9,2026-04-09
2026-04-05,NL,REJECTED,121,5407.84,115,6,3,9,2026-04-10
2026-04-05,PL,ACCEPTED,1215,41378.51,1120,95,57,9,2026-04-10
2026-04-05,PL,PENDING,49,1744.74,46,3,0,9,2026-04-05
2026-04-05,PL,REJECTED,112,3925.96,102,10,6,9,2026-04-10
2026-04-05,SE,ACCEPTED,1171,38830.77,1073,98,62,9,2026-04-10
2026-04-05,SE,PENDING,59,1743.65,57,2,1,9,2026-04-10
2026-04-05,SE,REJECTED,101,3576.58,90,11,4,9,2026-04-10
2026-04-05,,ACCEPTED,47,1507.45,45,2,1,9,2026-04-08
2026-04-05,,PENDING,2,20.81,2,0,0,1,2026-04-05
2026-04-05,,REJECTED,5,23.06,4,1,0,5,2026-04-05
2026-04-06,BE,ACCEPTED,2541,89196.16,2349,192,53,9,2026-04-11
2026-04-06,BE,PENDING,124,3819.02,116,8,1,9,2026-04-10
2026-04-06,BE,REJECTED,253,10078.07,234,19,5,9,2026-04-10
2026-04-06,CH,ACCEPTED,2627,88601.79,2424,203,70,9,2026-04-11
2026-04-06,CH,PENDING,145,4494.54,127,18,2,9,2026-04-08
2026-04-06,CH,REJECTED,254,8801.36,231,23,5,9,2026-04-09
2026-04-06,DE,ACCEPTED,2571,80570.02,2374,197,53,9,2026-04-11
2026-04-06,DE,PENDING,120,3948.03,113,7,4,9,2026-04-10
2026-04-06,DE,REJECTED,239,6825.99,221,18,4,9,2026-04-11
2026-04-06,ES,ACCEPTED,2659,87104.45,2431,228,47,9,2026-04-11
2026-04-06,ES,PENDING,119,3167.90,106,13,1,9,2026-04-08
2026-04-06,ES,REJECTED,228,8045.10,205,23,4,9,2026-04-11
2026-04-06,FR,ACCEPTED,2663,89420.13,2431,232,66,9,2026-04-11
2026-04-06,FR,PENDING,137,4616.71,124,13,1,9,2026-04-11
2026-04-06,FR,REJECTED,236,6058.79,209,27,4,9,2026-04-11
2026-04-06,GB,ACCEPTED,2657,92407.78,2450,207,55,9,2026-04-11
2026-04-06,GB,PENDING,124,4361.82,119,5,1,9,2026-04-08
2026-04-06,GB,REJECTED,240,7150.53,217,23,5,9,2026-04-11
2026-04-06,IT,ACCEPTED,2525,81335.33,2341,184,49,9,2026-04-11
2026-04-06,IT,PENDING,121,5082.70,113,8,1,9,2026-04-08
2026-04-06,IT,REJECTED,254,9189.49,238,16,7,9,2026-04-10
2026-04-06,MA,ACCEPTED,2673,91448.12,2460,213,45,9,2026-04-11
2026-04-06,MA,PENDING,103,3782.69,98,5,5,9,2026-04-10
2026-04-06,MA,REJECTED,230,9840.98,217,13,4,9,2026-04-11
2026-04-06,NL,ACCEPTED,2553,85597.65,2366,187,42,9,2026-04-11
2026-04-06,NL,PENDING,111,3457.67,103,8,1,9,2026-04-08
2026-04-06,NL,REJECTED,230,6697.13,204,26,4,9,2026-04-11
2026-04-06,PL,ACCEPTED,2631,85669.85,2420,211,56,9,2026-04-11
2026-04-06,PL,PENDING,115,4288.94,104,11,4,9,2026-04-11
2026-04-06,PL,REJECTED,248,8333.24,235,13,6,9,2026-04-11
2026-04-06,SE,ACCEPTED,2553,85997.00,2346,207,45,9,2026-04-11
2026-04-06,SE,PENDING,121,3178.52,111,10,6,9,2026-04-10
2026-04-06,SE,REJECTED,239,8102.57,216,23,5,9,2026-04-10
2026-04-06,,ACCEPTED,143,5636.69,130,13,3,9,2026-04-10
2026-04-06,,PENDING,4,123.94,4,0,0,4,2026-04-06
2026-04-06,,REJECTED,11,162.16,8,3,1,5,2026-04-09
2026-04-07,BE,ACCEPTED,2903,96571.07,2652,251,43,9,2026-04-12
2026-04-07,BE,PENDING,124,4067.07,111,13,1,9,2026-04-11
2026-04-07,BE,REJECTED,259,9206.90,234,25,7,9,2026-04-10
2026-04-07,CH,ACCEPTED,2831,93847.81,2592,239,48,9,2026-04-12
2026-04-07,CH,PENDING,128,3669.04,116,12,2,9,2026-04-11
2026-04-07,CH,REJECTED,242,7668.73,227,15,6,9,2026-04-12
2026-04-07,DE,ACCEPTED,2869,93030.32,2639,230,49,9,2026-04-12
2026-04-07,DE,PENDING,128,6599.17,118,10,6,9,2026-04-11
2026-04-07,DE,REJECTED,248,6820.90,222,26,7,9,2026-04-12
2026-04-07,ES,ACCEPTED,2830,93665.29,2626,204,42,9,2026-04-12
2026-04-07,ES,PENDING,129,3977.54,121,8,0,9,2026-04-07
2026-04-07,ES,REJECTED,251,9257.89,234,17,5,9,2026-04-09
2026-04-07,FR,ACCEPTED,2829,99167.46,2600,229,60,9,2026-04-12
2026-04-07,FR,PENDING,130,4630.57,123,7,0,9,2026-04-07
2026-04-07,FR,REJECTED,254,9506.60,239,15,4,9,2026-04-10
2026-04-07,GB,ACCEPTED,2819,94827.86,2601,218,48,9,2026-04-12
2026-04-07,GB,PENDING,126,3641.69,115,11,1,9,2026-04-10
2026-04-07,GB,REJECTED,273,8787.77,247,26,4,9,2026-04-12
2026-04-07,IT,ACCEPTED,2835,93773.48,2626,209,34,9,2026-04-12
2026-04-07,IT,PENDING,149,4201.23,137,12,2,9,2026-04-12
2026-04-07,IT,REJECTED,239,7019.28,222,17,6,9,2026-04-10
2026-04-07,MA,ACCEPTED,2912,93641.23,2651,261,41,9,2026-04-12
2026-04-07,MA,PENDING,106,3360.56,102,4,1,9,2026-04-10
2026-04-07,MA,REJECTED,258,8438.08,233,25,2,9,2026-04-11
2026-04-07,NL,ACCEPTED,2808,95858.11,2565,243,44,9,2026-04-12
2026-04-07,NL,PENDING,132,4337.24,119,13,2,9,2026-04-11
2026-04-07,NL,REJECTED,280,8561.64,257,23,3,9,2026-04-12
2026-04-07,PL,ACCEPTED,2919,100500.26,2684,235,44,9,2026-04-12
2026-04-07,PL,PENDING,127,3667.32,113,14,1,9,2026-04-08
2026-04-07,PL,REJECTED,247,7758.61,230,17,2,9,2026-04-11
2026-04-07,SE,ACCEPTED,2831,100700.16,2602,229,47,9,2026-04-12
2026-04-07,SE,PENDING,131,5008.61,116,15,2,9,2026-04-10
2026-04-07,SE,REJECTED,251,8650.59,226,25,3,9,2026-04-12
2026-04-07,,ACCEPTED,143,4951.94,132,11,7,9,2026-04-12
2026-04-07,,PENDING,5,223.26,5,0,0,4,2026-04-07
2026-04-07,,REJECTED,8,567.02,8,0,0,4,2026-04-07
2026-04-08,BE,ACCEPTED,2818,90309.27,2599,219,63,9,2026-04-13
2026-04-08,BE,PENDING,119,3405.25,113,6,2,9,2026-04-10
2026-04-08,BE,REJECTED,274,9233.69,255,19,7,9,2026-04-13
2026-04-08,CH,ACCEPTED,2933,98711.26,2694,239,54,9,2026-04-13
2026-04-08,CH,PENDING,128,3793.13,120,8,0,9,2026-04-08
2026-04-08,CH,REJECTED,278,8591.53,261,17,5,9,2026-04-12
2026-04-08,DE,ACCEPTED,2938,98240.98,2656,282,47,9,2026-04-13
2026-04-08,DE,PENDING,143,4069.54,125,18,2,9,2026-04-13
2026-04-08,DE,REJECTED,281,9020.32,263,18,4,9,2026-04-13
2026-04-08,ES,ACCEPTED,2854,101664.44,2647,207,59,9,2026-04-13
2026-04-08,ES,PENDING,139,3930.25,126,13,1,9,2026-04-12
2026-04-08,ES,REJECTED,242,7502.83,226,16,4,9,2026-04-13
2026-04-08,FR,ACCEPTED,2882,97466.78,2672,210,56,9,2026-04-13
2026-04-08,FR,PENDING,136,3838.62,126,10,3,9,2026-04-10
2026-04-08,FR,REJECTED,258,8344.57,246,12,5,9,2026-04-13
2026-04-08,GB,ACCEPTED,2899,94066.56,2690,209,55,9,2026-04-13
2026-04-08,GB,PENDING,142,5087.01,127,15,2,9,2026-04-11
2026-04-08,GB,REJECTED,262,7950.83,233,29,1,9,2026-04-09
2026-04-08,IT,ACCEPTED,2918,94352.97,2715,203,53,9,2026-04-13
2026-04-08,IT,PENDING,152,6419.08,141,11,2,9,2026-04-12
2026-04-08,IT,REJECTED,266,8934.87,244,22,2,9,2026-04-11
2026-04-08,MA,ACCEPTED,2922,96872.76,2694,228,35,9,2026-04-13
2026-04-08,MA,PENDING,149,4488.82,132,17,4,9,2026-04-13
2026-04-08,MA,REJECTED,268,8355.92,246,22,4,9,2026-04-13
2026-04-08,NL,ACCEPTED,2885,99201.82,2638,247,40,9,2026-04-13
2026-04-08,NL,PENDING,129,4537.15,121,8,1,9,2026-04-13
2026-04-08,NL,REJECTED,258,10046.63,238,20,6,9,2026-04-13
2026-04-08,PL,ACCEPTED,2898,94173.62,2678,220,56,9,2026-04-13
2026-04-08,PL,PENDING,122,3490.39,111,11,4,9,2026-04-13
2026-04-08,PL,REJECTED,267,10342.33,248,19,5,9,2026-04-13
2026-04-08,SE,ACCEPTED,2953,98122.11,2719,234,49,9,2026-04-13
2026-04-08,SE,PENDING,140,4452.89,129,11,1,9,2026-04-12
2026-04-08,SE,REJECTED,296,7468.86,275,21,5,9,2026-04-12
2026-04-08,,ACCEPTED,141,3370.54,129,12,1,9,2026-04-11
2026-04-08,,PENDING,1,1.50,1,0,0,1,2026-04-08
2026-04-08,,REJECTED,5,19.18,5,0,0,3,2026-04-08
2026-04-09,BE,ACCEPTED,2903,96091.38,2677,226,49,9,2026-04-14
2026-04-09,BE,PENDING,154,6985.70,148,6,3,9,2026-04-14
2026-04-09,BE,REJECTED,281,8969.90,256,25,8,9,2026-04-14
2026-04-09,CH,ACCEPTED,2930,93630.33,2708,222,44,9,2026-04-14
2026-04-09,CH,PENDING,161,4560.97,145,16,1,9,2026-04-13
2026-04-09,CH,REJECTED,276,8078.41,245,31,5,9,2026-04-14
2026-04-09,DE,ACCEPTED,3025,95429.96,2792,233,47,9,2026-04-14
2026-04-09,DE,PENDING,122,4136.29,115,7,4,9,2026-04-14
2026-04-09,DE,REJECTED,242,8247.48,222,20,2,9,2026-04-13
2026-04-09,ES,ACCEPTED,2986,99050.73,2737,249,49,9,2026-04-14
2026-04-09,ES,PENDING,143,4291.08,125,18,3,9,2026-04-14
2026-04-09,ES,REJECTED,272,8356.80,254,18,6,9,2026-04-14
2026-04-09,FR,ACCEPTED,2896,93768.00,2643,253,59,9,2026-04-14
2026-04-09,FR,PENDING,123,4281.53,112,11,1,9,2026-04-14
2026-04-09,FR,REJECTED,271,8911.10,247,24,3,9,2026-04-11
2026-04-09,GB,ACCEPTED,2882,95247.34,2644,238,54,9,2026-04-14
2026-04-09,GB,PENDING,133,4033.84,123,10,1,9,2026-04-10
2026-04-09,GB,REJECTED,249,8963.80,232,17,3,9,2026-04-13
2026-04-09,IT,ACCEPTED,2934,99684.01,2711,223,43,9,2026-04-14
2026-04-09,IT,PENDING,146,4521.51,137,9,0,9,2026-04-09
2026-04-09,IT,REJECTED,268,9940.99,245,23,6,9,2026-04-14
2026-04-09,MA,ACCEPTED,2941,97888.61,2703,238,44,9,2026-04-14
2026-04-09,MA,PENDING,121,3826.30,111,10,2,9,2026-04-14
2026-04-09,MA,REJECTED,232,8379.99,214,18,3,9,2026-04-14
2026-04-09,NL,ACCEPTED,2856,98259.26,2629,227,40,9,2026-04-14
2026-04-09,NL,PENDING,126,4168.75,120,6,1,9,2026-04-14
2026-04-09,NL,REJECTED,281,9155.89,259,22,5,9,2026-04-14
2026-04-09,PL,ACCEPTED,2871,94769.05,2648,223,40,9,2026-04-14
2026-04-09,PL,PENDING,145,4091.76,138,7,2,9,2026-04-14
2026-04-09,PL,REJECTED,267,7279.75,252,15,2,9,2026-04-13
2026-04-09,SE,ACCEPTED,2900,98169.56,2680,220,48,9,2026-04-14
2026-04-09,SE,PENDING,137,4233.43,130,7,5,9,2026-04-14
2026-04-09,SE,REJECTED,260,10581.14,236,24,4,9,2026-04-14
2026-04-09,,ACCEPTED,143,4232.80,134,9,2,9,2026-04-11
2026-04-09,,PENDING,7,152.78,7,0,0,3,2026-04-09
2026-04-09,,REJECTED,10,292.20,10,0,0,6,2026-04-09
2026-04-10,BE,ACCEPTED,2964,100979.52,2746,218,47,9,2026-04-15
2026-04-10,BE,PENDING,150,4517.15,142,8,0,9,2026-04-10
2026-04-10,BE,REJECTED,258,7089.52,236,22,2,9,2026-04-13
2026-04-10,CH,ACCEPTED,3067,101144.04,2808,259,45,9,2026-04-15
2026-04-10,CH,PENDING,140,4610.54,126,14,3,9,2026-04-15
2026-04-10,CH,REJECTED,243,7915.24,219,24,3,9,2026-04-14
2026-04-10,DE,ACCEPTED,3029,93308.59,2790,239,36,9,2026-04-15
2026-04-10,DE,PENDING,133,5315.31,117,16,0,9,2026-04-10
2026-04-10,DE,REJECTED,293,10851.62,276,17,6,9,2026-04-15
2026-04-10,ES,ACCEPTED,3150,99716.43,2920,230,46,9,2026-04-15
2026-04-10,ES,PENDING,125,5137.47,118,7,3,9,2026-04-15
2026-04-10,ES,REJECTED,292,9284.81,269,23,5,9,2026-04-14
2026-04-10,FR,ACCEPTED,3096,108915.39,2847,249,53,9,2026-04-15
2026-04-10,FR,PENDING,129,3606.91,117,12,2,9,2026-04-12
2026-04-10,FR,REJECTED,274,8667.74,255,19,2,9,2026-04-12
2026-04-10,GB,ACCEPTED,2945,94524.09,2686,259,44,9,2026-04-15
2026-04-10,GB,PENDING,146,5972.65,142,4,5,9,2026-04-15
2026-04-10,GB,REJECTED,267,8508.81,249,18,2,9,2026-04-14
2026-04-10,IT,ACCEPTED,3036,101326.74,2814,222,51,9,2026-04-15
2026-04-10,IT,PENDING,155,5191.73,140,15,2,9,2026-04-14
2026-04-10,IT,REJECTED,274,8654.79,257,17,6,9,2026-04-15
2026-04-10,MA,ACCEPTED,3049,103954.78,2814,235,43,9,2026-04-15
2026-04-10,MA,PENDING,120,4664.33,112,8,2,9,2026-04-15
2026-04-10,MA,REJECTED,276,9384.97,257,19,6,9,2026-04-15
2026-04-10,NL,ACCEPTED,2985,98780.32,2748,237,52,9,2026-04-15
2026-04-10,NL,PENDING,138,5860.39,128,10,1,9,2026-04-13
2026-04-10,NL,REJECTED,290,9316.77,266,24,3,9,2026-04-13
2026-04-10,PL,ACCEPTED,3078,108297.19,2862,216,44,9,2026-04-15
2026-04-10,PL,PENDING,107,3305.57,95,12,1,9,2026-04-13
2026-04-10,PL,REJECTED,272,10890.64,246,26,2,9,2026-04-14
2026-04-10,SE,ACCEPTED,3085,101132.87,2826,259,37,9,2026-04-15
2026-04-10,SE,PENDING,138,4688.61,127,11,1,9,2026-04-11
2026-04-10,SE,REJECTED,276,10939.84,259,17,4,9,2026-04-15
2026-04-10,,ACCEPTED,132,4629.10,127,5,4,9,2026-04-15
2026-04-10,,PENDING,7,555.49,4,3,0,3,2026-04-10
2026-04-10,,REJECTED,10,331.43,10,0,0,5,2026-04-10
2026-04-11,BE,ACCEPTED,1719,57494.05,1582,137,53,9,2026-04-16
2026-04-11,BE,PENDING,89,2659.46,83,6,2,9,2026-04-15
2026-04-11,BE,REJECTED,160,5110.22,146,14,4,9,2026-04-15
2026-04-11,CH,ACCEPTED,1757,57694.42,1630,127,63,9,2026-04-16
2026-04-11,CH,PENDING,79,2331.39,73,6,2,9,2026-04-15
2026-04-11,CH,REJECTED,180,6539.18,165,15,8,9,2026-04-16
2026-04-11,DE,ACCEPTED,1660,57080.29,1520,140,52,9,2026-04-16
2026-04-11,DE,PENDING,82,2114.16,74,8,1,9,2026-04-13
2026-04-11,DE,REJECTED,151,5157.94,139,12,1,9,2026-04-13
2026-04-11,ES,ACCEPTED,1680,53841.05,1535,145,49,9,2026-04-16
2026-04-11,ES,PENDING,76,2293.88,66,10,3,9,2026-04-16
2026-04-11,ES,REJECTED,160,5218.27,147,13,7,9,2026-04-16
2026-04-11,FR,ACCEPTED,1718,52814.86,1571,147,43,9,2026-04-16
2026-04-11,FR,PENDING,84,2693.60,78,6,3,9,2026-04-16
2026-04-11,FR,REJECTED,148,5419.72,136,12,2,9,2026-04-14
2026-04-11,GB,ACCEPTED,1735,57762.68,1571,164,51,9,2026-04-16
2026-04-11,GB,PENDING,72,2599.54,68,4,2,9,2026-04-15
2026-04-11,GB,REJECTED,149,5683.76,138,11,7,9,2026-04-16
2026-04-11,IT,ACCEPTED,1642,52196.16,1506,136,55,9,2026-04-16
2026-04-11,IT,PENDING,53,1197.68,50,3,2,9,2026-04-14
2026-04-11,IT,REJECTED,155,3497.15,143,12,7,9,2026-04-15
2026-04-11,MA,ACCEPTED,1772,60736.14,1636,136,61,9,2026-04-16
2026-04-11,MA,PENDING,92,3608.31,88,4,4,9,2026-04-16
2026-04-11,MA,REJECTED,175,8198.21,162,13,4,9,2026-04-16
2026-04-11,NL,ACCEPTED,1817,63016.42,1658,159,66,9,2026-04-16
2026-04-11,NL,PENDING,75,2125.67,67,8,2,9,2026-04-16
2026-04-11,NL,REJECTED,139,3319.31,123,16,7,9,2026-04-16
2026-04-11,PL,ACCEPTED,1793,59359.25,1653,140,56,9,2026-04-16
2026-04-11,PL,PENDING,96,3592.47,86,10,4,9,2026-04-15
2026-04-11,PL,REJECTED,164,6508.89,152,12,6,9,2026-04-16
2026-04-11,SE,ACCEPTED,1727,59009.09,1598,129,57,9,2026-04-16
2026-04-11,SE,PENDING,100,3666.39,87,13,5,9,2026-04-16
2026-04-11,SE,REJECTED,145,6190.70,137,8,5,9,2026-04-15
2026-04-11,,ACCEPTED,81,2689.91,74,7,0,9,2026-04-11
2026-04-11,,PENDING,2,55.65,2,0,0,2,2026-04-11
2026-04-11,,REJECTED,7,170.03,6,1,2,5,2026-04-16
2026-04-12,BE,ACCEPTED,1139,34602.26,1056,83,67,9,2026-04-17
2026-04-12,BE,PENDING,53,1379.38,47,6,2,8,2026-04-14
2026-04-12,BE,REJECTED,100,3564.69,91,9,6,9,2026-04-17
2026-04-12,CH,ACCEPTED,1088,33619.34,997,91,43,9,2026-04-17
2026-04-12,CH,PENDING,57,2284.95,51,6,3,9,2026-04-15
2026-04-12,CH,REJECTED,102,4172.43,94,8,8,9,2026-04-17
2026-04-12,DE,ACCEPTED,1123,36499.07,1037,86,65,9,2026-04-17
2026-04-12,DE,PENDING,44,1319.27,39,5,3,9,2026-04-14
2026-04-12,DE,REJECTED,90,2353.75,83,7,4,9,2026-04-16
2026-04-12,ES,ACCEPTED,1122,39727.36,1030,92,66,9,2026-04-17
2026-04-12,ES,PENDING,50,1561.41,46,4,4,9,2026-04-17
2026-04-12,ES,REJECTED,89,2626.47,82,7,3,9,2026-04-17
2026-04-12,FR,ACCEPTED,1166,36680.89,1074,92,66,9,2026-04-17
2026-04-12,FR,PENDING,53,1566.54,51,2,0,8,2026-04-12
2026-04-12,FR,REJECTED,97,2982.98,90,7,7,9,2026-04-15
2026-04-12,GB,ACCEPTED,1071,35611.63,994,77,63,9,2026-04-17
2026-04-12,GB,PENDING,66,2536.87,64,2,1,9,2026-04-14
2026-04-12,GB,REJECTED,111,3747.27,102,9,3,9,2026-04-16
2026-04-12,IT,ACCEPTED,1111,39594.59,1022,89,65,9,2026-04-17
2026-04-12,IT,PENDING,69,2650.60,65,4,2,9,2026-04-16
2026-04-12,IT,REJECTED,111,3844.12,100,11,5,9,2026-04-16
2026-04-12,MA,ACCEPTED,1113,39410.98,1026,87,75,9,2026-04-17
2026-04-12,MA,PENDING,51,2270.87,49,2,3,9,2026-04-16
2026-04-12,MA,REJECTED,106,4917.26,97,9,4,9,2026-04-17
2026-04-12,NL,ACCEPTED,1071,35155.82,990,81,65,9,2026-04-17
2026-04-12,NL,PENDING,48,1643.26,48,0,4,8,2026-04-17
2026-04-12,NL,REJECTED,122,3597.74,110,12,5,9,2026-04-17
2026-04-12,PL,ACCEPTED,1110,36227.72,1027,83,55,9,2026-04-17
2026-04-12,PL,PENDING,60,2600.49,55,5,3,9,2026-04-16
2026-04-12,PL,REJECTED,119,3177.18,105,14,5,9,2026-04-16
2026-04-12,SE,ACCEPTED,1046,36695.04,964,82,64,9,2026-04-17
2026-04-12,SE,PENDING,48,1826.93,45,3,2,9,2026-04-13
2026-04-12,SE,REJECTED,105,3865.32,91,14,10,9,2026-04-17
2026-04-12,,ACCEPTED,63,2690.25,57,6,1,9,2026-04-15
2026-04-12,,PENDING,3,104.12,3,0,0,2,2026-04-12
2026-04-12,,REJECTED,2,30.19,2,0,0,2,2026-04-12
2026-04-13,BE,ACCEPTED,2832,98085.09,2629,203,64,9,2026-04-18
2026-04-13,BE,PENDING,142,4778.81,128,14,1,9,2026-04-17
2026-04-13,BE,REJECTED,262,8468.70,241,21,5,9,2026-04-18
2026-04-13,CH,ACCEPTED,2910,92894.31,2660,250,60,9,2026-04-18
2026-04-13,CH,PENDING,150,5521.40,140,10,3,9,2026-04-17
2026-04-13,CH,REJECTED,290,11409.60,273,17,2,9,2026-04-15
2026-04-13,DE,ACCEPTED,2870,93313.30,2659,211,50,9,2026-04-18
2026-04-13,DE,PENDING,129,5486.60,121,8,4,9,2026-04-18
2026-04-13,DE,REJECTED,261,7952.25,242,19,5,9,2026-04-17
2026-04-13,ES,ACCEPTED,2887,90571.09,2620,267,55,9,2026-04-18
2026-04-13,ES,PENDING,127,4231.67,119,8,2,9,2026-04-16
2026-04-13,ES,REJECTED,276,7701.27,252,24,7,9,2026-04-18
2026-04-13,FR,ACCEPTED,2955,91637.46,2700,255,50,9,2026-04-18
2026-04-13,FR,PENDING,123,4506.80,108,15,0,9,2026-04-13
2026-04-13,FR,REJECTED,272,8332.39,258,14,6,9,2026-04-16
2026-04-13,GB,ACCEPTED,2938,103591.26,2726,212,59,9,2026-04-18
2026-04-13,GB,PENDING,152,5883.85,139,13,5,9,2026-04-17
2026-04-13,GB,REJECTED,254,7265.47,238,16,4,9,2026-04-18
2026-04-13,IT,ACCEPTED,2909,99272.68,2665,244,54,9,2026-04-18
2026-04-13,IT,PENDING,142,5864.37,131,11,0,9,2026-04-13
2026-04-13,IT,REJECTED,297,9521.29,282,15,8,9,2026-04-17
2026-04-13,MA,ACCEPTED,2894,89932.56,2638,256,52,9,2026-04-18
2026-04-13,MA,PENDING,135,5090.78,129,6,5,9,2026-04-17
2026-04-13,MA,REJECTED,248,7900.50,223,25,5,9,2026-04-17
2026-04-13,NL,ACCEPTED,2901,93388.26,2681,220,52,9,2026-04-18
2026-04-13,NL,PENDING,134,3777.38,121,13,2,9,2026-04-17
2026-04-13,NL,REJECTED,269,8289.24,250,19,4,9,2026-04-17
2026-04-13,PL,ACCEPTED,2856,88486.37,2632,224,52,9,2026-04-18
2026-04-13,PL,PENDING,129,3808.63,118,11,0,9,2026-04-13
2026-04-13,PL,REJECTED,256,8561.23,236,20,9,9,2026-04-17
2026-04-13,SE,ACCEPTED,2906,95762.00,2679,227,47,9,2026-04-18
2026-04-13,SE,PENDING,135,4581.02,125,10,5,9,2026-04-17
2026-04-13,SE,REJECTED,285,11268.14,270,15,7,9,2026-04-18
2026-04-13,,ACCEPTED,152,3816.79,140,12,5,9,2026-04-18
2026-04-13,,PENDING,6,133.87,4,2,0,3,2026-04-13
2026-04-13,,REJECTED,12,603.58,12,0,0,4,2026-04-13
2026-04-14,BE,ACCEPTED,3046,105651.71,2814,232,45,9,2026-04-19
2026-04-14,BE,PENDING,137,5475.11,126,11,1,9,2026-04-16
2026-04-14,BE,REJECTED,254,9930.95,230,24,6,9,2026-04-18
2026-04-14,CH,ACCEPTED,2933,96060.10,2702,231,53,9,2026-04-19
2026-04-14,CH,PENDING,162,6257.86,151,11,1,9,2026-04-17
2026-04-14,CH,REJECTED,261,9263.81,231,30,3,9,2026-04-18
2026-04-14,DE,ACCEPTED,3016,106377.54,2787,229,36,9,2026-04-19
2026-04-14,DE,PENDING,116,4077.27,108,8,1,9,2026-04-15
2026-04-14,DE,REJECTED,280,10646.84,260,20,5,9,2026-04-19
2026-04-14,ES,ACCEPTED,3088,105687.67,2853,235,59,9,2026-04-19
2026-04-14,ES,PENDING,151,4991.06,134,17,1,9,2026-04-19
2026-04-14,ES,REJECTED,292,10036.23,279,13,1,9,2026-04-18
2026-04-14,FR,ACCEPTED,3008,101826.18,2769,239,44,9,2026-04-19
2026-04-14,FR,PENDING,136,4464.22,122,14,4,9,2026-04-18
2026-04-14,FR,REJECTED,280,9132.20,257,23,2,9,2026-04-19
2026-04-14,GB,ACCEPTED,2993,94420.17,2768,225,44,9,2026-04-19
2026-04-14,GB,PENDING,128,4274.95,117,11,3,9,2026-04-18
2026-04-14,GB,REJECTED,276,10338.14,254,22,5,9,2026-04-19
2026-04-14,IT,ACCEPTED,3062,99381.07,2797,265,41,9,2026-04-19
2026-04-14,IT,PENDING,127,6007.89,114,13,1,9,2026-04-15
2026-04-14,IT,REJECTED,280,9292.53,258,22,5,9,2026-04-17
2026-04-14,MA,ACCEPTED,3069,101981.24,2835,234,39,9,2026-04-19
2026-04-14,MA,PENDING,138,5001.67,119,19,3,9,2026-04-19
2026-04-14,MA,REJECTED,283,8002.23,265,18,4,9,2026-04-18
2026-04-14,NL,ACCEPTED,3161,105568.90,2921,240,59,9,2026-04-19
2026-04-14,NL,PENDING,155,4434.19,142,13,1,9,2026-04-15
2026-04-14,NL,REJECTED,262,10834.29,242,20,10,9,2026-04-19
2026-04-14,PL,ACCEPTED,3023,97602.27,2807,216,56,9,2026-04-19
2026-04-14,PL,PENDING,128,4139.16,121,7,3,9,2026-04-18
2026-04-14,PL,REJECTED,311,9328.86,275,36,2,9,2026-04-17
2026-04-14,SE,ACCEPTED,3060,106104.00,2807,253,49,9,2026-04-19
2026-04-14,SE,PENDING,143,4413.47,127,16,2,9,2026-04-16
2026-04-14,SE,REJECTED,280,8287.72,265,15,4,9,2026-04-19
2026-04-14,,ACCEPTED,132,4729.76,120,12,3,9,2026-04-18
2026-04-14,,PENDING,7,41.78,5,2,0,5,2026-04-14
2026-04-14,,REJECTED,14,444.56,13,1,0,7,2026-04-14
2026-04-15,BE,ACCEPTED,3019,102958.20,2780,239,60,9,2026-04-20
2026-04-15,BE,PENDING,119,3226.63,111,8,3,9,2026-04-19
2026-04-15,BE,REJECTED,277,8557.73,250,27,6,9,2026-04-20
2026-04-15,CH,ACCEPTED,2950,99759.18,2712,238,47,9,2026-04-20
2026-04-15,CH,PENDING,124,4472.57,118,6,0,9,2026-04-15
2026-04-15,CH,REJECTED,273,8711.00,248,25,2,9,2026-04-18
2026-04-15,DE,ACCEPTED,2952,96493.52,2702,250,47,9,2026-04-20
2026-04-15,DE,PENDING,123,3098.55,117,6,2,9,2026-04-17
2026-04-15,DE,REJECTED,277,9106.19,253,24,2,9,2026-04-20
2026-04-15,ES,ACCEPTED,2919,98744.55,2676,243,46,9,2026-04-20
2026-04-15,ES,PENDING,136,4645.53,124,12,3,9,2026-04-20
2026-04-15,ES,REJECTED,293,8497.63,268,25,3,9,2026-04-19
2026-04-15,FR,ACCEPTED,2954,100477.29,2716,238,47,9,2026-04-20
2026-04-15,FR,PENDING,123,4277.02,116,7,5,9,2026-04-20
2026-04-15,FR,REJECTED,294,9612.44,274,20,3,9,2026-04-18
2026-04-15,GB,ACCEPTED,2976,101150.05,2742,234,35,9,2026-04-20
2026-04-15,GB,PENDING,140,5081.93,137,3,3,9,2026-04-20
2026-04-15,GB,REJECTED,268,9482.92,242,26,3,9,2026-04-19
2026-04-15,IT,ACCEPTED,2955,99418.46,2739,216,45,9,2026-04-20
2026-04-15,IT,PENDING,129,3520.81,116,13,0,9,2026-04-15
2026-04-15,IT,REJECTED,309,9530.27,279,30,5,9,2026-04-17
2026-04-15,MA,ACCEPTED,2944,99007.26,2715,229,42,9,2026-04-20
2026-04-15,MA,PENDING,156,4436.52,146,10,2,9,2026-04-20
2026-04-15,MA,REJECTED,279,10024.00,264,15,6,9,2026-04-20
2026-04-15,NL,ACCEPTED,2951,98593.93,2735,216,48,9,2026-04-20
2026-04-15,NL,PENDING,119,4059.54,109,10,0,9,2026-04-15
2026-04-15,NL,REJECTED,272,9074.31,249,23,3,9,2026-04-20
2026-04-15,PL,ACCEPTED,3014,95548.49,2771,243,63,9,2026-04-20
2026-04-15,PL,PENDING,131,4012.30,117,14,3,9,2026-04-18
2026-04-15,PL,REJECTED,267,10167.44,248,19,11,9,2026-04-20
2026-04-15,SE,ACCEPTED,2907,101753.12,2681,226,37,9,2026-04-20
2026-04-15,SE,PENDING,118,3332.90,106,12,0,9,2026-04-15
2026-04-15,SE,REJECTED,262,8738.73,237,25,3,9,2026-04-18
2026-04-15,,ACCEPTED,153,4729.83,139,14,3,9,2026-04-20
2026-04-15,,PENDING,8,555.39,7,1,0,4,2026-04-15
2026-04-15,,REJECTED,12,396.62,11,1,0,6,2026-04-15
2026-04-16,BE,ACCEPTED,2862,96282.33,2636,226,39,9,2026-04-21
2026-04-16,BE,PENDING,136,3790.86,125,11,4,9,2026-04-21
2026-04-16,BE,REJECTED,282,9120.36,257,25,2,9,2026-04-20
2026-04-16,CH,ACCEPTED,2941,98651.59,2705,236,47,9,2026-04-21
2026-04-16,CH,PENDING,152,4534.87,142,10,1,9,2026-04-21
2026-04-16,CH,REJECTED,282,9507.51,257,25,7,9,2026-04-21
2026-04-16,DE,ACCEPTED,2979,98325.18,2784,195,45,9,2026-04-21
2026-04-16,DE,PENDING,121,4213.59,112,9,0,9,2026-04-16
2026-04-16,DE,REJECTED,278,12139.67,258,20,5,9,2026-04-21
2026-04-16,ES,ACCEPTED,2851,94140.25,2645,206,45,9,2026-04-21
2026-04-16,ES,PENDING,157,4439.92,135,22,4,9,2026-04-20
2026-04-16,ES,REJECTED,276,8875.82,248,28,1,9,2026-04-20
2026-04-16,FR,ACCEPTED,2931,97480.95,2689,242,56,9,2026-04-21
2026-04-16,FR,PENDING,131,3829.09,118,13,1,9,2026-04-17
2026-04-16,FR,REJECTED,258,9375.40,237,21,4,9,2026-04-20
2026-04-16,GB,ACCEPTED,2994,104914.81,2748,246,42,9,2026-04-21
2026-04-16,GB,PENDING,131,5023.23,124,7,1,9,2026-04-17
2026-04-16,GB,REJECTED,309,12491.18,290,19,6,9,2026-04-20
2026-04-16,IT,ACCEPTED,2906,95833.07,2661,245,43,9,2026-04-21
2026-04-16,IT,PENDING,146,4799.16,130,16,2,9,2026-04-21
2026-04-16,IT,REJECTED,274,10734.42,250,24,4,9,2026-04-21
2026-04-16,MA,ACCEPTED,3019,98604.08,2786,233,34,9,2026-04-21
2026-04-16,MA,PENDING,119,2950.11,111,8,0,9,2026-04-16
2026-04-16,MA,REJECTED,231,6257.16,214,17,2,9,2026-04-20
2026-04-16,NL,ACCEPTED,2964,98591.52,2753,211,47,9,2026-04-21
2026-04-16,NL,PENDING,152,5509.33,135,17,4,9,2026-04-20
2026-04-16,NL,REJECTED,262,7286.44,239,23,4,9,2026-04-20
2026-04-16,PL,ACCEPTED,2971,99974.19,2717,254,49,9,2026-04-21
2026-04-16,PL,PENDING,138,4481.04,132,6,3,9,2026-04-20
2026-04-16,PL,REJECTED,283,9835.57,256,27,7,9,2026-04-20
2026-04-16,SE,ACCEPTED,3008,105888.92,2783,225,37,9,2026-04-21
2026-04-16,SE,PENDING,162,4619.81,154,8,4,9,2026-04-21
2026-04-16,SE,REJECTED,269,9669.20,247,22,2,9,2026-04-21
2026-04-16,,ACCEPTED,126,3812.50,114,12,1,9,2026-04-18
2026-04-16,,PENDING,10,249.87,10,0,0,5,2026-04-16
2026-04-16,,REJECTED,15,245.59,14,1,0,9,2026-04-16
2026-04-17,BE,ACCEPTED,3153,99235.08,2900,253,44,9,2026-04-22
2026-04-17,BE,PENDING,142,4558.23,124,18,3,9,2026-04-22
2026-04-17,BE,REJECTED,280,8138.68,263,17,4,9,2026-04-22
2026-04-17,CH,ACCEPTED,3073,101391.26,2831,242,52,9,2026-04-22
2026-04-17,CH,PENDING,147,4878.69,137,10,2,9,2026-04-21
2026-04-17,CH,REJECTED,286,10207.33,262,24,9,9,2026-04-22
2026-04-17,DE,ACCEPTED,3074,103241.72,2824,250,29,9,2026-04-22
2026-04-17,DE,PENDING,148,4465.81,138,10,4,9,2026-04-21
2026-04-17,DE,REJECTED,305,11444.37,276,29,5,9,2026-04-22
2026-04-17,ES,ACCEPTED,3083,102072.86,2839,244,38,9,2026-04-22
2026-04-17,ES,PENDING,135,5885.66,128,7,0,9,2026-04-17
2026-04-17,ES,REJECTED,292,8807.44,257,35,4,9,2026-04-21
2026-04-17,FR,ACCEPTED,3126,106051.25,2865,261,43,9,2026-04-22
2026-04-17,FR,PENDING,139,5428.34,124,15,2,9,2026-04-22
2026-04-17,FR,REJECTED,279,10993.81,262,17,0,9,2026-04-17
2026-04-17,GB,ACCEPTED,3125,105344.52,2864,261,35,9,2026-04-22
2026-04-17,GB,PENDING,135,5206.16,123,12,2,9,2026-04-21
2026-04-17,GB,REJECTED,263,6224.91,234,29,2,9,2026-04-22
2026-04-17,IT,ACCEPTED,3118,109400.19,2874,244,45,9,2026-04-22
2026-04-17,IT,PENDING,136,3888.78,128,8,1,9,2026-04-20
2026-04-17,IT,REJECTED,298,8856.26,267,31,3,9,2026-04-21
2026-04-17,MA,ACCEPTED,3170,102156.67,2903,267,54,9,2026-04-22
2026-04-17,MA,PENDING,142,3661.94,135,7,1,9,2026-04-20
2026-04-17,MA,REJECTED,279,10889.94,255,24,8,9,2026-04-22
2026-04-17,NL,ACCEPTED,3103,99373.34,2835,268,48,9,2026-04-22
2026-04-17,NL,PENDING,178,4807.93,166,12,2,9,2026-04-21
2026-04-17,NL,REJECTED,279,10082.55,251,28,5,9,2026-04-22
2026-04-17,PL,ACCEPTED,3089,100345.80,2851,238,39,9,2026-04-22
2026-04-17,PL,PENDING,144,4811.17,137,7,1,9,2026-04-20
2026-04-17,PL,REJECTED,264,9882.79,247,17,2,9,2026-04-22
2026-04-17,SE,ACCEPTED,3146,103727.54,2879,267,48,9,2026-04-22
2026-04-17,SE,PENDING,145,4454.03,137,8,1,9,2026-04-21
2026-04-17,SE,REJECTED,262,8691.89,239,23,1,9,2026-04-20
2026-04-17,,ACCEPTED,151,6348.41,141,10,1,9,2026-04-21
2026-04-17,,PENDING,9,117.41,9,0,0,6,2026-04-17
2026-04-17,,REJECTED,16,600.17,15,1,1,8,2026-04-21
2026-04-18,BE,ACCEPTED,1508,49380.33,1387,121,58,9,2026-04-23
2026-04-18,BE,PENDING,62,2017.96,56,6,2,9,2026-04-23
2026-04-18,BE,REJECTED,127,3047.79,120,7,6,9,2026-04-23
2026-04-18,CH,ACCEPTED,1419,43924.02,1321,98,50,9,2026-04-23
2026-04-18,CH,PENDING,54,3427.50,54,0,0,8,2026-04-18
2026-04-18,CH,REJECTED,137,4732.37,126,11,6,9,2026-04-23
2026-04-18,DE,ACCEPTED,1402,44022.98,1273,129,54,9,2026-04-23
2026-04-18,DE,PENDING,72,2523.73,70,2,2,9,2026-04-23
2026-04-18,DE,REJECTED,136,4249.99,123,13,5,9,2026-04-22
2026-04-18,ES,ACCEPTED,1419,46426.14,1295,124,48,9,2026-04-23
2026-04-18,ES,PENDING,61,1545.06,60,1,4,9,2026-04-22
2026-04-18,ES,REJECTED,140,6001.03,125,15,4,9,2026-04-22
2026-04-18,FR,ACCEPTED,1439,48875.35,1334,105,58,9,2026-04-23
2026-04-18,FR,PENDING,78,1917.76,71,7,2,9,2026-04-23
2026-04-18,FR,REJECTED,126,5137.80,111,15,5,9,2026-04-23
2026-04-18,GB,ACCEPTED,1395,46723.17,1280,115,49,9,2026-04-23
2026-04-18,GB,PENDING,70,1867.75,67,3,6,9,2026-04-23
2026-04-18,GB,REJECTED,130,4203.84,118,12,3,9,2026-04-23
2026-04-18,IT,ACCEPTED,1432,45856.57,1314,118,44,9,2026-04-23
2026-04-18,IT,PENDING,80,2840.60,77,3,0,9,2026-04-18
2026-04-18,IT,REJECTED,146,5266.46,134,12,10,9,2026-04-23
2026-04-18,MA,ACCEPTED,1435,46897.86,1324,111,49,9,2026-04-23
2026-04-18,MA,PENDING,73,2955.46,68,5,9,9,2026-04-23
2026-04-18,MA,REJECTED,145,4101.32,132,13,6,9,2026-04-23
2026-04-18,NL,ACCEPTED,1397,46650.62,1302,95,55,9,2026-04-23
2026-04-18,NL,PENDING,81,2465.13,78,3,5,9,2026-04-23
2026-04-18,NL,REJECTED,116,3997.98,106,10,4,9,2026-04-23
2026-04-18,PL,ACCEPTED,1474,44544.92,1343,131,47,9,2026-04-23
2026-04-18,PL,PENDING,70,2695.72,66,4,2,9,2026-04-23
2026-04-18,PL,REJECTED,122,4720.40,113,9,4,9,2026-04-23
2026-04-18,SE,ACCEPTED,1439,54724.31,1345,94,52,9,2026-04-23
2026-04-18,SE,PENDING,68,2083.47,66,2,2,9,2026-04-22
2026-04-18,SE,REJECTED,123,2878.76,110,13,4,9,2026-04-22
2026-04-18,,ACCEPTED,55,1676.84,51,4,2,9,2026-04-23
2026-04-18,,PENDING,1,,0,1,0,1,2026-04-18
2026-04-18,,REJECTED,6,105.39,4,2,0,5,2026-04-18
2026-04-19,BE,ACCEPTED,1200,39042.67,1099,101,58,9,2026-04-24
2026-04-19,BE,PENDING,66,1504.82,58,8,2,9,2026-04-24
2026-04-19,BE,REJECTED,123,4818.47,111,12,4,9,2026-04-24
2026-04-19,CH,ACCEPTED,1226,38174.87,1132,94,44,9,2026-04-24
2026-04-19,CH,PENDING,60,2083.01,54,6,3,9,2026-04-22
2026-04-19,CH,REJECTED,126,4765.44,116,10,7,9,2026-04-24
2026-04-19,DE,ACCEPTED,1142,37492.36,1057,85,51,9,2026-04-24
2026-04-19,DE,PENDING,57,1666.73,54,3,1,9,2026-04-24
2026-04-19,DE,REJECTED,114,3350.92,104,10,3,9,2026-04-22
2026-04-19,ES,ACCEPTED,1222,46307.17,1137,85,67,9,2026-04-24
2026-04-19,ES,PENDING,47,1835.55,42,5,4,9,2026-04-24
2026-04-19,ES,REJECTED,102,3250.66,95,7,6,9,2026-04-23
2026-04-19,FR,ACCEPTED,1187,39984.37,1096,91,60,9,2026-04-24
2026-04-19,FR,PENDING,44,1419.43,39,5,1,9,2026-04-24
2026-04-19,FR,REJECTED,121,4543.42,109,12,1,9,2026-04-20
2026-04-19,GB,ACCEPTED,1214,42723.45,1133,81,58,9,2026-04-24
2026-04-19,GB,PENDING,57,2233.51,53,4,4,9,2026-04-24
2026-04-19,GB,REJECTED,112,3333.30,104,8,6,9,2026-04-24
2026-04-19,IT,ACCEPTED,1225,42468.58,1139,86,56,9,2026-04-24
2026-04-19,IT,PENDING,50,1875.61,46,4,1,9,2026-04-21
2026-04-19,IT,REJECTED,129,4318.82,114,15,9,9,2026-04-24
2026-04-19,MA,ACCEPTED,1227,43044.68,1119,108,59,9,2026-04-24
2026-04-19,MA,PENDING,65,2051.90,58,7,2,8,2026-04-23
2026-04-19,MA,REJECTED,119,4340.70,116,3,8,9,2026-04-24
2026-04-19,NL,ACCEPTED,1191,43318.66,1113,78,49,9,2026-04-24
2026-04-19,NL,PENDING,66,1718.71,63,3,2,9,2026-04-23
2026-04-19,NL,REJECTED,101,3457.47,94,7,4,9,2026-04-24
2026-04-19,PL,ACCEPTED,1155,38577.06,1056,99,68,9,2026-04-24
2026-04-19,PL,PENDING,51,1800.83,49,2,2,9,2026-04-24
2026-04-19,PL,REJECTED,120,3671.48,109,11,9,9,2026-04-24
2026-04-19,SE,ACCEPTED,1259,43032.35,1160,99,56,9,2026-04-24
2026-04-19,SE,PENDING,48,995.72,45,3,2,9,2026-04-24
2026-04-19,SE,REJECTED,92,3086.51,85,7,3,9,2026-04-23
2026-04-19,,ACCEPTED,54,2917.47,52,2,1,9,2026-04-20
2026-04-19,,PENDING,4,36.09,4,0,0,3,2026-04-19
2026-04-19,,REJECTED,6,336.24,6,0,0,3,2026-04-19
2026-04-20,BE,ACCEPTED,2737,90720.37,2512,225,49,9,2026-04-25
2026-04-20,BE,PENDING,115,3190.58,105,10,2,9,2026-04-23
2026-04-20,BE,REJECTED,258,8990.58,239,19,3,9,2026-04-23
2026-04-20,CH,ACCEPTED,2787,98598.70,2547,240,48,9,2026-04-25
2026-04-20,CH,PENDING,129,4721.98,120,9,3,9,2026-04-24
2026-04-20,CH,REJECTED,251,7033.27,232,19,4,9,2026-04-24
2026-04-20,DE,ACCEPTED,2693,94049.69,2489,204,56,9,2026-04-25
2026-04-20,DE,PENDING,134,4142.84,123,11,4,9,2026-04-24
2026-04-20,DE,REJECTED,264,8622.99,250,14,3,9,2026-04-24
2026-04-20,ES,ACCEPTED,2750,93526.02,2522,228,52,9,2026-04-25
2026-04-20,ES,PENDING,138,6372.97,124,14,3,9,2026-04-23
2026-04-20,ES,REJECTED,230,7857.19,216,14,10,9,2026-04-25
2026-04-20,FR,ACCEPTED,2799,94871.20,2578,221,55,9,2026-04-25
2026-04-20,FR,PENDING,116,2604.45,103,13,2,9,2026-04-25
2026-04-20,FR,REJECTED,272,9207.58,255,17,6,9,2026-04-25
2026-04-20,GB,ACCEPTED,2691,93141.38,2474,217,62,9,2026-04-25
2026-04-20,GB,PENDING,118,3964.70,113,5,1,9,2026-04-21
2026-04-20,GB,REJECTED,217,8485.49,198,19,7,9,2026-04-25
2026-04-20,IT,ACCEPTED,2658,95558.05,2445,213,47,9,2026-04-25
2026-04-20,IT,PENDING,129,4126.52,122,7,6,9,2026-04-24
2026-04-20,IT,REJECTED,243,9676.15,225,18,10,9,2026-04-25
2026-04-20,MA,ACCEPTED,2691,86687.76,2464,227,53,9,2026-04-25
2026-04-20,MA,PENDING,128,4066.36,119,9,5,9,2026-04-24
2026-04-20,MA,REJECTED,258,9527.96,232,26,5,9,2026-04-24
2026-04-20,NL,ACCEPTED,2720,95554.12,2492,228,62,9,2026-04-25
2026-04-20,NL,PENDING,139,5166.92,133,6,0,9,2026-04-20
2026-04-20,NL,REJECTED,252,7830.59,234,18,6,9,2026-04-25
2026-04-20,PL,ACCEPTED,2661,94147.23,2440,221,48,9,2026-04-25
2026-04-20,PL,PENDING,131,4416.41,122,9,1,9,2026-04-21
2026-04-20,PL,REJECTED,221,7278.48,202,19,4,9,2026-04-25
2026-04-20,SE,ACCEPTED,2712,91202.18,2513,199,50,9,2026-04-25
2026-04-20,SE,PENDING,118,4502.49,107,11,4,9,2026-04-23
2026-04-20,SE,REJECTED,228,7941.39,206,22,4,9,2026-04-24
2026-04-20,,ACCEPTED,136,4790.87,125,11,6,9,2026-04-24
2026-04-20,,PENDING,9,394.39,7,2,0,5,2026-04-20
2026-04-20,,REJECTED,13,288.29,12,1,1,5,2026-04-21
2026-04-21,BE,ACCEPTED,2788,90643.57,2580,208,49,9,2026-04-26
2026-04-21,BE,PENDING,122,4397.07,110,12,3,9,2026-04-25
2026-04-21,BE,REJECTED,252,9282.27,234,18,8,9,2026-04-25
2026-04-21,CH,ACCEPTED,2763,90208.80,2533,230,44,9,2026-04-26
2026-04-21,CH,PENDING,130,4938.74,122,8,1,9,2026-04-25
2026-04-21,CH,REJECTED,268,8092.77,247,21,3,9,2026-04-24
2026-04-21,DE,ACCEPTED,2752,98008.68,2528,224,37,9,2026-04-26
2026-04-21,DE,PENDING,111,3501.59,106,5,2,9,2026-04-24
2026-04-21,DE,REJECTED,244,7598.15,224,20,2,9,2026-04-26
2026-04-21,ES,ACCEPTED,2758,92550.76,2530,228,49,9,2026-04-26
2026-04-21,ES,PENDING,118,3482.27,111,7,0,9,2026-04-21
2026-04-21,ES,REJECTED,274,8373.92,249,25,2,9,2026-04-26
2026-04-21,FR,ACCEPTED,2876,97623.70,2649,227,42,9,2026-04-26
2026-04-21,FR,PENDING,121,4298.98,117,4,1,9,2026-04-24
2026-04-21,FR,REJECTED,246,8527.57,230,16,5,9,2026-04-26
2026-04-21,GB,ACCEPTED,2742,91806.25,2518,224,43,9,2026-04-26
2026-04-21,GB,PENDING,108,4296.27,100,8,1,9,2026-04-22
2026-04-21,GB,REJECTED,240,7839.03,224,16,2,9,2026-04-22
2026-04-21,IT,ACCEPTED,2802,95396.30,2592,210,38,9,2026-04-26
2026-04-21,IT,PENDING,133,4584.16,126,7,1,9,2026-04-23
2026-04-21,IT,REJECTED,263,11650.57,242,21,6,9,2026-04-25
2026-04-21,MA,ACCEPTED,2830,95323.36,2606,224,53,9,2026-04-26
2026-04-21,MA,PENDING,129,3643.96,122,7,1,9,2026-04-24
2026-04-21,MA,REJECTED,250,10255.62,218,32,2,9,2026-04-26
2026-04-21,NL,ACCEPTED,2835,92776.32,2612,223,37,9,2026-04-26
2026-04-21,NL,PENDING,133,4507.61,120,13,1,9,2026-04-24
2026-04-21,NL,REJECTED,216,8560.66,197,19,3,9,2026-04-25
2026-04-21,PL,ACCEPTED,2788,90065.99,2548,240,41,9,2026-04-26
2026-04-21,PL,PENDING,125,3861.04,115,10,0,9,2026-04-21
2026-04-21,PL,REJECTED,293,10771.83,272,21,6,9,2026-04-23
2026-04-21,SE,ACCEPTED,2725,91866.29,2523,202,42,9,2026-04-26
2026-04-21,SE,PENDING,130,3915.89,123,7,4,9,2026-04-26
2026-04-21,SE,REJECTED,277,10726.97,253,24,5,9,2026-04-26
2026-04-21,,ACCEPTED,142,4320.50,129,13,5,9,2026-04-25
2026-04-21,,PENDING,9,313.59,8,1,0,6,2026-04-21
2026-04-21,,REJECTED,17,870.20,17,0,0,6,2026-04-21
2026-04-22,BE,ACCEPTED,3059,105011.64,2812,247,47,9,2026-04-27
2026-04-22,BE,PENDING,141,4295.30,131,10,4,9,2026-04-27
2026-04-22,BE,REJECTED,280,10425.98,258,22,4,9,2026-04-27
2026-04-22,CH,ACCEPTED,3104,110390.27,2852,252,45,9,2026-04-27
2026-04-22,CH,PENDING,137,4394.21,130,7,4,9,2026-04-25
2026-04-22,CH,REJECTED,274,9848.32,250,24,2,9,2026-04-27
2026-04-22,DE,ACCEPTED,3036,97788.48,2816,220,37,9,2026-04-27
2026-04-22,DE,PENDING,141,4550.07,129,12,1,9,2026-04-27
2026-04-22,DE,REJECTED,277,9192.98,250,27,2,9,2026-04-27
2026-04-22,ES,ACCEPTED,3097,98412.65,2838,259,34,9,2026-04-27
2026-04-22,ES,PENDING,152,5161.63,141,11,0,9,2026-04-22
2026-04-22,ES,REJECTED,267,8752.28,244,23,4,9,2026-04-27
2026-04-22,FR,ACCEPTED,3074,101336.43,2834,240,34,9,2026-04-27
2026-04-22,FR,PENDING,139,4047.96,129,10,2,9,2026-04-27
2026-04-22,FR,REJECTED,261,8590.36,235,26,3,9,2026-04-25
2026-04-22,GB,ACCEPTED,3063,101981.51,2824,239,40,9,2026-04-27
2026-04-22,GB,PENDING,130,4680.37,121,9,2,9,2026-04-23
2026-04-22,GB,REJECTED,276,11199.23,258,18,5,9,2026-04-27
2026-04-22,IT,ACCEPTED,3133,106446.26,2861,272,57,9,2026-04-27
2026-04-22,IT,PENDING,138,5559.60,133,5,0,9,2026-04-22
2026-04-22,IT,REJECTED,266,9951.49,231,35,6,9,2026-04-27
2026-04-22,MA,ACCEPTED,2991,102607.74,2742,249,52,9,2026-04-27
2026-04-22,MA,PENDING,165,4543.40,148,17,4,9,2026-04-27
2026-04-22,MA,REJECTED,284,10811.72,265,19,5,9,2026-04-27
2026-04-22,NL,ACCEPTED,3100,100104.74,2850,250,49,9,2026-04-27
2026-04-22,NL,PENDING,142,5860.51,132,10,3,9,2026-04-27
2026-04-22,NL,REJECTED,309,9371.17,294,15,5,9,2026-04-27
2026-04-22,PL,ACCEPTED,3060,104219.50,2840,220,43,9,2026-04-27
2026-04-22,PL,PENDING,139,3549.08,130,9,0,9,2026-04-22
2026-04-22,PL,REJECTED,269,9045.67,254,15,4,9,2026-04-27
2026-04-22,SE,ACCEPTED,3003,93986.32,2757,246,44,9,2026-04-27
2026-04-22,SE,PENDING,142,4671.61,133,9,3,9,2026-04-25
2026-04-22,SE,REJECTED,279,11009.21,259,20,7,9,2026-04-27
2026-04-22,,ACCEPTED,145,5403.87,138,7,2,9,2026-04-27
2026-04-22,,PENDING,5,67.64,4,1,0,3,2026-04-22
2026-04-22,,REJECTED,10,485.33,9,1,0,6,2026-04-22
2026-04-23,BE,ACCEPTED,3089,105493.53,2834,255,47,9,2026-04-28
2026-04-23,BE,PENDING,148,4420.35,136,12,1,9,2026-04-27
2026-04-23,BE,REJECTED,294,8289.55,269,25,3,9,2026-04-27
2026-04-23,CH,ACCEPTED,3227,105553.88,2946,281,41,9,2026-04-28
2026-04-23,CH,PENDING,150,4758.90,138,12,3,9,2026-04-26
2026-04-23,CH,REJECTED,280,8106.96,259,21,5,9,2026-04-28
2026-04-23,DE,ACCEPTED,3026,98719.34,2756,270,40,9,2026-04-28
2026-04-23,DE,PENDING,154,5337.98,142,12,3,9,2026-04-27
2026-04-23,DE,REJECTED,307,10267.12,280,27,6,9,2026-04-28
2026-04-23,ES,ACCEPTED,3043,109669.30,2815,228,49,9,2026-04-28
2026-04-23,ES,PENDING,162,5602.34,146,16,2,9,2026-04-28
2026-04-23,ES,REJECTED,290,10630.94,268,22,9,9,2026-04-28
2026-04-23,FR,ACCEPTED,3124,103071.49,2892,232,43,9,2026-04-28
2026-04-23,FR,PENDING,147,4674.82,137,10,4,9,2026-04-28
2026-04-23,FR,REJECTED,288,9770.38,266,22,4,9,2026-04-28
2026-04-23,GB,ACCEPTED,3106,102303.27,2872,234,55,9,2026-04-28
2026-04-23,GB,PENDING,145,5698.33,130,15,1,9,2026-04-24
2026-04-23,GB,REJECTED,270,8228.82,246,24,6,9,2026-04-28
2026-04-23,IT,ACCEPTED,3147,107422.21,2895,252,29,9,2026-04-28
2026-04-23,IT,PENDING,154,5149.59,138,16,3,9,2026-04-24
2026-04-23,IT,REJECTED,286,9146.75,263,23,3,9,2026-04-28
2026-04-23,MA,ACCEPTED,3117,98648.09,2879,238,32,9,2026-04-28
2026-04-23,MA,PENDING,142,5157.56,132,10,1,9,2026-04-28
2026-04-23,MA,REJECTED,308,10858.80,285,23,5,9,2026-04-28
2026-04-23,NL,ACCEPTED,3134,104213.03,2893,241,36,9,2026-04-28
2026-04-23,NL,PENDING,137,3706.26,127,10,2,9,2026-04-28
2026-04-23,NL,REJECTED,286,8563.84,261,25,7,9,2026-04-28
2026-04-23,PL,ACCEPTED,3128,102861.70,2860,268,43,9,2026-04-28
2026-04-23,PL,PENDING,163,6377.19,149,14,0,9,2026-04-23
2026-04-23,PL,REJECTED,264,7410.64,246,18,4,9,2026-04-27
2026-04-23,SE,ACCEPTED,3090,102856.05,2835,255,38,9,2026-04-28
2026-04-23,SE,PENDING,140,5208.68,127,13,2,9,2026-04-25
2026-04-23,SE,REJECTED,273,8711.75,250,23,3,9,2026-04-27
2026-04-23,,ACCEPTED,181,5796.81,162,19,2,9,2026-04-27
2026-04-23,,PENDING,13,443.77,11,2,0,6,2026-04-23
2026-04-23,,REJECTED,11,232.14,10,1,0,5,2026-04-23
2026-04-24,BE,ACCEPTED,2654,89108.62,2455,199,38,9,2026-04-29
2026-04-24,BE,PENDING,129,5618.01,116,13,2,9,2026-04-27
2026-04-24,BE,REJECTED,245,7839.97,225,20,3,9,2026-04-28
2026-04-24,CH,ACCEPTED,2734,88527.39,2518,216,44,9,2026-04-29
2026-04-24,CH,PENDING,124,3447.01,114,10,0,9,2026-04-24
2026-04-24,CH,REJECTED,228,7632.45,213,15,4,9,2026-04-29
2026-04-24,DE,ACCEPTED,2614,86593.78,2398,216,42,9,2026-04-29
2026-04-24,DE,PENDING,117,3529.87,101,16,2,9,2026-04-29
2026-04-24,DE,REJECTED,243,6956.25,221,22,1,9,2026-04-26
2026-04-24,ES,ACCEPTED,2658,93717.22,2451,207,42,9,2026-04-29
2026-04-24,ES,PENDING,108,3729.19,99,9,2,9,2026-04-26
2026-04-24,ES,REJECTED,249,7582.17,230,19,0,9,2026-04-24
2026-04-24,FR,ACCEPTED,2619,85226.32,2404,215,46,9,2026-04-29
2026-04-24,FR,PENDING,122,4038.43,113,9,3,9,2026-04-29
2026-04-24,FR,REJECTED,212,6363.24,186,26,4,9,2026-04-29
2026-04-24,GB,ACCEPTED,2616,88826.41,2400,216,43,9,2026-04-29
2026-04-24,GB,PENDING,106,3076.98,95,11,3,9,2026-04-29
2026-04-24,GB,REJECTED,235,6200.72,216,19,6,9,2026-04-29
2026-04-24,IT,ACCEPTED,2704,93333.33,2519,185,36,9,2026-04-29
2026-04-24,IT,PENDING,119,4719.22,112,7,2,9,2026-04-28
2026-04-24,IT,REJECTED,249,9230.67,219,30,4,9,2026-04-29
2026-04-24,MA,ACCEPTED,2745,91901.70,2537,208,41,9,2026-04-29
2026-04-24,MA,PENDING,118,4961.56,107,11,1,9,2026-04-27
2026-04-24,MA,REJECTED,206,6555.84,185,21,6,9,2026-04-29
2026-04-24,NL,ACCEPTED,2576,89781.43,2364,212,41,9,2026-04-29
2026-04-24,NL,PENDING,114,4140.81,101,13,0,9,2026-04-24
2026-04-24,NL,REJECTED,223,7914.08,208,15,1,9,2026-04-27
2026-04-24,PL,ACCEPTED,2555,83042.73,2325,230,46,9,2026-04-29
2026-04-24,PL,PENDING,115,2969.65,109,6,0,9,2026-04-24
2026-04-24,PL,REJECTED,260,8778.98,229,31,2,9,2026-04-26
2026-04-24,SE,ACCEPTED,2651,85861.31,2448,203,36,9,2026-04-29
2026-04-24,SE,PENDING,122,5875.11,113,9,3,9,2026-04-29
2026-04-24,SE,REJECTED,257,8078.06,231,26,5,9,2026-04-29
2026-04-24,,ACCEPTED,129,4760.76,119,10,3,9,2026-04-29
2026-04-24,,PENDING,6,163.22,6,0,1,4,2026-04-29
2026-04-24,,REJECTED,16,932.24,14,2,0,8,2026-04-24
2026-04-25,BE,ACCEPTED,1554,46634.48,1414,140,49,9,2026-04-30
2026-04-25,BE,PENDING,76,2497.93,72,4,2,9,2026-04-28
2026-04-25,BE,REJECTED,172,4823.97,156,16,9,9,2026-04-30
2026-04-25,CH,ACCEPTED,1595,52926.42,1468,127,44,9,2026-04-30
2026-04-25,CH,PENDING,75,3022.55,72,3,1,9,2026-04-26
2026-04-25,CH,REJECTED,147,4662.86,124,23,4,9,2026-04-30
2026-04-25,DE,ACCEPTED,1510,51585.03,1399,111,41,9,2026-04-30
2026-04-25,DE,PENDING,71,2459.76,66,5,2,9,2026-04-29
2026-04-25,DE,REJECTED,163,7807.67,148,15,5,9,2026-04-30
2026-04-25,ES,ACCEPTED,1596,55021.41,1466,130,44,9,2026-04-30
2026-04-25,ES,PENDING,75,2105.11,65,10,2,9,2026-04-28
2026-04-25,ES,REJECTED,154,5056.93,140,14,0,9,2026-04-25
2026-04-25,FR,ACCEPTED,1521,50315.89,1404,117,39,9,2026-04-30
2026-04-25,FR,PENDING,62,1861.04,56,6,4,9,2026-04-30
2026-04-25,FR,REJECTED,165,4966.48,157,8,3,9,2026-04-29
2026-04-25,GB,ACCEPTED,1479,45610.07,1354,125,52,9,2026-04-30
2026-04-25,GB,PENDING,73,2613.93,59,14,3,9,2026-04-29
2026-04-25,GB,REJECTED,153,4653.20,140,13,5,9,2026-04-30
2026-04-25,IT,ACCEPTED,1578,53241.53,1432,146,54,9,2026-04-30
2026-04-25,IT,PENDING,66,1775.20,61,5,3,9,2026-04-30
2026-04-25,IT,REJECTED,135,3917.10,127,8,5,9,2026-04-30
2026-04-25,MA,ACCEPTED,1564,53168.59,1432,132,40,9,2026-04-30
2026-04-25,MA,PENDING,81,1879.49,75,6,8,9,2026-04-30
2026-04-25,MA,REJECTED,122,3651.85,109,13,5,9,2026-04-29
2026-04-25,NL,ACCEPTED,1571,49779.91,1452,119,54,9,2026-04-30
2026-04-25,NL,PENDING,77,2803.95,65,12,2,9,2026-04-30
2026-04-25,NL,REJECTED,140,4945.84,134,6,7,9,2026-04-29
2026-04-25,PL,ACCEPTED,1488,49599.52,1369,119,37,9,2026-04-30
2026-04-25,PL,PENDING,73,2915.16,64,9,2,9,2026-04-29
2026-04-25,PL,REJECTED,135,4531.50,127,8,5,9,2026-04-30
2026-04-25,SE,ACCEPTED,1501,48778.49,1384,117,41,9,2026-04-30
2026-04-25,SE,PENDING,72,2475.83,68,4,3,9,2026-04-30
2026-04-25,SE,REJECTED,130,3490.89,121,9,8,9,2026-04-30
2026-04-25,,ACCEPTED,88,2017.95,73,15,1,9,2026-04-26
2026-04-25,,PENDING,5,67.29,4,1,0,3,2026-04-25
2026-04-25,,REJECTED,5,40.77,5,0,0,4,2026-04-25
2026-04-26,BE,ACCEPTED,1166,36605.61,1077,89,59,9,2026-05-01
2026-04-26,BE,PENDING,43,1334.89,41,2,4,8,2026-05-01
2026-04-26,BE,REJECTED,122,3639.57,111,11,7,9,2026-05-01
2026-04-26,CH,ACCEPTED,1084,33584.30,990,94,60,9,2026-05-01
2026-04-26,CH,PENDING,48,1894.07,45,3,1,9,2026-04-27
2026-04-26,CH,REJECTED,86,3235.28,76,10,5,9,2026-04-30
2026-04-26,DE,ACCEPTED,1097,37658.84,1021,76,73,9,2026-05-01
2026-04-26,DE,PENDING,43,1139.39,35,8,1,9,2026-04-28
2026-04-26,DE,REJECTED,87,3331.17,81,6,6,9,2026-05-01
2026-04-26,ES,ACCEPTED,1080,35725.59,1009,71,52,9,2026-05-01
2026-04-26,ES,PENDING,48,1527.34,45,3,3,9,2026-05-01
2026-04-26,ES,REJECTED,94,2682.37,86,8,6,9,2026-05-01
2026-04-26,FR,ACCEPTED,1115,37827.73,1024,91,57,9,2026-05-01
2026-04-26,FR,PENDING,69,2859.49,66,3,7,9,2026-04-30
2026-04-26,FR,REJECTED,103,3531.54,96,7,4,9,2026-04-29
2026-04-26,GB,ACCEPTED,1110,39583.70,1018,92,61,9,2026-05-01
2026-04-26,GB,PENDING,50,1741.59,46,4,3,9,2026-04-28
2026-04-26,GB,REJECTED,92,3288.13,84,8,6,9,2026-05-01
2026-04-26,IT,ACCEPTED,1098,39879.15,1021,77,45,9,2026-05-01
2026-04-26,IT,PENDING,52,1881.71,46,6,3,9,2026-04-29
2026-04-26,IT,REJECTED,94,2780.81,87,7,5,9,2026-05-01
2026-04-26,MA,ACCEPTED,1071,34931.90,981,90,57,9,2026-05-01
2026-04-26,MA,PENDING,52,1261.46,49,3,5,9,2026-05-01
2026-04-26,MA,REJECTED,90,3300.82,84,6,8,9,2026-05-01
2026-04-26,NL,ACCEPTED,1062,34551.76,982,80,64,9,2026-05-01
2026-04-26,NL,PENDING,48,1638.52,42,6,3,9,2026-05-01
2026-04-26,NL,REJECTED,94,3110.29,85,9,6,9,2026-05-01
2026-04-26,PL,ACCEPTED,1076,34571.15,1002,74,56,9,2026-05-01
2026-04-26,PL,PENDING,52,2146.83,50,2,3,9,2026-05-01
2026-04-26,PL,REJECTED,84,2163.50,76,8,4,9,2026-05-01
2026-04-26,SE,ACCEPTED,1081,35322.00,1003,78,59,9,2026-05-01
2026-04-26,SE,PENDING,54,1023.41,42,12,2,9,2026-05-01
2026-04-26,SE,REJECTED,103,3070.35,95,8,3,9,2026-04-27
2026-04-26,,ACCEPTED,58,2069.64,54,4,2,9,2026-05-01
2026-04-26,,PENDING,3,218.35,3,0,0,3,2026-04-26
2026-04-26,,REJECTED,5,280.83,5,0,0,3,2026-04-26
2026-04-27,BE,ACCEPTED,2977,99262.84,2722,255,52,9,2026-05-02
2026-04-27,BE,PENDING,140,4529.38,123,17,1,9,2026-04-30
2026-04-27,BE,REJECTED,289,8040.44,264,25,2,9,2026-04-30
2026-04-27,CH,ACCEPTED,2868,92286.40,2647,221,39,9,2026-05-02
2026-04-27,CH,PENDING,138,4829.14,130,8,0,9,2026-04-27
2026-04-27,CH,REJECTED,304,9747.73,288,16,4,9,2026-04-30
2026-04-27,DE,ACCEPTED,2935,104175.70,2675,260,45,9,2026-05-02
2026-04-27,DE,PENDING,156,5653.83,145,11,2,9,2026-04-29
2026-04-27,DE,REJECTED,276,10007.73,256,20,3,9,2026-04-29
2026-04-27,ES,ACCEPTED,2896,94946.78,2639,257,53,9,2026-05-02
2026-04-27,ES,PENDING,151,4880.40,138,13,3,9,2026-04-30
2026-04-27,ES,REJECTED,260,8120.56,241,19,4,9,2026-05-01
2026-04-27,FR,ACCEPTED,2871,98474.62,2647,224,43,9,2026-05-02
2026-04-27,FR,PENDING,136,4426.84,126,10,2,9,2026-04-30
2026-04-27,FR,REJECTED,267,8780.40,251,16,4,9,2026-05-02
2026-04-27,GB,ACCEPTED,3007,95359.63,2765,242,62,9,2026-05-02
2026-04-27,GB,PENDING,150,4910.86,138,12,0,9,2026-04-27
2026-04-27,GB,REJECTED,270,9264.80,249,21,4,9,2026-05-01
2026-04-27,IT,ACCEPTED,2972,99507.26,2736,236,47,9,2026-05-02
2026-04-27,IT,PENDING,132,3716.31,120,12,1,9,2026-05-01
2026-04-27,IT,REJECTED,266,9018.91,243,23,2,9,2026-05-02
2026-04-27,MA,ACCEPTED,2957,102647.03,2691,266,59,9,2026-05-02
2026-04-27,MA,PENDING,151,4713.92,134,17,5,9,2026-05-02
2026-04-27,MA,REJECTED,279,8981.97,258,21,6,9,2026-05-02
2026-04-27,NL,ACCEPTED,2965,100242.73,2729,236,41,9,2026-05-02
2026-04-27,NL,PENDING,150,4686.98,135,15,1,9,2026-04-28
2026-04-27,NL,REJECTED,272,8411.36,248,24,5,9,2026-05-01
2026-04-27,PL,ACCEPTED,2980,105569.33,2759,221,53,9,2026-05-02
2026-04-27,PL,PENDING,135,4679.54,128,7,4,9,2026-05-01
2026-04-27,PL,REJECTED,274,10146.57,251,23,4,9,2026-05-01
2026-04-27,SE,ACCEPTED,2899,98964.50,2672,227,49,9,2026-05-02
2026-04-27,SE,PENDING,149,3733.17,134,15,4,9,2026-05-01
2026-04-27,SE,REJECTED,270,8387.51,248,22,4,9,2026-05-01
2026-04-27,,ACCEPTED,123,3538.25,112,11,3,9,2026-05-01
2026-04-27,,PENDING,5,106.46,5,0,0,4,2026-04-27
2026-04-27,,REJECTED,7,113.06,7,0,0,5,2026-04-27
2026-04-28,BE,ACCEPTED,2465,79683.01,2277,188,45,9,2026-05-03
2026-04-28,BE,PENDING,114,3990.79,107,7,0,9,2026-04-28
2026-04-28,BE,REJECTED,229,7965.79,215,14,3,9,2026-05-03
2026-04-28,CH,ACCEPTED,2594,88061.26,2379,215,50,9,2026-05-03
2026-04-28,CH,PENDING,101,2537.44,92,9,0,9,2026-04-28
2026-04-28,CH,REJECTED,243,7892.51,230,13,3,9,2026-05-03
2026-04-28,DE,ACCEPTED,2564,88254.64,2360,204,48,9,2026-05-03
2026-04-28,DE,PENDING,117,3509.66,111,6,2,9,2026-04-30
2026-04-28,DE,REJECTED,233,8340.42,217,16,4,9,2026-05-03
2026-04-28,ES,ACCEPTED,2514,84108.76,2328,186,43,9,2026-05-03
2026-04-28,ES,PENDING,122,5742.43,111,11,2,9,2026-05-03
2026-04-28,ES,REJECTED,220,7674.18,199,21,3,9,2026-05-02
2026-04-28,FR,ACCEPTED,2642,85344.29,2411,231,43,9,2026-05-03
2026-04-28,FR,PENDING,120,4831.67,110,10,1,9,2026-04-30
2026-04-28,FR,REJECTED,241,8222.88,227,14,10,9,2026-05-01
2026-04-28,GB,ACCEPTED,2634,85033.57,2434,200,38,9,2026-05-03
2026-04-28,GB,PENDING,130,3210.90,117,13,2,9,2026-04-30
2026-04-28,GB,REJECTED,250,8191.86,228,22,4,9,2026-05-03
2026-04-28,IT,ACCEPTED,2610,88751.43,2418,192,42,9,2026-05-03
2026-04-28,IT,PENDING,116,3836.34,109,7,4,9,2026-05-03
2026-04-28,IT,REJECTED,232,7382.16,208,24,4,9,2026-05-03
2026-04-28,MA,ACCEPTED,2528,81793.20,2315,213,49,9,2026-05-03
2026-04-28,MA,PENDING,116,4929.86,111,5,5,9,2026-05-01
2026-04-28,MA,REJECTED,249,8488.76,231,18,3,9,2026-05-01
2026-04-28,NL,ACCEPTED,2566,87183.24,2352,214,47,9,2026-05-03
2026-04-28,NL,PENDING,130,4657.34,124,6,2,9,2026-05-03
2026-04-28,NL,REJECTED,223,9056.16,207,16,6,9,2026-05-01
2026-04-28,PL,ACCEPTED,2565,83438.77,2380,185,48,9,2026-05-03
2026-04-28,PL,PENDING,115,4094.12,109,6,1,9,2026-05-01
2026-04-28,PL,REJECTED,241,7959.00,227,14,8,9,2026-05-01
2026-04-28,SE,ACCEPTED,2547,85342.80,2324,223,37,9,2026-05-03
2026-04-28,SE,PENDING,117,4095.58,108,9,3,9,2026-05-03
2026-04-28,SE,REJECTED,234,9369.45,214,20,6,9,2026-05-01
2026-04-28,,ACCEPTED,128,4381.56,116,12,2,9,2026-05-01
2026-04-28,,PENDING,4,68.38,4,0,0,3,2026-04-28
2026-04-28,,REJECTED,11,225.08,11,0,0,7,2026-04-28
2026-04-29,BE,ACCEPTED,2491,82408.55,2276,215,40,9,2026-05-04
2026-04-29,BE,PENDING,133,3674.71,122,11,1,9,2026-05-01
2026-04-29,BE,REJECTED,208,6080.09,194,14,3,9,2026-05-04
2026-04-29,CH,ACCEPTED,2511,83918.97,2316,195,50,9,2026-05-04
2026-04-29,CH,PENDING,116,3807.15,105,11,4,9,2026-05-04
2026-04-29,CH,REJECTED,231,8727.88,213,18,3,9,2026-05-04
2026-04-29,DE,ACCEPTED,2528,84807.46,2313,215,38,9,2026-05-04
2026-04-29,DE,PENDING,129,4463.45,122,7,1,9,2026-05-01
2026-04-29,DE,REJECTED,247,7243.03,233,14,4,9,2026-05-04
2026-04-29,ES,ACCEPTED,2488,86850.87,2305,183,37,9,2026-05-04
2026-04-29,ES,PENDING,117,3505.35,111,6,2,9,2026-05-03
2026-04-29,ES,REJECTED,221,8777.75,197,24,3,9,2026-05-04
2026-04-29,FR,ACCEPTED,2513,85895.36,2315,198,41,9,2026-05-04
2026-04-29,FR,PENDING,126,2613.77,110,16,4,9,2026-05-04
2026-04-29,FR,REJECTED,229,9036.87,220,9,4,9,2026-05-03
2026-04-29,GB,ACCEPTED,2536,89028.40,2346,190,45,9,2026-05-04
2026-04-29,GB,PENDING,137,3492.05,126,11,4,9,2026-05-04
2026-04-29,GB,REJECTED,231,7226.98,207,24,4,9,2026-05-02
2026-04-29,IT,ACCEPTED,2337,77795.51,2150,187,44,9,2026-05-04
2026-04-29,IT,PENDING,112,4449.06,103,9,2,9,2026-05-01
2026-04-29,IT,REJECTED,228,6811.59,204,24,4,9,2026-05-04
2026-04-29,MA,ACCEPTED,2449,82191.18,2269,180,52,9,2026-05-04
2026-04-29,MA,PENDING,136,5383.98,123,13,2,9,2026-05-01
2026-04-29,MA,REJECTED,219,7137.79,201,18,4,9,2026-05-04
2026-04-29,NL,ACCEPTED,2473,79613.08,2249,224,38,9,2026-05-04
2026-04-29,NL,PENDING,121,4942.54,115,6,1,9,2026-05-04
2026-04-29,NL,REJECTED,225,7310.04,205,20,2,9,2026-05-01
2026-04-29,PL,ACCEPTED,2616,90761.05,2428,188,48,9,2026-05-04
2026-04-29,PL,PENDING,109,3844.37,102,7,2,9,2026-05-03
2026-04-29,PL,REJECTED,229,8787.77,211,18,5,9,2026-05-03
2026-04-29,SE,ACCEPTED,2508,84168.37,2321,187,39,9,2026-05-04
2026-04-29,SE,PENDING,108,4202.81,104,4,4,9,2026-05-04
2026-04-29,SE,REJECTED,240,8165.77,225,15,6,9,2026-05-04
2026-04-29,,ACCEPTED,113,3741.36,103,10,1,9,2026-05-03
2026-04-29,,PENDING,7,94.11,7,0,1,3,2026-04-30
2026-04-29,,REJECTED,14,360.24,13,1,1,7,2026-05-03
2026-04-30,BE,ACCEPTED,2976,97144.72,2720,256,44,9,2026-05-05
2026-04-30,BE,PENDING,146,4509.23,135,11,1,9,2026-05-01
2026-04-30,BE,REJECTED,279,9812.02,251,28,1,9,2026-05-05
2026-04-30,CH,ACCEPTED,3024,98097.38,2776,248,40,9,2026-05-05
2026-04-30,CH,PENDING,141,6164.59,131,10,2,9,2026-05-02
2026-04-30,CH,REJECTED,250,8539.51,225,25,3,9,2026-05-04
2026-04-30,DE,ACCEPTED,2996,95877.11,2764,232,47,9,2026-05-05
2026-04-30,DE,PENDING,145,4646.33,135,10,1,9,2026-05-04
2026-04-30,DE,REJECTED,274,8591.67,258,16,4,9,2026-05-05
2026-04-30,ES,ACCEPTED,2952,104129.16,2723,229,32,9,2026-05-05
2026-04-30,ES,PENDING,142,5385.38,129,13,2,9,2026-05-04
2026-04-30,ES,REJECTED,290,9890.46,270,20,3,9,2026-05-04
2026-04-30,FR,ACCEPTED,2888,88701.54,2671,217,39,9,2026-05-05
2026-04-30,FR,PENDING,118,3433.32,108,10,4,9,2026-05-05
2026-04-30,FR,REJECTED,261,9295.48,241,20,5,9,2026-05-04
2026-04-30,GB,ACCEPTED,2878,98807.90,2645,233,38,9,2026-05-05
2026-04-30,GB,PENDING,121,4277.47,110,11,2,9,2026-05-05
2026-04-30,GB,REJECTED,264,9061.31,242,22,3,9,2026-05-04
2026-04-30,IT,ACCEPTED,3015,98354.62,2766,249,33,9,2026-05-05
2026-04-30,IT,PENDING,146,5958.45,135,11,3,9,2026-05-04
2026-04-30,IT,REJECTED,269,8206.45,252,17,2,9,2026-05-01
2026-04-30,MA,ACCEPTED,2968,94570.80,2733,235,39,9,2026-05-05
2026-04-30,MA,PENDING,129,3622.50,118,11,1,9,2026-05-01
2026-04-30,MA,REJECTED,289,11657.33,260,29,4,9,2026-05-04
2026-04-30,NL,ACCEPTED,3046,103467.65,2782,264,48,9,2026-05-05
2026-04-30,NL,PENDING,136,6152.80,128,8,2,9,2026-05-05
2026-04-30,NL,REJECTED,257,8661.07,238,19,6,9,2026-05-05
2026-04-30,PL,ACCEPTED,2990,97511.19,2778,212,50,9,2026-05-05
2026-04-30,PL,PENDING,137,3842.94,123,14,2,9,2026-05-02
2026-04-30,PL,REJECTED,276,8375.22,248,28,4,9,2026-05-05
2026-04-30,SE,ACCEPTED,2894,97515.76,2660,234,48,9,2026-05-05
2026-04-30,SE,PENDING,142,4034.62,128,14,1,9,2026-05-04
2026-04-30,SE,REJECTED,257,8533.51,234,23,3,9,2026-05-04
2026-04-30,,ACCEPTED,137,4604.50,125,12,3,9,2026-05-04
2026-04-30,,PENDING,6,253.79,6,0,1,2,2026-05-03
2026-04-30,,REJECTED,10,508.19,10,0,0,5,2026-04-30
2026-05-01,BE,ACCEPTED,3003,98362.70,2749,254,33,9,2026-05-06
2026-05-01,BE,PENDING,132,4580.24,124,8,4,9,2026-05-06
2026-05-01,BE,REJECTED,301,10484.02,282,19,3,9,2026-05-06
2026-05-01,CH,ACCEPTED,3150,113672.68,2924,226,47,9,2026-05-06
2026-05-01,CH,PENDING,121,5516.94,108,13,0,9,2026-05-01
2026-05-01,CH,REJECTED,301,8841.36,283,18,4,9,2026-05-04
2026-05-01,DE,ACCEPTED,3049,101162.11,2775,274,39,9,2026-05-06
2026-05-01,DE,PENDING,128,3796.31,118,10,1,9,2026-05-04
2026-05-01,DE,REJECTED,274,7677.45,251,23,7,9,2026-05-05
2026-05-01,ES,ACCEPTED,3071,103733.73,2836,235,43,9,2026-05-06
2026-05-01,ES,PENDING,140,4697.72,127,13,1,9,2026-05-06
2026-05-01,ES,REJECTED,286,8553.23,261,25,1,9,2026-05-04
2026-05-01,FR,ACCEPTED,2888,94189.81,2647,241,39,9,2026-05-06
2026-05-01,FR,PENDING,135,4037.09,130,5,1,9,2026-05-04
2026-05-01,FR,REJECTED,280,9298.75,265,15,7,9,2026-05-06
2026-05-01,GB,ACCEPTED,3050,99620.28,2785,265,28,9,2026-05-06
2026-05-01,GB,PENDING,131,5554.33,121,10,3,9,2026-05-06
2026-05-01,GB,REJECTED,268,9135.81,249,19,5,9,2026-05-06
2026-05-01,IT,ACCEPTED,3093,100299.11,2860,233,44,9,2026-05-06
2026-05-01,IT,PENDING,138,4429.63,130,8,2,9,2026-05-06
2026-05-01,IT,REJECTED,288,7663.53,264,24,7,9,2026-05-06
2026-05-01,MA,ACCEPTED,2925,100482.25,2692,233,42,9,2026-05-06
2026-05-01,MA,PENDING,138,4461.38,130,8,1,9,2026-05-05
2026-05-01,MA,REJECTED,275,9004.74,247,28,3,9,2026-05-06
2026-05-01,NL,ACCEPTED,2961,104562.76,2734,227,40,9,2026-05-06
2026-05-01,NL,PENDING,137,6004.32,123,14,0,9,2026-05-01
2026-05-01,NL,REJECTED,277,8377.02,250,27,8,9,2026-05-06
2026-05-01,PL,ACCEPTED,3047,105270.32,2808,239,38,9,2026-05-06
2026-05-01,PL,PENDING,146,3772.40,135,11,3,9,2026-05-05
2026-05-01,PL,REJECTED,248,12078.54,228,20,5,9,2026-05-06
2026-05-01,SE,ACCEPTED,3010,102196.73,2791,219,53,9,2026-05-06
2026-05-01,SE,PENDING,131,4686.81,117,14,2,9,2026-05-06
2026-05-01,SE,REJECTED,275,8073.83,247,28,4,9,2026-05-04
2026-05-01,,ACCEPTED,148,6255.19,137,11,3,9,2026-05-04
2026-05-01,,PENDING,6,199.50,6,0,0,4,2026-05-01
2026-05-01,,REJECTED,15,872.87,14,1,0,9,2026-05-01
2026-05-02,BE,ACCEPTED,1290,45041.29,1199,91,53,9,2026-05-07
2026-05-02,BE,PENDING,70,1855.13,63,7,0,9,2026-05-02
2026-05-02,BE,REJECTED,146,5010.31,134,12,7,9,2026-05-07
2026-05-02,CH,ACCEPTED,1358,44808.26,1254,104,46,9,2026-05-07
2026-05-02,CH,PENDING,62,1857.18,56,6,1,9,2026-05-03
2026-05-02,CH,REJECTED,124,4806.75,116,8,4,9,2026-05-07
2026-05-02,DE,ACCEPTED,1396,49298.84,1258,138,45,9,2026-05-07
2026-05-02,DE,PENDING,67,2573.50,58,9,3,9,2026-05-06
2026-05-02,DE,REJECTED,137,4468.62,125,12,4,9,2026-05-06
2026-05-02,ES,ACCEPTED,1418,47010.97,1310,108,49,9,2026-05-07
2026-05-02,ES,PENDING,47,2258.72,45,2,0,9,2026-05-02
2026-05-02,ES,REJECTED,114,3124.68,103,11,4,9,2026-05-06
2026-05-02,FR,ACCEPTED,1306,48229.50,1204,102,47,9,2026-05-07
2026-05-02,FR,PENDING,52,1328.14,48,4,1,9,2026-05-07
2026-05-02,FR,REJECTED,124,4184.36,115,9,5,9,2026-05-07
2026-05-02,GB,ACCEPTED,1375,46956.70,1258,117,51,9,2026-05-07
2026-05-02,GB,PENDING,52,1355.11,48,4,0,9,2026-05-02
2026-05-02,GB,REJECTED,132,4032.25,114,18,7,9,2026-05-07
2026-05-02,IT,ACCEPTED,1386,42981.04,1276,110,49,9,2026-05-07
2026-05-02,IT,PENDING,65,1743.78,60,5,2,9,2026-05-07
2026-05-02,IT,REJECTED,137,3979.85,129,8,2,9,2026-05-06
2026-05-02,MA,ACCEPTED,1334,44510.37,1229,105,39,9,2026-05-07
2026-05-02,MA,PENDING,51,1001.61,47,4,0,9,2026-05-02
2026-05-02,MA,REJECTED,131,5192.18,118,13,6,9,2026-05-07
2026-05-02,NL,ACCEPTED,1358,41501.02,1245,113,51,9,2026-05-07
2026-05-02,NL,PENDING,62,1452.88,58,4,4,9,2026-05-07
2026-05-02,NL,REJECTED,134,4202.54,123,11,4,9,2026-05-06
2026-05-02,PL,ACCEPTED,1408,45733.01,1305,103,53,9,2026-05-07
2026-05-02,PL,PENDING,48,1242.37,44,4,2,9,2026-05-03
2026-05-02,PL,REJECTED,139,4715.79,127,12,1,9,2026-05-06
2026-05-02,SE,ACCEPTED,1401,47456.30,1286,115,56,9,2026-05-07
2026-05-02,SE,PENDING,58,2456.40,56,2,1,9,2026-05-04
2026-05-02,SE,REJECTED,128,4085.96,119,9,9,9,2026-05-07
2026-05-02,,ACCEPTED,75,1949.51,66,9,2,8,2026-05-07
2026-05-02,,PENDING,2,66.91,1,1,0,2,2026-05-02
2026-05-02,,REJECTED,7,155.58,7,0,0,3,2026-05-02
2026-05-03,BE,ACCEPTED,1073,36155.85,995,78,50,9,2026-05-08
2026-05-03,BE,PENDING,48,2525.58,45,3,2,8,2026-05-04
2026-05-03,BE,REJECTED,111,5050.89,106,5,6,9,2026-05-08
2026-05-03,CH,ACCEPTED,1119,35348.01,1024,95,67,9,2026-05-08
2026-05-03,CH,PENDING,46,1732.80,41,5,2,9,2026-05-08
2026-05-03,CH,REJECTED,93,2762.05,83,10,5,9,2026-05-07
2026-05-03,DE,ACCEPTED,1154,38339.99,1045,109,49,9,2026-05-08
2026-05-03,DE,PENDING,61,2739.74,56,5,2,8,2026-05-07
2026-05-03,DE,REJECTED,101,3399.26,94,7,8,9,2026-05-08
2026-05-03,ES,ACCEPTED,1066,37620.23,972,94,53,9,2026-05-08
2026-05-03,ES,PENDING,52,2467.65,48,4,4,8,2026-05-08
2026-05-03,ES,REJECTED,107,4201.20,99,8,5,9,2026-05-07
2026-05-03,FR,ACCEPTED,1077,34416.54,971,106,59,9,2026-05-08
2026-05-03,FR,PENDING,56,2603.94,51,5,2,9,2026-05-08
2026-05-03,FR,REJECTED,109,4664.62,101,8,6,9,2026-05-08
2026-05-03,GB,ACCEPTED,1103,38027.51,1026,77,67,9,2026-05-08
2026-05-03,GB,PENDING,52,1905.11,50,2,3,8,2026-05-08
2026-05-03,GB,REJECTED,109,3946.37,95,14,4,9,2026-05-08
2026-05-03,IT,ACCEPTED,1086,35678.50,986,100,47,9,2026-05-08
2026-05-03,IT,PENDING,43,1745.92,38,5,1,9,2026-05-08
2026-05-03,IT,REJECTED,94,3489.54,87,7,3,9,2026-05-08
2026-05-03,MA,ACCEPTED,1035,31733.61,947,88,43,9,2026-05-08
2026-05-03,MA,PENDING,67,2562.05,60,7,3,8,2026-05-07
2026-05-03,MA,REJECTED,110,3290.91,100,10,3,9,2026-05-07
2026-05-03,NL,ACCEPTED,1025,33991.82,945,80,43,9,2026-05-08
2026-05-03,NL,PENDING,45,1891.69,43,2,0,9,2026-05-03
2026-05-03,NL,REJECTED,102,3373.11,95,7,6,9,2026-05-08
2026-05-03,PL,ACCEPTED,1056,35406.91,981,75,56,9,2026-05-08
2026-05-03,PL,PENDING,47,1289.28,45,2,3,9,2026-05-06
2026-05-03,PL,REJECTED,99,2653.31,94,5,2,9,2026-05-08
2026-05-03,SE,ACCEPTED,1122,37482.51,1032,90,59,9,2026-05-08
2026-05-03,SE,PENDING,54,2557.39,50,4,5,9,2026-05-07
2026-05-03,SE,REJECTED,85,4443.75,82,3,4,9,2026-05-08
2026-05-03,,ACCEPTED,58,1505.08,53,5,4,9,2026-05-08
2026-05-03,,PENDING,3,23.34,3,0,0,3,2026-05-03
2026-05-03,,REJECTED,3,160.78,3,0,1,2,2026-05-05
2026-05-04,BE,ACCEPTED,3051,107219.32,2810,241,58,9,2026-05-09
2026-05-04,BE,PENDING,159,5859.52,149,10,2,9,2026-05-09
2026-05-04,BE,REJECTED,276,8333.92,251,25,2,9,2026-05-08
2026-05-04,CH,ACCEPTED,3082,103729.40,2818,264,56,9,2026-05-09
2026-05-04,CH,PENDING,123,5263.21,116,7,2,9,2026-05-07
2026-05-04,CH,REJECTED,267,8843.46,245,22,2,9,2026-05-05
2026-05-04,DE,ACCEPTED,3003,103048.49,2752,251,36,9,2026-05-09
2026-05-04,DE,PENDING,132,4914.74,124,8,0,9,2026-05-04
2026-05-04,DE,REJECTED,287,8981.93,266,21,6,9,2026-05-08
2026-05-04,ES,ACCEPTED,3120,105032.25,2860,260,63,9,2026-05-09
2026-05-04,ES,PENDING,131,3756.84,116,15,3,9,2026-05-08
2026-05-04,ES,REJECTED,283,10291.85,265,18,5,9,2026-05-09
2026-05-04,FR,ACCEPTED,3081,100581.47,2856,225,48,9,2026-05-09
2026-05-04,FR,PENDING,136,4706.75,127,9,0,9,2026-05-04
2026-05-04,FR,REJECTED,283,9095.04,265,18,8,9,2026-05-09
2026-05-04,GB,ACCEPTED,3180,110608.35,2932,248,56,9,2026-05-09
2026-05-04,GB,PENDING,139,4587.59,129,10,0,9,2026-05-04
2026-05-04,GB,REJECTED,273,8517.18,244,29,6,9,2026-05-08
2026-05-04,IT,ACCEPTED,3156,107359.81,2899,257,53,9,2026-05-09
2026-05-04,IT,PENDING,137,4544.92,129,8,1,9,2026-05-05
2026-05-04,IT,REJECTED,273,11793.47,257,16,3,9,2026-05-07
2026-05-04,MA,ACCEPTED,3020,103014.32,2762,258,42,9,2026-05-09
2026-05-04,MA,PENDING,151,4591.12,138,13,3,9,2026-05-08
2026-05-04,MA,REJECTED,297,12243.59,274,23,10,9,2026-05-09
2026-05-04,NL,ACCEPTED,3025,100220.34,2774,251,57,9,2026-05-09
2026-05-04,NL,PENDING,157,5620.98,142,15,2,9,2026-05-08
2026-05-04,NL,REJECTED,270,11928.32,253,17,3,9,2026-05-07
2026-05-04,PL,ACCEPTED,3131,109820.61,2856,275,51,9,2026-05-09
2026-05-04,PL,PENDING,124,4645.48,114,10,5,9,2026-05-09
2026-05-04,PL,REJECTED,271,9039.94,244,27,6,9,2026-05-08
2026-05-04,SE,ACCEPTED,3003,95131.64,2740,263,48,9,2026-05-09
2026-05-04,SE,PENDING,110,3054.49,101,9,2,9,2026-05-08
2026-05-04,SE,REJECTED,274,8248.77,253,21,4,9,2026-05-08
2026-05-04,,ACCEPTED,160,4302.94,138,22,3,9,2026-05-09
2026-05-04,,PENDING,7,171.90,7,0,0,3,2026-05-04
2026-05-04,,REJECTED,12,444.58,11,1,0,8,2026-05-04
2026-05-05,BE,ACCEPTED,2414,79193.82,2234,180,41,9,2026-05-10
2026-05-05,BE,PENDING,105,3135.02,96,9,1,9,2026-05-07
2026-05-05,BE,REJECTED,231,7499.14,209,22,5,9,2026-05-10
2026-05-05,CH,ACCEPTED,2369,82050.51,2209,160,40,9,2026-05-10
2026-05-05,CH,PENDING,115,2874.17,109,6,1,9,2026-05-09
2026-05-05,CH,REJECTED,216,6985.49,197,19,7,9,2026-05-10
2026-05-05,DE,ACCEPTED,2431,79252.13,2228,203,55,9,2026-05-10
2026-05-05,DE,PENDING,124,4000.57,112,12,3,9,2026-05-08
2026-05-05,DE,REJECTED,228,9961.55,207,21,8,9,2026-05-09
2026-05-05,ES,ACCEPTED,2452,81354.32,2259,193,34,9,2026-05-10
2026-05-05,ES,PENDING,126,3715.28,108,18,3,9,2026-05-08
2026-05-05,ES,REJECTED,231,8290.19,211,20,6,9,2026-05-09
2026-05-05,FR,ACCEPTED,2335,76141.23,2128,207,56,9,2026-05-10
2026-05-05,FR,PENDING,102,3314.74,94,8,0,9,2026-05-05
2026-05-05,FR,REJECTED,241,8963.67,227,14,2,9,2026-05-09
2026-05-05,GB,ACCEPTED,2464,79876.21,2268,196,43,9,2026-05-10
2026-05-05,GB,PENDING,127,3884.47,122,5,3,9,2026-05-08
2026-05-05,GB,REJECTED,202,6373.53,190,12,1,9,2026-05-07
2026-05-05,IT,ACCEPTED,2382,83252.74,2199,183,43,9,2026-05-10
2026-05-05,IT,PENDING,105,3324.17,96,9,5,9,2026-05-09
2026-05-05,IT,REJECTED,208,8254.03,189,19,2,9,2026-05-07
2026-05-05,MA,ACCEPTED,2447,88206.41,2258,189,42,9,2026-05-10
2026-05-05,MA,PENDING,96,2795.49,88,8,1,9,2026-05-07
2026-05-05,MA,REJECTED,195,6982.77,181,14,4,9,2026-05-08
2026-05-05,NL,ACCEPTED,2406,77963.54,2191,215,54,9,2026-05-10
2026-05-05,NL,PENDING,96,2829.91,87,9,1,9,2026-05-09
2026-05-05,NL,REJECTED,198,6656.87,189,9,1,9,2026-05-07
2026-05-05,PL,ACCEPTED,2409,78892.83,2212,197,41,9,2026-05-10
2026-05-05,PL,PENDING,109,3105.78,97,12,2,9,2026-05-10
2026-05-05,PL,REJECTED,197,6894.82,181,16,2,9,2026-05-07
2026-05-05,SE,ACCEPTED,2438,84612.60,2234,204,34,9,2026-05-10
2026-05-05,SE,PENDING,111,3704.74,101,10,2,9,2026-05-10
2026-05-05,SE,REJECTED,205,6310.25,190,15,5,9,2026-05-10
2026-05-05,,ACCEPTED,119,3621.08,107,12,4,9,2026-05-09
2026-05-05,,PENDING,4,210.84,4,0,0,4,2026-05-05
2026-05-05,,REJECTED,10,275.32,9,1,0,6,2026-05-05
2026-05-06,BE,ACCEPTED,2537,87307.25,2324,213,43,9,2026-05-11
2026-05-06,BE,PENDING,115,3250.72,106,9,1,9,2026-05-08
2026-05-06,BE,REJECTED,215,6865.25,197,18,4,9,2026-05-11
2026-05-06,CH,ACCEPTED,2466,83017.95,2268,198,47,9,2026-05-11
2026-05-06,CH,PENDING,111,2729.75,99,12,0,9,2026-05-06
2026-05-06,CH,REJECTED,228,8420.03,210,18,9,9,2026-05-11
2026-05-06,DE,ACCEPTED,2537,87348.48,2334,203,48,9,2026-05-11
2026-05-06,DE,PENDING,129,4009.19,117,12,3,9,2026-05-11
2026-05-06,DE,REJECTED,215,7323.73,191,24,4,9,2026-05-11
2026-05-06,ES,ACCEPTED,2514,79989.92,2314,200,49,9,2026-05-11
2026-05-06,ES,PENDING,102,4099.08,94,8,4,9,2026-05-11
2026-05-06,ES,REJECTED,229,7541.31,207,22,1,9,2026-05-08
2026-05-06,FR,ACCEPTED,2483,80796.24,2275,208,45,9,2026-05-11
2026-05-06,FR,PENDING,131,5753.51,120,11,1,9,2026-05-07
2026-05-06,FR,REJECTED,238,9087.32,228,10,4,9,2026-05-11
2026-05-06,GB,ACCEPTED,2543,83440.29,2332,211,58,9,2026-05-11
2026-05-06,GB,PENDING,98,2565.02,94,4,5,9,2026-05-11
2026-05-06,GB,REJECTED,207,7063.43,198,9,1,9,2026-05-07
2026-05-06,IT,ACCEPTED,2450,76367.38,2248,202,45,9,2026-05-11
2026-05-06,IT,PENDING,122,3358.89,108,14,4,9,2026-05-11
2026-05-06,IT,REJECTED,232,6446.39,211,21,8,9,2026-05-11
2026-05-06,MA,ACCEPTED,2494,85808.51,2293,201,37,9,2026-05-11
2026-05-06,MA,PENDING,115,3958.74,103,12,1,9,2026-05-08
2026-05-06,MA,REJECTED,221,6326.83,204,17,4,9,2026-05-11
2026-05-06,NL,ACCEPTED,2562,82576.47,2339,223,50,9,2026-05-11
2026-05-06,NL,PENDING,112,2857.48,103,9,3,9,2026-05-11
2026-05-06,NL,REJECTED,229,7327.29,213,16,5,9,2026-05-11
2026-05-06,PL,ACCEPTED,2508,85574.34,2301,207,30,9,2026-05-11
2026-05-06,PL,PENDING,117,4142.56,111,6,2,9,2026-05-11
2026-05-06,PL,REJECTED,245,7149.07,227,18,3,9,2026-05-08
2026-05-06,SE,ACCEPTED,2484,81736.26,2288,196,57,9,2026-05-11
2026-05-06,SE,PENDING,103,4679.87,102,1,2,9,2026-05-10
2026-05-06,SE,REJECTED,251,6772.44,235,16,6,9,2026-05-11
2026-05-06,,ACCEPTED,115,2892.10,107,8,1,9,2026-05-09
2026-05-06,,PENDING,5,49.38,5,0,0,4,2026-05-06
2026-05-06,,REJECTED,6,108.37,5,1,1,5,2026-05-11
2026-05-07,BE,ACCEPTED,3095,99937.28,2832,263,40,9,2026-05-12
2026-05-07,BE,PENDING,148,5304.74,142,6,1,9,2026-05-11
2026-05-07,BE,REJECTED,296,7980.13,267,29,9,9,2026-05-11
2026-05-07,CH,ACCEPTED,3041,104656.50,2783,258,44,9,2026-05-12
2026-05-07,CH,PENDING,141,6242.54,133,8,2,9,2026-05-11
2026-05-07,CH,REJECTED,304,9598.51,278,26,3,9,2026-05-12
2026-05-07,DE,ACCEPTED,3033,108516.05,2785,248,50,9,2026-05-12
2026-05-07,DE,PENDING,170,5872.63,160,10,2,9,2026-05-11
2026-05-07,DE,REJECTED,289,9613.57,268,21,7,9,2026-05-12
2026-05-07,ES,ACCEPTED,3146,103432.62,2884,262,40,9,2026-05-12
2026-05-07,ES,PENDING,145,4049.89,132,13,2,9,2026-05-11
2026-05-07,ES,REJECTED,287,8197.50,264,23,2,9,2026-05-12
2026-05-07,FR,ACCEPTED,3082,95841.62,2821,261,43,9,2026-05-12
2026-05-07,FR,PENDING,151,5297.58,144,7,2,9,2026-05-11
2026-05-07,FR,REJECTED,272,8909.70,251,21,4,9,2026-05-12
2026-05-07,GB,ACCEPTED,3126,105732.21,2871,255,39,9,2026-05-12
2026-05-07,GB,PENDING,151,5495.44,140,11,3,9,2026-05-12
2026-05-07,GB,REJECTED,284,9297.75,263,21,7,9,2026-05-12
2026-05-07,IT,ACCEPTED,3132,107322.31,2883,249,50,9,2026-05-12
2026-05-07,IT,PENDING,142,5528.54,130,12,0,9,2026-05-07
2026-05-07,IT,REJECTED,282,8669.19,262,20,5,9,2026-05-11
2026-05-07,MA,ACCEPTED,3132,107897.97,2876,256,55,9,2026-05-12
2026-05-07,MA,PENDING,154,5350.02,142,12,2,9,2026-05-12
2026-05-07,MA,REJECTED,281,8075.44,255,26,5,9,2026-05-12
2026-05-07,NL,ACCEPTED,3194,103556.32,2901,293,51,9,2026-05-12
2026-05-07,NL,PENDING,149,4832.98,137,12,2,9,2026-05-12
2026-05-07,NL,REJECTED,270,7739.63,252,18,3,9,2026-05-10
2026-05-07,PL,ACCEPTED,3030,106197.65,2767,263,36,9,2026-05-12
2026-05-07,PL,PENDING,141,4998.59,129,12,1,9,2026-05-11
2026-05-07,PL,REJECTED,276,9656.13,255,21,3,9,2026-05-12
2026-05-07,SE,ACCEPTED,3145,101773.78,2876,269,48,9,2026-05-12
2026-05-07,SE,PENDING,153,5398.95,142,11,2,9,2026-05-09
2026-05-07,SE,REJECTED,294,8156.30,264,30,5,9,2026-05-12
2026-05-07,,ACCEPTED,141,7806.14,128,13,2,9,2026-05-11
2026-05-07,,PENDING,5,65.57,5,0,0,4,2026-05-07
2026-05-07,,REJECTED,10,409.60,10,0,0,5,2026-05-07
2026-05-08,BE,ACCEPTED,3105,100082.48,2876,229,52,9,2026-05-13
2026-05-08,BE,PENDING,155,3845.13,135,20,4,9,2026-05-11
2026-05-08,BE,REJECTED,290,9369.52,261,29,7,9,2026-05-13
2026-05-08,CH,ACCEPTED,3144,109218.51,2897,247,36,9,2026-05-13
2026-05-08,CH,PENDING,147,6336.15,138,9,0,9,2026-05-08
2026-05-08,CH,REJECTED,287,9329.76,269,18,5,9,2026-05-13
2026-05-08,DE,ACCEPTED,3137,105967.76,2879,258,38,9,2026-05-13
2026-05-08,DE,PENDING,144,4511.34,129,15,3,9,2026-05-13
2026-05-08,DE,REJECTED,256,7324.67,235,21,9,9,2026-05-13
2026-05-08,ES,ACCEPTED,3159,103366.14,2881,278,45,9,2026-05-13
2026-05-08,ES,PENDING,155,5890.98,146,9,4,9,2026-05-12
2026-05-08,ES,REJECTED,292,10381.21,261,31,1,9,2026-05-12
2026-05-08,FR,ACCEPTED,3096,103162.77,2855,241,39,9,2026-05-13
2026-05-08,FR,PENDING,153,5658.89,146,7,2,9,2026-05-12
2026-05-08,FR,REJECTED,281,8340.20,259,22,9,9,2026-05-13
2026-05-08,GB,ACCEPTED,3051,101361.35,2824,227,49,9,2026-05-13
2026-05-08,GB,PENDING,129,4107.53,114,15,2,9,2026-05-11
2026-05-08,GB,REJECTED,302,10288.87,274,28,3,9,2026-05-12
2026-05-08,IT,ACCEPTED,3107,106270.23,2865,242,48,9,2026-05-13
2026-05-08,IT,PENDING,137,4340.92,125,12,3,9,2026-05-13
2026-05-08,IT,REJECTED,252,8936.27,235,17,3,9,2026-05-12
2026-05-08,MA,ACCEPTED,3057,101981.61,2828,229,40,9,2026-05-13
2026-05-08,MA,PENDING,139,5201.87,130,9,3,9,2026-05-13
2026-05-08,MA,REJECTED,311,9536.05,279,32,5,9,2026-05-13
2026-05-08,NL,ACCEPTED,3018,103486.24,2796,222,50,9,2026-05-13
2026-05-08,NL,PENDING,160,4868.68,145,15,1,9,2026-05-11
2026-05-08,NL,REJECTED,279,10430.30,257,22,1,9,2026-05-12
2026-05-08,PL,ACCEPTED,3124,98983.23,2855,269,51,9,2026-05-13
2026-05-08,PL,PENDING,140,4981.08,127,13,2,9,2026-05-11
2026-05-08,PL,REJECTED,266,7859.08,238,28,3,9,2026-05-13
2026-05-08,SE,ACCEPTED,3178,110948.58,2924,254,42,9,2026-05-13
2026-05-08,SE,PENDING,147,4961.52,136,11,1,9,2026-05-10
2026-05-08,SE,REJECTED,296,9694.87,268,28,1,9,2026-05-13
2026-05-08,,ACCEPTED,147,5213.56,132,15,2,9,2026-05-11
2026-05-08,,PENDING,5,57.94,4,1,0,5,2026-05-08
2026-05-08,,REJECTED,13,235.86,11,2,3,9,2026-05-13
2026-05-09,BE,ACCEPTED,1514,53453.32,1387,127,55,9,2026-05-14
2026-05-09,BE,PENDING,70,1821.34,66,4,2,9,2026-05-13
2026-05-09,BE,REJECTED,135,4634.99,124,11,7,9,2026-05-14
2026-05-09,CH,ACCEPTED,1519,51860.27,1399,120,47,9,2026-05-14
2026-05-09,CH,PENDING,65,2043.01,59,6,0,9,2026-05-09
2026-05-09,CH,REJECTED,141,4394.48,132,9,4,9,2026-05-14
2026-05-09,DE,ACCEPTED,1449,45977.66,1349,100,41,9,2026-05-14
2026-05-09,DE,PENDING,70,2804.19,64,6,3,9,2026-05-12
2026-05-09,DE,REJECTED,124,4598.09,114,10,5,9,2026-05-14
2026-05-09,ES,ACCEPTED,1531,51348.26,1412,119,41,9,2026-05-14
2026-05-09,ES,PENDING,73,2537.90,69,4,1,8,2026-05-11
2026-05-09,ES,REJECTED,130,5127.65,119,11,4,9,2026-05-14
2026-05-09,FR,ACCEPTED,1480,46091.97,1356,124,51,9,2026-05-14
2026-05-09,FR,PENDING,73,2645.53,68,5,4,9,2026-05-14
2026-05-09,FR,REJECTED,132,5038.69,119,13,3,9,2026-05-13
2026-05-09,GB,ACCEPTED,1487,50358.91,1363,124,50,9,2026-05-14
2026-05-09,GB,PENDING,79,2224.57,71,8,3,9,2026-05-14
2026-05-09,GB,REJECTED,138,4711.58,128,10,5,9,2026-05-14
2026-05-09,IT,ACCEPTED,1426,44436.82,1318,108,40,9,2026-05-14
2026-05-09,IT,PENDING,67,1939.21,63,4,0,8,2026-05-09
2026-05-09,IT,REJECTED,131,4859.53,127,4,7,9,2026-05-13
2026-05-09,MA,ACCEPTED,1513,48904.86,1394,119,45,9,2026-05-14
2026-05-09,MA,PENDING,78,2860.14,73,5,5,9,2026-05-14
2026-05-09,MA,REJECTED,152,4537.93,144,8,8,9,2026-05-13
2026-05-09,NL,ACCEPTED,1529,49505.48,1390,139,46,9,2026-05-14
2026-05-09,NL,PENDING,47,1281.70,44,3,0,9,2026-05-09
2026-05-09,NL,REJECTED,140,4422.27,130,10,5,9,2026-05-14
2026-05-09,PL,ACCEPTED,1488,48758.57,1364,124,44,9,2026-05-14
2026-05-09,PL,PENDING,69,2704.70,64,5,0,9,2026-05-09
2026-05-09,PL,REJECTED,119,4413.89,104,15,0,9,2026-05-09
2026-05-09,SE,ACCEPTED,1522,50923.67,1404,118,43,9,2026-05-14
2026-05-09,SE,PENDING,72,2049.09,64,8,1,9,2026-05-10
2026-05-09,SE,REJECTED,158,4907.14,147,11,7,9,2026-05-14
2026-05-09,,ACCEPTED,84,2908.57,81,3,3,9,2026-05-14
2026-05-09,,PENDING,3,41.83,2,1,0,3,2026-05-09
2026-05-09,,REJECTED,7,116.31,7,0,0,3,2026-05-09
2026-05-10,BE,ACCEPTED,1289,41583.36,1189,100,45,9,2026-05-15
2026-05-10,BE,PENDING,62,1624.91,55,7,3,9,2026-05-15
2026-05-10,BE,REJECTED,131,4485.17,120,11,4,9,2026-05-15
2026-05-10,CH,ACCEPTED,1225,43098.31,1142,83,52,9,2026-05-15
2026-05-10,CH,PENDING,61,3727.62,57,4,6,9,2026-05-15
2026-05-10,CH,REJECTED,105,4414.96,96,9,4,9,2026-05-15
2026-05-10,DE,ACCEPTED,1185,40382.90,1077,108,52,9,2026-05-15
2026-05-10,DE,PENDING,61,2902.93,56,5,1,9,2026-05-13
2026-05-10,DE,REJECTED,102,3111.55,95,7,8,9,2026-05-15
2026-05-10,ES,ACCEPTED,1164,36167.51,1074,90,48,9,2026-05-15
2026-05-10,ES,PENDING,51,1844.23,48,3,1,9,2026-05-14
2026-05-10,ES,REJECTED,125,3666.95,118,7,6,9,2026-05-14
2026-05-10,FR,ACCEPTED,1252,39826.34,1154,98,43,9,2026-05-15
2026-05-10,FR,PENDING,56,1739.39,55,1,4,9,2026-05-13
2026-05-10,FR,REJECTED,115,2740.75,106,9,4,9,2026-05-15
2026-05-10,GB,ACCEPTED,1242,43323.63,1141,101,65,9,2026-05-15
2026-05-10,GB,PENDING,55,2238.71,47,8,1,9,2026-05-15
2026-05-10,GB,REJECTED,118,4392.70,103,15,8,9,2026-05-15
2026-05-10,IT,ACCEPTED,1199,39531.24,1115,84,53,9,2026-05-15
2026-05-10,IT,PENDING,54,1563.31,52,2,3,9,2026-05-15
2026-05-10,IT,REJECTED,115,5520.13,104,11,5,9,2026-05-14
2026-05-10,MA,ACCEPTED,1247,41916.45,1132,115,55,9,2026-05-15
2026-05-10,MA,PENDING,65,1862.71,60,5,3,9,2026-05-15
2026-05-10,MA,REJECTED,102,2724.13,94,8,6,9,2026-05-14
2026-05-10,NL,ACCEPTED,1244,38751.51,1158,86,57,9,2026-05-15
2026-05-10,NL,PENDING,61,1922.98,59,2,5,9,2026-05-15
2026-05-10,NL,REJECTED,117,4549.30,105,12,5,9,2026-05-15
2026-05-10,PL,ACCEPTED,1233,45825.48,1146,87,51,9,2026-05-15
2026-05-10,PL,PENDING,59,1767.69,56,3,1,9,2026-05-13
2026-05-10,PL,REJECTED,104,4193.01,98,6,4,9,2026-05-15
2026-05-10,SE,ACCEPTED,1251,39691.08,1149,102,60,9,2026-05-15
2026-05-10,SE,PENDING,62,2479.93,58,4,2,9,2026-05-15
2026-05-10,SE,REJECTED,140,3811.19,130,10,7,9,2026-05-14
2026-05-10,,ACCEPTED,69,1916.87,66,3,6,9,2026-05-13
2026-05-10,,PENDING,2,66.12,2,0,0,1,2026-05-10
2026-05-10,,REJECTED,4,154.50,4,0,0,2,2026-05-10
2026-05-11,BE,ACCEPTED,3062,107552.84,2802,260,42,9,2026-05-16
2026-05-11,BE,PENDING,143,8136.72,131,12,3,9,2026-05-12
2026-05-11,BE,REJECTED,273,8674.78,251,22,5,9,2026-05-16
2026-05-11,CH,ACCEPTED,3163,110625.42,2937,226,54,9,2026-05-16
2026-05-11,CH,PENDING,141,4014.44,126,15,2,9,2026-05-15
2026-05-11,CH,REJECTED,282,9069.14,263,19,2,9,2026-05-16
2026-05-11,DE,ACCEPTED,3176,105381.81,2915,261,60,9,2026-05-16
2026-05-11,DE,PENDING,122,3380.29,111,11,1,9,2026-05-12
2026-05-11,DE,REJECTED,294,10303.50,267,27,1,9,2026-05-13
2026-05-11,ES,ACCEPTED,3221,106839.30,2968,253,55,9,2026-05-16
2026-05-11,ES,PENDING,132,4413.88,122,10,2,9,2026-05-12
2026-05-11,ES,REJECTED,291,8931.97,268,23,3,9,2026-05-15
2026-05-11,FR,ACCEPTED,3182,105546.91,2936,246,40,9,2026-05-16
2026-05-11,FR,PENDING,150,4850.53,135,15,0,9,2026-05-11
2026-05-11,FR,REJECTED,288,9544.79,267,21,5,9,2026-05-15
2026-05-11,GB,ACCEPTED,3154,108763.46,2882,272,55,9,2026-05-16
2026-05-11,GB,PENDING,135,3802.65,124,11,1,9,2026-05-15
2026-05-11,GB,REJECTED,297,9407.16,272,25,7,9,2026-05-15
2026-05-11,IT,ACCEPTED,3121,103320.97,2856,265,51,9,2026-05-16
2026-05-11,IT,PENDING,161,6169.85,154,7,3,9,2026-05-15
2026-05-11,IT,REJECTED,276,9043.29,258,18,4,9,2026-05-14
2026-05-11,MA,ACCEPTED,3127,104942.18,2865,262,46,9,2026-05-16
2026-05-11,MA,PENDING,132,5073.56,126,6,5,9,2026-05-16
2026-05-11,MA,REJECTED,292,10709.12,269,23,2,9,2026-05-15
2026-05-11,NL,ACCEPTED,3104,100408.77,2864,240,45,9,2026-05-16
2026-05-11,NL,PENDING,140,3612.55,123,17,4,9,2026-05-16
2026-05-11,NL,REJECTED,280,8538.54,255,25,3,9,2026-05-15
2026-05-11,PL,ACCEPTED,2988,98547.93,2759,229,47,9,2026-05-16
2026-05-11,PL,PENDING,153,5056.32,145,8,3,9,2026-05-15
2026-05-11,PL,REJECTED,314,9577.32,289,25,7,9,2026-05-16
2026-05-11,SE,ACCEPTED,3060,107608.59,2821,239,43,9,2026-05-16
2026-05-11,SE,PENDING,133,5221.97,124,9,2,9,2026-05-14
2026-05-11,SE,REJECTED,283,8598.98,249,34,4,9,2026-05-15
2026-05-11,,ACCEPTED,160,5455.28,148,12,2,9,2026-05-16
2026-05-11,,PENDING,8,158.55,8,0,1,5,2026-05-14
2026-05-11,,REJECTED,19,655.83,17,2,1,6,2026-05-12
2026-05-12,BE,ACCEPTED,2866,100128.59,2629,237,38,9,2026-05-17
2026-05-12,BE,PENDING,140,5917.51,134,6,4,9,2026-05-16
2026-05-12,BE,REJECTED,269,8659.13,248,21,4,9,2026-05-16
2026-05-12,CH,ACCEPTED,2808,90987.63,2577,231,42,9,2026-05-17
2026-05-12,CH,PENDING,127,3709.15,114,13,1,9,2026-05-17
2026-05-12,CH,REJECTED,285,9831.20,257,28,3,9,2026-05-15
2026-05-12,DE,ACCEPTED,2980,93294.94,2700,280,47,9,2026-05-17
2026-05-12,DE,PENDING,130,4415.84,118,12,0,9,2026-05-12
2026-05-12,DE,REJECTED,268,10050.64,253,15,5,9,2026-05-17
2026-05-12,ES,ACCEPTED,2827,92608.99,2594,233,32,9,2026-05-17
2026-05-12,ES,PENDING,144,4122.54,138,6,1,9,2026-05-16
2026-05-12,ES,REJECTED,258,8383.95,241,17,5,9,2026-05-16
2026-05-12,FR,ACCEPTED,2879,93280.40,2632,247,38,9,2026-05-17
2026-05-12,FR,PENDING,129,4553.43,120,9,1,9,2026-05-15
2026-05-12,FR,REJECTED,275,10968.40,251,24,8,9,2026-05-17
2026-05-12,GB,ACCEPTED,2826,93495.66,2610,216,44,9,2026-05-17
2026-05-12,GB,PENDING,127,4338.70,117,10,3,9,2026-05-17
2026-05-12,GB,REJECTED,278,8765.64,258,20,4,9,2026-05-15
2026-05-12,IT,ACCEPTED,2869,99961.73,2648,221,31,9,2026-05-17
2026-05-12,IT,PENDING,137,4025.29,129,8,2,9,2026-05-15
2026-05-12,IT,REJECTED,259,8075.68,234,25,6,9,2026-05-17
2026-05-12,MA,ACCEPTED,2985,98732.99,2770,215,44,9,2026-05-17
2026-05-12,MA,PENDING,114,4471.01,102,12,1,9,2026-05-16
2026-05-12,MA,REJECTED,259,9300.18,244,15,7,9,2026-05-17
2026-05-12,NL,ACCEPTED,2865,94386.53,2614,251,44,9,2026-05-17
2026-05-12,NL,PENDING,132,3973.76,123,9,2,9,2026-05-15
2026-05-12,NL,REJECTED,275,9599.22,254,21,4,9,2026-05-16
2026-05-12,PL,ACCEPTED,2967,104238.10,2749,218,41,9,2026-05-17
2026-05-12,PL,PENDING,115,4559.00,102,13,0,9,2026-05-12
2026-05-12,PL,REJECTED,244,7515.65,222,22,3,9,2026-05-16
2026-05-12,SE,ACCEPTED,2924,96410.17,2663,261,47,9,2026-05-17
2026-05-12,SE,PENDING,133,4225.94,122,11,1,9,2026-05-17
2026-05-12,SE,REJECTED,249,7821.85,227,22,2,9,2026-05-13
2026-05-12,,ACCEPTED,149,4760.09,131,18,3,9,2026-05-17
2026-05-12,,PENDING,7,48.98,7,0,0,5,2026-05-12
2026-05-12,,REJECTED,17,385.57,15,2,1,7,2026-05-17
2026-05-13,BE,ACCEPTED,2828,97614.74,2601,227,37,9,2026-05-18
2026-05-13,BE,PENDING,152,3874.41,136,16,1,9,2026-05-15
2026-05-13,BE,REJECTED,250,8059.52,233,17,0,9,2026-05-13
2026-05-13,CH,ACCEPTED,2893,94534.48,2648,245,35,9,2026-05-18
2026-05-13,CH,PENDING,138,4337.61,122,16,1,9,2026-05-16
2026-05-13,CH,REJECTED,258,8093.48,239,19,4,9,2026-05-16
2026-05-13,DE,ACCEPTED,2864,98294.64,2655,209,43,9,2026-05-18
2026-05-13,DE,PENDING,144,3832.18,135,9,2,9,2026-05-16
2026-05-13,DE,REJECTED,280,9508.97,260,20,5,9,2026-05-18
2026-05-13,ES,ACCEPTED,2991,98077.32,2763,228,40,9,2026-05-18
2026-05-13,ES,PENDING,145,3713.61,133,12,2,9,2026-05-18
2026-05-13,ES,REJECTED,281,8420.55,266,15,3,9,2026-05-15
2026-05-13,FR,ACCEPTED,2878,99455.38,2659,219,32,9,2026-05-18
2026-05-13,FR,PENDING,133,4293.17,121,12,3,9,2026-05-15
2026-05-13,FR,REJECTED,289,9878.56,272,17,3,9,2026-05-18
2026-05-13,GB,ACCEPTED,2882,96371.33,2638,244,37,9,2026-05-18
2026-05-13,GB,PENDING,121,4247.68,116,5,2,9,2026-05-18
2026-05-13,GB,REJECTED,268,9148.37,248,20,6,9,2026-05-18
2026-05-13,IT,ACCEPTED,2917,94412.51,2674,243,44,9,2026-05-18
2026-05-13,IT,PENDING,125,4603.99,111,14,1,9,2026-05-15
2026-05-13,IT,REJECTED,254,9774.50,235,19,3,9,2026-05-18
2026-05-13,MA,ACCEPTED,2907,99820.16,2688,219,37,9,2026-05-18
2026-05-13,MA,PENDING,129,3933.12,118,11,2,9,2026-05-18
2026-05-13,MA,REJECTED,279,8962.45,257,22,5,9,2026-05-18
2026-05-13,NL,ACCEPTED,2869,101137.52,2630,239,38,9,2026-05-18
2026-05-13,NL,PENDING,119,3210.68,107,12,2,9,2026-05-18
2026-05-13,NL,REJECTED,278,9087.59,260,18,5,9,2026-05-17
2026-05-13,PL,ACCEPTED,2841,92708.30,2623,218,30,9,2026-05-18
2026-05-13,PL,PENDING,147,4637.24,133,14,3,9,2026-05-18
2026-05-13,PL,REJECTED,258,8096.52,236,22,3,9,2026-05-16
2026-05-13,SE,ACCEPTED,2890,100110.31,2671,219,47,9,2026-05-18
2026-05-13,SE,PENDING,133,4223.09,121,12,2,9,2026-05-17
2026-05-13,SE,REJECTED,251,7120.95,231,20,5,9,2026-05-18
2026-05-13,,ACCEPTED,141,5799.08,131,10,3,9,2026-05-18
2026-05-13,,PENDING,7,333.10,7,0,0,3,2026-05-13
2026-05-13,,REJECTED,11,164.70,10,1,0,5,2026-05-13
2026-05-14,BE,ACCEPTED,2379,80152.75,2203,176,40,9,2026-05-19
2026-05-14,BE,PENDING,107,3791.79,91,16,0,9,2026-05-14
2026-05-14,BE,REJECTED,200,6627.16,184,16,2,9,2026-05-19
2026-05-14,CH,ACCEPTED,2455,83145.03,2255,200,50,9,2026-05-19
2026-05-14,CH,PENDING,106,3861.27,98,8,0,9,2026-05-14
2026-05-14,CH,REJECTED,216,6212.66,201,15,6,9,2026-05-19
2026-05-14,DE,ACCEPTED,2395,76448.31,2193,202,37,9,2026-05-19
2026-05-14,DE,PENDING,121,5527.79,109,12,2,9,2026-05-19
2026-05-14,DE,REJECTED,223,6555.96,203,20,3,9,2026-05-19
2026-05-14,ES,ACCEPTED,2354,78320.45,2144,210,44,9,2026-05-19
2026-05-14,ES,PENDING,111,4281.41,107,4,3,9,2026-05-19
2026-05-14,ES,REJECTED,204,7274.47,187,17,2,9,2026-05-19
2026-05-14,FR,ACCEPTED,2356,76141.29,2183,173,41,9,2026-05-19
2026-05-14,FR,PENDING,104,2964.78,96,8,5,9,2026-05-19
2026-05-14,FR,REJECTED,209,7349.43,195,14,2,9,2026-05-17
2026-05-14,GB,ACCEPTED,2415,81784.84,2215,200,45,9,2026-05-19
2026-05-14,GB,PENDING,121,3196.50,105,16,3,9,2026-05-18
2026-05-14,GB,REJECTED,212,7239.04,199,13,4,9,2026-05-19
2026-05-14,IT,ACCEPTED,2391,72791.49,2180,211,52,9,2026-05-19
2026-05-14,IT,PENDING,96,4008.47,84,12,2,9,2026-05-19
2026-05-14,IT,REJECTED,222,8441.00,200,22,4,9,2026-05-19
2026-05-14,MA,ACCEPTED,2447,82465.04,2252,195,49,9,2026-05-19
2026-05-14,MA,PENDING,91,3038.45,83,8,2,9,2026-05-19
2026-05-14,MA,REJECTED,191,7039.74,171,20,3,9,2026-05-18
2026-05-14,NL,ACCEPTED,2368,75479.93,2161,207,38,9,2026-05-19
2026-05-14,NL,PENDING,119,3275.40,108,11,2,9,2026-05-19
2026-05-14,NL,REJECTED,201,6208.09,179,22,5,9,2026-05-19
2026-05-14,PL,ACCEPTED,2430,75965.00,2236,194,40,9,2026-05-19
2026-05-14,PL,PENDING,113,3761.73,108,5,0,9,2026-05-14
2026-05-14,PL,REJECTED,226,6801.36,202,24,3,9,2026-05-18
2026-05-14,SE,ACCEPTED,2464,86131.48,2263,201,31,9,2026-05-19
2026-05-14,SE,PENDING,110,3218.00,96,14,3,9,2026-05-19
2026-05-14,SE,REJECTED,223,5942.21,207,16,3,9,2026-05-19
2026-05-14,,ACCEPTED,124,4582.58,115,9,1,9,2026-05-19
2026-05-14,,PENDING,6,192.11,5,1,0,2,2026-05-14
2026-05-14,,REJECTED,8,90.91,5,3,1,6,2026-05-16
2026-05-15,BE,ACCEPTED,2730,97602.24,2522,208,46,9,2026-05-20
2026-05-15,BE,PENDING,118,3430.66,108,10,2,9,2026-05-18
2026-05-15,BE,REJECTED,233,8632.82,216,17,3,9,2026-05-20
2026-05-15,CH,ACCEPTED,2736,90684.38,2522,214,45,9,2026-05-20
2026-05-15,CH,PENDING,112,4911.87,103,9,3,9,2026-05-20
2026-05-15,CH,REJECTED,256,7995.29,225,31,7,9,2026-05-20
2026-05-15,DE,ACCEPTED,2681,93124.34,2472,209,39,9,2026-05-20
2026-05-15,DE,PENDING,106,3113.02,97,9,1,9,2026-05-18
2026-05-15,DE,REJECTED,240,7386.27,220,20,4,9,2026-05-20
2026-05-15,ES,ACCEPTED,2656,89215.74,2444,212,44,9,2026-05-20
2026-05-15,ES,PENDING,99,2631.18,89,10,1,9,2026-05-20
2026-05-15,ES,REJECTED,271,10438.47,253,18,5,9,2026-05-19
2026-05-15,FR,ACCEPTED,2604,87790.27,2402,202,46,9,2026-05-20
2026-05-15,FR,PENDING,126,4271.54,117,9,2,9,2026-05-19
2026-05-15,FR,REJECTED,220,8762.44,205,15,3,9,2026-05-18
2026-05-15,GB,ACCEPTED,2650,94929.38,2426,224,43,9,2026-05-20
2026-05-15,GB,PENDING,129,3484.93,117,12,0,9,2026-05-15
2026-05-15,GB,REJECTED,250,7348.37,226,24,2,9,2026-05-19
2026-05-15,IT,ACCEPTED,2742,95097.58,2540,202,48,9,2026-05-20
2026-05-15,IT,PENDING,128,4074.57,121,7,2,9,2026-05-20
2026-05-15,IT,REJECTED,265,9253.95,237,28,1,9,2026-05-19
2026-05-15,MA,ACCEPTED,2686,88230.73,2468,218,47,9,2026-05-20
2026-05-15,MA,PENDING,116,2980.37,104,12,3,9,2026-05-20
2026-05-15,MA,REJECTED,266,8190.75,246,20,2,9,2026-05-19
2026-05-15,NL,ACCEPTED,2729,89740.76,2519,210,39,9,2026-05-20
2026-05-15,NL,PENDING,116,6212.46,104,12,2,9,2026-05-16
2026-05-15,NL,REJECTED,255,9270.89,241,14,8,9,2026-05-20
2026-05-15,PL,ACCEPTED,2676,90991.89,2450,226,33,9,2026-05-20
2026-05-15,PL,PENDING,119,3838.59,114,5,2,9,2026-05-19
2026-05-15,PL,REJECTED,231,7184.63,215,16,3,9,2026-05-20
2026-05-15,SE,ACCEPTED,2653,90812.10,2445,208,50,9,2026-05-20
2026-05-15,SE,PENDING,139,5045.71,125,14,3,9,2026-05-19
2026-05-15,SE,REJECTED,246,9298.80,228,18,3,9,2026-05-20
2026-05-15,,ACCEPTED,161,4632.20,149,12,2,9,2026-05-17
2026-05-15,,PENDING,4,256.46,4,0,0,4,2026-05-15
2026-05-15,,REJECTED,14,504.03,14,0,0,8,2026-05-15
2026-05-16,BE,ACCEPTED,1331,47139.59,1227,104,46,9,2026-05-21
2026-05-16,BE,PENDING,52,1460.33,45,7,2,9,2026-05-20
2026-05-16,BE,REJECTED,121,4023.39,109,12,5,9,2026-05-20
2026-05-16,CH,ACCEPTED,1370,44739.94,1270,100,35,9,2026-05-21
2026-05-16,CH,PENDING,47,1061.86,43,4,0,9,2026-05-16
2026-05-16,CH,REJECTED,118,3645.63,106,12,0,9,2026-05-16
2026-05-16,DE,ACCEPTED,1289,47490.43,1204,85,41,9,2026-05-21
2026-05-16,DE,PENDING,65,2034.61,60,5,1,9,2026-05-21
2026-05-16,DE,REJECTED,129,4521.23,119,10,5,9,2026-05-21
2026-05-16,ES,ACCEPTED,1407,45832.88,1309,98,47,9,2026-05-21
2026-05-16,ES,PENDING,59,1876.83,55,4,0,9,2026-05-16
2026-05-16,ES,REJECTED,108,3375.71,95,13,1,9,2026-05-19
2026-05-16,FR,ACCEPTED,1347,44910.71,1239,108,44,9,2026-05-21
2026-05-16,FR,PENDING,59,2627.99,55,4,2,9,2026-05-20
2026-05-16,FR,REJECTED,111,3244.52,96,15,2,9,2026-05-21
2026-05-16,GB,ACCEPTED,1296,42116.63,1176,120,61,9,2026-05-21
2026-05-16,GB,PENDING,49,1328.35,44,5,3,9,2026-05-20
2026-05-16,GB,REJECTED,122,3128.10,108,14,4,9,2026-05-21
2026-05-16,IT,ACCEPTED,1321,47025.22,1223,98,50,9,2026-05-21
2026-05-16,IT,PENDING,75,2615.95,71,4,2,9,2026-05-20
2026-05-16,IT,REJECTED,145,5615.52,136,9,5,9,2026-05-21
2026-05-16,MA,ACCEPTED,1401,49467.63,1302,99,54,9,2026-05-21
2026-05-16,MA,PENDING,64,1884.10,62,2,2,9,2026-05-21
2026-05-16,MA,REJECTED,126,3040.80,116,10,4,9,2026-05-21
2026-05-16,NL,ACCEPTED,1309,44640.26,1210,99,58,9,2026-05-21
2026-05-16,NL,PENDING,64,2170.71,61,3,1,9,2026-05-18
2026-05-16,NL,REJECTED,130,5355.90,120,10,11,9,2026-05-21
2026-05-16,PL,ACCEPTED,1304,42444.18,1191,113,41,9,2026-05-21
2026-05-16,PL,PENDING,60,1742.55,56,4,0,9,2026-05-16
2026-05-16,PL,REJECTED,112,4640.25,99,13,3,9,2026-05-19
2026-05-16,SE,ACCEPTED,1312,43959.34,1199,113,44,9,2026-05-21
2026-05-16,SE,PENDING,70,2414.41,66,4,4,9,2026-05-21
2026-05-16,SE,REJECTED,123,3991.00,115,8,5,9,2026-05-21
2026-05-16,,ACCEPTED,64,2558.35,62,2,4,9,2026-05-20
2026-05-16,,PENDING,1,240.44,1,0,0,1,2026-05-16
2026-05-16,,REJECTED,7,194.10,7,0,0,5,2026-05-16
2026-05-17,BE,ACCEPTED,1181,42066.87,1073,108,50,9,2026-05-22
2026-05-17,BE,PENDING,61,1183.01,51,10,3,8,2026-05-22
2026-05-17,BE,REJECTED,118,5121.88,115,3,7,9,2026-05-22
2026-05-17,CH,ACCEPTED,1254,41050.72,1151,103,60,9,2026-05-22
2026-05-17,CH,PENDING,53,1916.84,49,4,3,9,2026-05-22
2026-05-17,CH,REJECTED,98,2490.53,89,9,6,9,2026-05-22
2026-05-17,DE,ACCEPTED,1200,40568.04,1097,103,48,9,2026-05-22
2026-05-17,DE,PENDING,52,1472.21,47,5,0,8,2026-05-17
2026-05-17,DE,REJECTED,98,3138.77,93,5,3,9,2026-05-22
2026-05-17,ES,ACCEPTED,1164,38771.46,1061,103,64,9,2026-05-22
2026-05-17,ES,PENDING,50,1306.31,46,4,4,9,2026-05-22
2026-05-17,ES,REJECTED,99,2763.85,92,7,4,9,2026-05-20
2026-05-17,FR,ACCEPTED,1213,38396.83,1106,107,60,9,2026-05-22
2026-05-17,FR,PENDING,39,1166.80,36,3,1,8,2026-05-20
2026-05-17,FR,REJECTED,96,3337.33,89,7,4,9,2026-05-22
2026-05-17,GB,ACCEPTED,1129,36496.58,1034,95,52,9,2026-05-22
2026-05-17,GB,PENDING,60,1975.88,54,6,1,9,2026-05-18
2026-05-17,GB,REJECTED,111,2743.90,100,11,6,9,2026-05-22
2026-05-17,IT,ACCEPTED,1234,38459.46,1125,109,70,9,2026-05-22
2026-05-17,IT,PENDING,62,2273.43,58,4,3,9,2026-05-21
2026-05-17,IT,REJECTED,108,3923.75,98,10,5,9,2026-05-21
2026-05-17,MA,ACCEPTED,1131,37197.85,1028,103,44,9,2026-05-22
2026-05-17,MA,PENDING,44,845.08,40,4,2,8,2026-05-22
2026-05-17,MA,REJECTED,111,3009.02,103,8,4,9,2026-05-22
2026-05-17,NL,ACCEPTED,1145,41722.42,1064,81,54,9,2026-05-22
2026-05-17,NL,PENDING,41,1479.45,39,2,2,9,2026-05-22
2026-05-17,NL,REJECTED,92,3073.19,88,4,6,9,2026-05-22
2026-05-17,PL,ACCEPTED,1170,37686.94,1080,90,75,9,2026-05-22
2026-05-17,PL,PENDING,58,1543.26,56,2,3,9,2026-05-21
2026-05-17,PL,REJECTED,98,3001.48,90,8,2,9,2026-05-22
2026-05-17,SE,ACCEPTED,1126,40547.42,1029,97,49,9,2026-05-22
2026-05-17,SE,PENDING,42,848.95,37,5,4,9,2026-05-22
2026-05-17,SE,REJECTED,104,2266.95,93,11,5,9,2026-05-21
2026-05-17,,ACCEPTED,54,1152.38,53,1,2,9,2026-05-22
2026-05-17,,PENDING,4,43.72,2,2,0,3,2026-05-17
2026-05-17,,REJECTED,7,70.39,6,1,0,5,2026-05-17
2026-05-18,BE,ACCEPTED,2473,85494.23,2257,216,54,9,2026-05-23
2026-05-18,BE,PENDING,131,3207.57,124,7,2,9,2026-05-22
2026-05-18,BE,REJECTED,248,8141.93,221,27,8,9,2026-05-22
2026-05-18,CH,ACCEPTED,2537,81980.61,2336,201,58,9,2026-05-23
2026-05-18,CH,PENDING,119,2993.76,106,13,1,9,2026-05-20
2026-05-18,CH,REJECTED,235,8799.71,216,19,5,9,2026-05-23
2026-05-18,DE,ACCEPTED,2399,83765.03,2221,178,40,9,2026-05-23
2026-05-18,DE,PENDING,109,3901.66,99,10,3,9,2026-05-21
2026-05-18,DE,REJECTED,216,6157.98,197,19,3,9,2026-05-22
2026-05-18,ES,ACCEPTED,2491,84363.36,2306,185,52,9,2026-05-23
2026-05-18,ES,PENDING,113,4228.12,103,10,5,9,2026-05-23
2026-05-18,ES,REJECTED,216,7674.19,202,14,4,9,2026-05-21
2026-05-18,FR,ACCEPTED,2431,81559.00,2242,189,62,9,2026-05-23
2026-05-18,FR,PENDING,116,5396.83,105,11,4,9,2026-05-23
2026-05-18,FR,REJECTED,229,8097.72,211,18,5,9,2026-05-23
2026-05-18,GB,ACCEPTED,2521,90263.28,2342,179,46,9,2026-05-23
2026-05-18,GB,PENDING,105,4309.36,98,7,0,9,2026-05-18
2026-05-18,GB,REJECTED,231,7628.26,218,13,6,9,2026-05-23
2026-05-18,IT,ACCEPTED,2423,80049.39,2232,191,41,9,2026-05-23
2026-05-18,IT,PENDING,112,3931.24,106,6,2,9,2026-05-21
2026-05-18,IT,REJECTED,226,7615.03,207,19,5,9,2026-05-23
2026-05-18,MA,ACCEPTED,2608,83208.65,2386,222,59,9,2026-05-23
2026-05-18,MA,PENDING,114,3914.16,108,6,5,9,2026-05-23
2026-05-18,MA,REJECTED,221,6938.09,201,20,5,9,2026-05-21
2026-05-18,NL,ACCEPTED,2477,88715.26,2291,186,45,9,2026-05-23
2026-05-18,NL,PENDING,134,4825.78,125,9,4,9,2026-05-23
2026-05-18,NL,REJECTED,233,7119.34,216,17,5,9,2026-05-22
2026-05-18,PL,ACCEPTED,2483,80479.09,2279,204,36,9,2026-05-23
2026-05-18,PL,PENDING,129,3972.96,115,14,5,9,2026-05-22
2026-05-18,PL,REJECTED,214,6491.24,203,11,7,9,2026-05-22
2026-05-18,SE,ACCEPTED,2466,84767.64,2270,196,45,9,2026-05-23
2026-05-18,SE,PENDING,123,4367.03,114,9,6,9,2026-05-22
2026-05-18,SE,REJECTED,260,8408.62,241,19,6,9,2026-05-23
2026-05-18,,ACCEPTED,106,3765.77,100,6,3,9,2026-05-23
2026-05-18,,PENDING,6,29.17,5,1,0,5,2026-05-18
2026-05-18,,REJECTED,16,578.63,16,0,1,6,2026-05-23
2026-05-19,BE,ACCEPTED,2661,88250.10,2460,201,43,9,2026-05-24
2026-05-19,BE,PENDING,124,4782.58,116,8,2,9,2026-05-23
2026-05-19,BE,REJECTED,271,9503.81,255,16,2,9,2026-05-21
2026-05-19,CH,ACCEPTED,2658,90104.32,2426,232,50,9,2026-05-24
2026-05-19,CH,PENDING,126,4388.14,110,16,3,9,2026-05-23
2026-05-19,CH,REJECTED,253,8178.66,222,31,4,9,2026-05-22
2026-05-19,DE,ACCEPTED,2619,87613.02,2399,220,40,9,2026-05-24
2026-05-19,DE,PENDING,104,4188.36,95,9,2,9,2026-05-22
2026-05-19,DE,REJECTED,251,7372.59,229,22,3,9,2026-05-23
2026-05-19,ES,ACCEPTED,2665,89926.02,2442,223,47,9,2026-05-24
2026-05-19,ES,PENDING,132,4598.00,127,5,1,9,2026-05-21
2026-05-19,ES,REJECTED,222,6649.20,207,15,3,9,2026-05-21
2026-05-19,FR,ACCEPTED,2568,89571.75,2356,212,40,9,2026-05-24
2026-05-19,FR,PENDING,122,4999.63,116,6,2,9,2026-05-22
2026-05-19,FR,REJECTED,230,8178.71,209,21,0,9,2026-05-19
2026-05-19,GB,ACCEPTED,2638,89171.51,2431,207,49,9,2026-05-24
2026-05-19,GB,PENDING,139,3698.19,121,18,1,9,2026-05-22
2026-05-19,GB,REJECTED,231,7773.79,216,15,6,9,2026-05-24
2026-05-19,IT,ACCEPTED,2756,94921.26,2528,228,55,9,2026-05-24
2026-05-19,IT,PENDING,120,5326.02,112,8,2,9,2026-05-22
2026-05-19,IT,REJECTED,266,7880.07,241,25,4,9,2026-05-24
2026-05-19,MA,ACCEPTED,2686,91974.38,2501,185,48,9,2026-05-24
2026-05-19,MA,PENDING,130,3865.64,116,14,4,9,2026-05-24
2026-05-19,MA,REJECTED,231,8682.32,212,19,5,9,2026-05-23
2026-05-19,NL,ACCEPTED,2605,89527.86,2395,210,59,9,2026-05-24
2026-05-19,NL,PENDING,137,4102.03,125,12,1,9,2026-05-20
2026-05-19,NL,REJECTED,257,8740.23,234,23,4,9,2026-05-23
2026-05-19,PL,ACCEPTED,2607,82945.83,2411,196,47,9,2026-05-24
2026-05-19,PL,PENDING,138,4901.20,125,13,2,9,2026-05-24
2026-05-19,PL,REJECTED,223,9691.03,208,15,5,9,2026-05-23
2026-05-19,SE,ACCEPTED,2692,91978.29,2490,202,48,9,2026-05-24
2026-05-19,SE,PENDING,109,3809.53,104,5,0,9,2026-05-19
2026-05-19,SE,REJECTED,241,7215.65,219,22,3,9,2026-05-21
2026-05-19,,ACCEPTED,123,4518.62,112,11,2,9,2026-05-24
2026-05-19,,PENDING,5,140.17,4,1,0,5,2026-05-19
2026-05-19,,REJECTED,15,575.06,15,0,0,6,2026-05-19
2026-05-20,BE,ACCEPTED,2557,88097.38,2335,222,60,9,2026-05-25
2026-05-20,BE,PENDING,128,4174.50,120,8,2,9,2026-05-21
2026-05-20,BE,REJECTED,228,6848.20,205,23,4,9,2026-05-25
2026-05-20,CH,ACCEPTED,2687,89715.86,2486,201,38,9,2026-05-25
2026-05-20,CH,PENDING,108,4061.47,99,9,5,9,2026-05-23
2026-05-20,CH,REJECTED,241,8033.49,227,14,6,9,2026-05-25
2026-05-20,DE,ACCEPTED,2669,89623.58,2463,206,68,9,2026-05-25
2026-05-20,DE,PENDING,134,3811.60,126,8,3,9,2026-05-25
2026-05-20,DE,REJECTED,231,9385.79,214,17,4,9,2026-05-25
2026-05-20,ES,ACCEPTED,2757,88811.17,2506,251,46,9,2026-05-25
2026-05-20,ES,PENDING,141,4898.11,122,19,4,9,2026-05-22
2026-05-20,ES,REJECTED,247,9194.92,223,24,6,9,2026-05-25
2026-05-20,FR,ACCEPTED,2557,81410.01,2364,193,45,9,2026-05-25
2026-05-20,FR,PENDING,107,3339.57,98,9,2,9,2026-05-25
2026-05-20,FR,REJECTED,236,7071.06,211,25,6,9,2026-05-25
2026-05-20,GB,ACCEPTED,2659,93590.98,2461,198,50,9,2026-05-25
2026-05-20,GB,PENDING,119,4723.95,115,4,2,9,2026-05-23
2026-05-20,GB,REJECTED,217,8820.76,200,17,3,9,2026-05-25
2026-05-20,IT,ACCEPTED,2619,87799.43,2419,200,49,9,2026-05-25
2026-05-20,IT,PENDING,113,5244.37,101,12,0,9,2026-05-20
2026-05-20,IT,REJECTED,268,10456.91,252,16,6,9,2026-05-25
2026-05-20,MA,ACCEPTED,2671,84020.60,2486,185,51,9,2026-05-25
2026-05-20,MA,PENDING,130,4361.54,115,15,1,9,2026-05-22
2026-05-20,MA,REJECTED,224,7422.71,205,19,1,9,2026-05-25
2026-05-20,NL,ACCEPTED,2596,83637.50,2408,188,63,9,2026-05-25
2026-05-20,NL,PENDING,127,4806.11,114,13,3,9,2026-05-25
2026-05-20,NL,REJECTED,231,7380.93,213,18,8,9,2026-05-25
2026-05-20,PL,ACCEPTED,2594,88957.34,2383,211,38,9,2026-05-25
2026-05-20,PL,PENDING,99,3033.15,92,7,4,9,2026-05-25
2026-05-20,PL,REJECTED,262,7518.48,245,17,6,9,2026-05-25
2026-05-20,SE,ACCEPTED,2581,90648.16,2362,219,40,9,2026-05-25
2026-05-20,SE,PENDING,136,4126.16,130,6,2,9,2026-05-25
2026-05-20,SE,REJECTED,234,8347.95,213,21,5,9,2026-05-25
2026-05-20,,ACCEPTED,138,4938.32,128,10,5,9,2026-05-25
2026-05-20,,PENDING,5,51.22,5,0,0,4,2026-05-20
2026-05-20,,REJECTED,11,255.32,10,1,0,6,2026-05-20
2026-05-21,BE,ACCEPTED,3047,104974.20,2783,264,46,9,2026-05-26
2026-05-21,BE,PENDING,154,4826.32,139,15,3,9,2026-05-26
2026-05-21,BE,REJECTED,283,9791.74,262,21,2,9,2026-05-25
2026-05-21,CH,ACCEPTED,3162,107248.52,2893,269,55,9,2026-05-26
2026-05-21,CH,PENDING,137,4860.74,122,15,3,9,2026-05-26
2026-05-21,CH,REJECTED,258,7611.47,242,16,3,9,2026-05-26
2026-05-21,DE,ACCEPTED,3057,98525.59,2813,244,50,9,2026-05-26
2026-05-21,DE,PENDING,137,4704.19,130,7,1,9,2026-05-23
2026-05-21,DE,REJECTED,278,8593.07,250,28,8,9,2026-05-26
2026-05-21,ES,ACCEPTED,3088,102730.18,2837,251,60,9,2026-05-26
2026-05-21,ES,PENDING,143,4302.13,135,8,3,9,2026-05-25
2026-05-21,ES,REJECTED,288,10326.57,264,24,6,9,2026-05-26
2026-05-21,FR,ACCEPTED,3004,98107.08,2751,253,36,9,2026-05-26
2026-05-21,FR,PENDING,117,3807.61,112,5,2,9,2026-05-25
2026-05-21,FR,REJECTED,223,6233.98,209,14,2,9,2026-05-25
2026-05-21,GB,ACCEPTED,3076,102575.88,2825,251,51,9,2026-05-26
2026-05-21,GB,PENDING,126,3115.79,119,7,1,9,2026-05-23
2026-05-21,GB,REJECTED,298,7729.95,274,24,6,9,2026-05-25
2026-05-21,IT,ACCEPTED,3085,98920.94,2835,250,48,9,2026-05-26
2026-05-21,IT,PENDING,146,5720.32,136,10,2,9,2026-05-26
2026-05-21,IT,REJECTED,253,7911.71,238,15,3,9,2026-05-25
2026-05-21,MA,ACCEPTED,3122,104071.88,2886,236,50,9,2026-05-26
2026-05-21,MA,PENDING,139,4569.48,134,5,2,9,2026-05-22
2026-05-21,MA,REJECTED,276,10205.71,262,14,5,9,2026-05-25
2026-05-21,NL,ACCEPTED,3035,99760.50,2800,235,51,9,2026-05-26
2026-05-21,NL,PENDING,146,5332.90,137,9,2,9,2026-05-25
2026-05-21,NL,REJECTED,251,7932.26,236,15,1,9,2026-05-22
2026-05-21,PL,ACCEPTED,3023,99636.44,2761,262,41,9,2026-05-26
2026-05-21,PL,PENDING,136,5012.82,124,12,0,9,2026-05-21
2026-05-21,PL,REJECTED,278,9629.96,255,23,3,9,2026-05-23
2026-05-21,SE,ACCEPTED,3030,102462.45,2783,247,47,9,2026-05-26
2026-05-21,SE,PENDING,151,7581.24,138,13,1,9,2026-05-25
2026-05-21,SE,REJECTED,288,9720.37,272,16,4,9,2026-05-26
2026-05-21,,ACCEPTED,161,5433.64,149,12,4,9,2026-05-26
2026-05-21,,PENDING,11,135.86,11,0,0,6,2026-05-21
2026-05-21,,REJECTED,20,293.44,17,3,1,8,2026-05-26
2026-05-22,BE,ACCEPTED,2948,100211.91,2719,229,45,9,2026-05-27
2026-05-22,BE,PENDING,140,3920.27,131,9,0,9,2026-05-22
2026-05-22,BE,REJECTED,288,10169.81,265,23,6,9,2026-05-27
2026-05-22,CH,ACCEPTED,2900,93257.88,2659,241,56,9,2026-05-27
2026-05-22,CH,PENDING,114,3706.94,107,7,0,9,2026-05-22
2026-05-22,CH,REJECTED,288,10237.23,266,22,4,9,2026-05-27
2026-05-22,DE,ACCEPTED,2920,98373.54,2701,219,51,9,2026-05-27
2026-05-22,DE,PENDING,137,4738.43,129,8,3,9,2026-05-27
2026-05-22,DE,REJECTED,276,9247.61,264,12,2,9,2026-05-27
2026-05-22,ES,ACCEPTED,2953,94439.31,2690,263,35,9,2026-05-27
2026-05-22,ES,PENDING,135,3695.01,117,18,2,9,2026-05-27
2026-05-22,ES,REJECTED,311,9873.95,286,25,4,9,2026-05-27
2026-05-22,FR,ACCEPTED,2855,95364.79,2618,237,45,9,2026-05-27
2026-05-22,FR,PENDING,141,5559.80,122,19,1,9,2026-05-26
2026-05-22,FR,REJECTED,303,10044.83,279,24,5,9,2026-05-27
2026-05-22,GB,ACCEPTED,2896,95955.49,2644,252,47,9,2026-05-27
2026-05-22,GB,PENDING,123,3996.60,113,10,0,9,2026-05-22
2026-05-22,GB,REJECTED,278,7953.75,250,28,0,9,2026-05-22
2026-05-22,IT,ACCEPTED,2954,104287.91,2742,212,44,9,2026-05-27
2026-05-22,IT,PENDING,142,5094.44,135,7,0,9,2026-05-22
2026-05-22,IT,REJECTED,261,7261.64,237,24,6,9,2026-05-27
2026-05-22,MA,ACCEPTED,2920,102091.59,2688,232,40,9,2026-05-27
2026-05-22,MA,PENDING,127,5166.58,119,8,2,9,2026-05-26
2026-05-22,MA,REJECTED,251,9023.43,234,17,6,9,2026-05-27
2026-05-22,NL,ACCEPTED,3012,103211.67,2775,237,57,9,2026-05-27
2026-05-22,NL,PENDING,160,5624.39,148,12,4,9,2026-05-27
2026-05-22,NL,REJECTED,247,8818.97,222,25,7,9,2026-05-27
2026-05-22,PL,ACCEPTED,2960,100058.70,2719,241,55,9,2026-05-27
2026-05-22,PL,PENDING,145,6179.42,142,3,2,9,2026-05-23
2026-05-22,PL,REJECTED,274,10051.00,261,13,5,9,2026-05-27
2026-05-22,SE,ACCEPTED,2986,99529.39,2727,259,65,9,2026-05-27
2026-05-22,SE,PENDING,146,5386.63,134,12,3,9,2026-05-26
2026-05-22,SE,REJECTED,281,10808.87,263,18,3,9,2026-05-27
2026-05-22,,ACCEPTED,132,4494.28,126,6,1,9,2026-05-26
2026-05-22,,PENDING,6,129.36,6,0,0,4,2026-05-22
2026-05-22,,REJECTED,14,263.97,14,0,0,6,2026-05-22
2026-05-23,BE,ACCEPTED,1668,56873.49,1538,130,50,9,2026-05-28
2026-05-23,BE,PENDING,96,2761.82,91,5,2,9,2026-05-28
2026-05-23,BE,REJECTED,139,4234.83,127,12,6,9,2026-05-26
2026-05-23,CH,ACCEPTED,1668,53449.67,1526,142,47,9,2026-05-28
2026-05-23,CH,PENDING,89,2342.18,81,8,1,9,2026-05-27
2026-05-23,CH,REJECTED,153,4915.25,142,11,4,9,2026-05-28
2026-05-23,DE,ACCEPTED,1644,53336.61,1530,114,45,9,2026-05-28
2026-05-23,DE,PENDING,98,2583.44,87,11,3,9,2026-05-28
2026-05-23,DE,REJECTED,140,5176.75,131,9,4,9,2026-05-28
2026-05-23,ES,ACCEPTED,1686,56736.29,1554,132,41,9,2026-05-28
2026-05-23,ES,PENDING,83,3261.11,76,7,4,9,2026-05-28
2026-05-23,ES,REJECTED,150,4308.47,137,13,7,9,2026-05-28
2026-05-23,FR,ACCEPTED,1733,59309.12,1608,125,34,9,2026-05-28
2026-05-23,FR,PENDING,98,3503.35,95,3,1,9,2026-05-26
2026-05-23,FR,REJECTED,148,5092.62,130,18,6,9,2026-05-28
2026-05-23,GB,ACCEPTED,1682,57610.29,1556,126,36,9,2026-05-28
2026-05-23,GB,PENDING,87,3844.37,77,10,2,9,2026-05-28
2026-05-23,GB,REJECTED,153,4726.28,141,12,3,9,2026-05-28
2026-05-23,IT,ACCEPTED,1728,65055.17,1606,122,52,9,2026-05-28
2026-05-23,IT,PENDING,85,2758.08,80,5,2,9,2026-05-28
2026-05-23,IT,REJECTED,151,5273.76,142,9,3,9,2026-05-27
2026-05-23,MA,ACCEPTED,1727,59916.80,1575,152,47,9,2026-05-28
2026-05-23,MA,PENDING,70,3095.66,65,5,4,8,2026-05-27
2026-05-23,MA,REJECTED,146,5054.17,137,9,4,9,2026-05-27
2026-05-23,NL,ACCEPTED,1712,60673.72,1576,136,52,9,2026-05-28
2026-05-23,NL,PENDING,73,2266.40,69,4,2,9,2026-05-27
2026-05-23,NL,REJECTED,174,4994.01,156,18,8,9,2026-05-28
2026-05-23,PL,ACCEPTED,1675,56504.44,1522,153,55,9,2026-05-28
2026-05-23,PL,PENDING,86,2200.85,79,7,2,9,2026-05-27
2026-05-23,PL,REJECTED,131,4194.66,121,10,3,9,2026-05-28
2026-05-23,SE,ACCEPTED,1717,58810.01,1581,136,55,9,2026-05-28
2026-05-23,SE,PENDING,89,1967.24,85,4,5,9,2026-05-28
2026-05-23,SE,REJECTED,161,5711.64,153,8,4,9,2026-05-27
2026-05-23,,ACCEPTED,86,3566.32,81,5,0,9,2026-05-23
2026-05-23,,PENDING,6,225.85,6,0,0,4,2026-05-23
2026-05-23,,REJECTED,7,85.84,6,1,0,6,2026-05-23
2026-05-24,BE,ACCEPTED,1252,41061.26,1147,105,50,9,2026-05-29
2026-05-24,BE,PENDING,64,2226.23,58,6,1,9,2026-05-29
2026-05-24,BE,REJECTED,136,5063.15,127,9,7,9,2026-05-29
2026-05-24,CH,ACCEPTED,1216,42347.48,1118,98,52,9,2026-05-29
2026-05-24,CH,PENDING,71,2892.42,64,7,5,8,2026-05-28
2026-05-24,CH,REJECTED,130,4289.11,121,9,3,9,2026-05-26
2026-05-24,DE,ACCEPTED,1280,43412.36,1158,122,65,9,2026-05-29
2026-05-24,DE,PENDING,52,1164.88,50,2,2,9,2026-05-26
2026-05-24,DE,REJECTED,113,4156.22,105,8,9,9,2026-05-29
2026-05-24,ES,ACCEPTED,1271,43977.78,1164,107,47,9,2026-05-29
2026-05-24,ES,PENDING,51,1386.54,44,7,1,9,2026-05-27
2026-05-24,ES,REJECTED,115,3711.70,111,4,6,9,2026-05-29
2026-05-24,FR,ACCEPTED,1244,42225.02,1161,83,56,9,2026-05-29
2026-05-24,FR,PENDING,61,1789.14,54,7,3,9,2026-05-29
2026-05-24,FR,REJECTED,102,4433.96,95,7,3,9,2026-05-29
2026-05-24,GB,ACCEPTED,1211,42664.10,1121,90,55,9,2026-05-29
2026-05-24,GB,PENDING,57,2391.31,54,3,2,9,2026-05-29
2026-05-24,GB,REJECTED,145,4615.15,136,9,5,9,2026-05-29
2026-05-24,IT,ACCEPTED,1241,46018.13,1151,90,45,9,2026-05-29
2026-05-24,IT,PENDING,60,1702.55,51,9,1,9,2026-05-27
2026-05-24,IT,REJECTED,121,4322.34,111,10,7,9,2026-05-29
2026-05-24,MA,ACCEPTED,1257,41958.00,1168,89,60,9,2026-05-29
2026-05-24,MA,PENDING,55,2068.98,50,5,2,9,2026-05-27
2026-05-24,MA,REJECTED,116,3110.60,110,6,6,9,2026-05-29
2026-05-24,NL,ACCEPTED,1264,44016.86,1165,99,55,9,2026-05-29
2026-05-24,NL,PENDING,58,1582.97,52,6,6,9,2026-05-27
2026-05-24,NL,REJECTED,108,3351.53,103,5,2,9,2026-05-28
2026-05-24,PL,ACCEPTED,1309,42964.39,1213,96,54,9,2026-05-29
2026-05-24,PL,PENDING,72,2083.68,65,7,1,9,2026-05-26
2026-05-24,PL,REJECTED,117,4374.78,109,8,4,9,2026-05-27
2026-05-24,SE,ACCEPTED,1265,43633.30,1172,93,49,9,2026-05-29
2026-05-24,SE,PENDING,82,1942.08,79,3,4,9,2026-05-29
2026-05-24,SE,REJECTED,123,4340.67,115,8,3,9,2026-05-29
2026-05-24,,ACCEPTED,74,2426.77,66,8,1,9,2026-05-26
2026-05-24,,PENDING,4,49.47,3,1,1,4,2026-05-28
2026-05-24,,REJECTED,6,285.95,6,0,0,5,2026-05-24
2026-05-25,BE,ACCEPTED,2747,92105.33,2515,232,52,9,2026-05-30
2026-05-25,BE,PENDING,130,3843.71,122,8,2,9,2026-05-29
2026-05-25,BE,REJECTED,228,6361.65,205,23,6,9,2026-05-30
2026-05-25,CH,ACCEPTED,2672,86847.68,2445,227,48,9,2026-05-30
2026-05-25,CH,PENDING,143,4806.13,131,12,1,9,2026-05-27
2026-05-25,CH,REJECTED,225,7008.55,204,21,7,9,2026-05-29
2026-05-25,DE,ACCEPTED,2652,88631.80,2412,240,34,9,2026-05-30
2026-05-25,DE,PENDING,135,3107.60,120,15,4,9,2026-05-30
2026-05-25,DE,REJECTED,260,8293.97,229,31,3,9,2026-05-30
2026-05-25,ES,ACCEPTED,2787,96155.80,2546,241,42,9,2026-05-30
2026-05-25,ES,PENDING,115,3377.64,101,14,0,9,2026-05-25
2026-05-25,ES,REJECTED,242,7795.18,223,19,6,9,2026-05-29
2026-05-25,FR,ACCEPTED,2710,87802.18,2501,209,42,9,2026-05-30
2026-05-25,FR,PENDING,126,3481.20,115,11,1,9,2026-05-27
2026-05-25,FR,REJECTED,238,8977.51,218,20,5,9,2026-05-30
2026-05-25,GB,ACCEPTED,2632,86399.92,2418,214,62,9,2026-05-30
2026-05-25,GB,PENDING,117,2812.16,110,7,0,9,2026-05-25
2026-05-25,GB,REJECTED,247,9556.02,228,19,1,9,2026-05-28
2026-05-25,IT,ACCEPTED,2680,90053.63,2469,211,47,9,2026-05-30
2026-05-25,IT,PENDING,131,3917.36,117,14,3,9,2026-05-30
2026-05-25,IT,REJECTED,253,6750.99,221,32,5,9,2026-05-29
2026-05-25,MA,ACCEPTED,2653,89458.71,2408,245,36,9,2026-05-30
2026-05-25,MA,PENDING,117,4828.17,104,13,3,9,2026-05-30
2026-05-25,MA,REJECTED,245,8492.31,225,20,4,9,2026-05-30
2026-05-25,NL,ACCEPTED,2660,94161.57,2455,205,46,9,2026-05-30
2026-05-25,NL,PENDING,129,4492.45,117,12,2,9,2026-05-30
2026-05-25,NL,REJECTED,253,8927.87,235,18,2,9,2026-05-30
2026-05-25,PL,ACCEPTED,2685,93919.49,2489,196,55,9,2026-05-30
2026-05-25,PL,PENDING,122,3282.15,113,9,1,9,2026-05-30
2026-05-25,PL,REJECTED,270,9398.39,255,15,6,9,2026-05-30
2026-05-25,SE,ACCEPTED,2694,86988.27,2489,205,58,9,2026-05-30
2026-05-25,SE,PENDING,126,5117.73,118,8,4,9,2026-05-30
2026-05-25,SE,REJECTED,266,9565.63,241,25,3,9,2026-05-27
2026-05-25,,ACCEPTED,135,4589.38,122,13,1,9,2026-05-26
2026-05-25,,PENDING,8,182.57,7,1,1,4,2026-05-26
2026-05-25,,REJECTED,13,283.51,13,0,0,6,2026-05-25
2026-05-26,BE,ACCEPTED,2741,87675.13,2522,219,40,9,2026-05-29
2026-05-26,BE,PENDING,128,3990.43,119,9,0,9,2026-05-26
2026-05-26,BE,REJECTED,248,8610.73,228,20,8,9,2026-05-31
2026-05-26,CH,ACCEPTED,2752,87647.25,2535,217,54,9,2026-05-31
2026-05-26,CH,PENDING,125,6117.81,120,5,2,9,2026-05-28
2026-05-26,CH,REJECTED,243,7531.80,226,17,6,9,2026-05-30
2026-05-26,DE,ACCEPTED,2807,91542.59,2579,228,35,9,2026-05-31
2026-05-26,DE,PENDING,128,5118.48,119,9,2,9,2026-05-29
2026-05-26,DE,REJECTED,266,9280.66,245,21,5,9,2026-05-29
2026-05-26,ES,ACCEPTED,2809,91884.28,2581,228,39,9,2026-05-31
2026-05-26,ES,PENDING,133,4257.79,119,14,1,9,2026-05-31
2026-05-26,ES,REJECTED,260,9242.35,244,16,8,9,2026-05-31
2026-05-26,FR,ACCEPTED,2729,95174.04,2497,232,44,9,2026-05-31
2026-05-26,FR,PENDING,129,5218.47,121,8,1,9,2026-05-31
2026-05-26,FR,REJECTED,257,7021.96,230,27,8,9,2026-05-31
2026-05-26,GB,ACCEPTED,2789,87497.98,2573,216,44,9,2026-05-31
2026-05-26,GB,PENDING,132,3381.94,121,11,0,9,2026-05-26
2026-05-26,GB,REJECTED,256,9243.02,233,23,5,9,2026-05-31
2026-05-26,IT,ACCEPTED,2804,96559.53,2583,221,35,9,2026-05-31
2026-05-26,IT,PENDING,140,4197.80,126,14,1,9,2026-05-30
2026-05-26,IT,REJECTED,239,7619.11,224,15,4,9,2026-05-31
2026-05-26,MA,ACCEPTED,2684,91230.67,2465,219,36,9,2026-05-31
2026-05-26,MA,PENDING,139,5019.09,127,12,2,9,2026-05-28
2026-05-26,MA,REJECTED,269,9433.05,251,18,5,9,2026-05-31
2026-05-26,NL,ACCEPTED,2752,93718.69,2508,244,51,9,2026-05-31
2026-05-26,NL,PENDING,140,4657.54,131,9,1,9,2026-05-28
2026-05-26,NL,REJECTED,258,9013.11,235,23,6,9,2026-05-31
2026-05-26,PL,ACCEPTED,2836,94927.88,2589,247,50,9,2026-05-31
2026-05-26,PL,PENDING,134,4780.51,125,9,1,9,2026-05-27
2026-05-26,PL,REJECTED,256,8254.28,239,17,5,9,2026-05-29
2026-05-26,SE,ACCEPTED,2826,94193.45,2600,226,38,9,2026-05-31
2026-05-26,SE,PENDING,128,5036.80,120,8,1,9,2026-05-31
2026-05-26,SE,REJECTED,300,9425.80,275,25,7,9,2026-05-31
2026-05-26,,ACCEPTED,148,4795.82,140,8,3,9,2026-05-30
2026-05-26,,PENDING,5,109.45,5,0,0,4,2026-05-26
2026-05-26,,REJECTED,11,726.81,9,2,0,5,2026-05-26
2026-05-27,BE,ACCEPTED,2631,89969.14,2440,191,37,9,2026-06-01
2026-05-27,BE,PENDING,118,4845.23,103,15,2,9,2026-05-28
2026-05-27,BE,REJECTED,243,7302.23,227,16,2,9,2026-05-31
2026-05-27,CH,ACCEPTED,2751,90619.74,2511,240,39,9,2026-06-01
2026-05-27,CH,PENDING,128,4736.91,112,16,1,9,2026-05-28
2026-05-27,CH,REJECTED,284,8931.89,269,15,4,9,2026-06-01
2026-05-27,DE,ACCEPTED,2709,92640.05,2473,236,32,9,2026-06-01
2026-05-27,DE,PENDING,124,4103.03,110,14,1,9,2026-06-01
2026-05-27,DE,REJECTED,237,9241.06,214,23,3,9,2026-06-01
2026-05-27,ES,ACCEPTED,2643,90022.23,2469,174,39,9,2026-06-01
2026-05-27,ES,PENDING,115,3743.89,103,12,1,9,2026-05-28
2026-05-27,ES,REJECTED,252,9550.76,230,22,1,9,2026-06-01
2026-05-27,FR,ACCEPTED,2712,85581.98,2469,243,62,9,2026-06-01
2026-05-27,FR,PENDING,134,4083.92,117,17,4,9,2026-05-31
2026-05-27,FR,REJECTED,258,8653.53,238,20,6,9,2026-06-01
2026-05-27,GB,ACCEPTED,2655,91521.29,2415,240,40,9,2026-06-01
2026-05-27,GB,PENDING,116,3388.41,107,9,1,9,2026-05-31
2026-05-27,GB,REJECTED,259,7646.47,232,27,8,9,2026-06-01
2026-05-27,IT,ACCEPTED,2609,87332.26,2409,200,48,9,2026-06-01
2026-05-27,IT,PENDING,105,2833.97,97,8,2,9,2026-05-31
2026-05-27,IT,REJECTED,252,7142.76,231,21,2,9,2026-05-29
2026-05-27,MA,ACCEPTED,2695,89524.88,2459,236,43,9,2026-06-01
2026-05-27,MA,PENDING,121,3537.14,113,8,2,9,2026-05-28
2026-05-27,MA,REJECTED,269,9936.23,255,14,3,9,2026-05-30
2026-05-27,NL,ACCEPTED,2686,91340.61,2486,200,47,9,2026-06-01
2026-05-27,NL,PENDING,123,3727.41,112,11,3,9,2026-05-29
2026-05-27,NL,REJECTED,268,8213.15,235,33,9,9,2026-06-01
2026-05-27,PL,ACCEPTED,2692,97395.68,2471,221,46,9,2026-06-01
2026-05-27,PL,PENDING,140,4748.47,123,17,4,9,2026-05-31
2026-05-27,PL,REJECTED,257,7061.78,240,17,3,9,2026-05-30
2026-05-27,SE,ACCEPTED,2673,88419.15,2459,214,53,9,2026-06-01
2026-05-27,SE,PENDING,130,2558.41,115,15,3,9,2026-06-01
2026-05-27,SE,REJECTED,288,10380.63,263,25,4,9,2026-06-01
2026-05-27,,ACCEPTED,125,4345.66,114,11,2,9,2026-06-01
2026-05-27,,PENDING,5,151.86,4,1,0,5,2026-05-27
2026-05-27,,REJECTED,15,182.34,12,3,0,8,2026-05-27
2026-05-28,BE,ACCEPTED,2902,97545.93,2679,223,47,9,2026-06-02
2026-05-28,BE,PENDING,140,4541.43,130,10,5,9,2026-06-02
2026-05-28,BE,REJECTED,235,9877.91,217,18,3,9,2026-06-01
2026-05-28,CH,ACCEPTED,2780,97349.35,2555,225,44,9,2026-06-02
2026-05-28,CH,PENDING,133,5156.08,122,11,6,9,2026-06-01
2026-05-28,CH,REJECTED,255,7328.82,237,18,4,9,2026-06-02
2026-05-28,DE,ACCEPTED,2899,96026.59,2662,237,48,9,2026-06-02
2026-05-28,DE,PENDING,167,6046.62,159,8,6,9,2026-06-02
2026-05-28,DE,REJECTED,258,8972.21,234,24,4,9,2026-06-02
2026-05-28,ES,ACCEPTED,2804,90818.73,2599,205,35,9,2026-06-02
2026-05-28,ES,PENDING,125,4382.41,121,4,0,9,2026-05-28
2026-05-28,ES,REJECTED,264,7492.13,240,24,4,9,2026-06-02
2026-05-28,FR,ACCEPTED,2765,89532.83,2517,248,39,9,2026-06-02
2026-05-28,FR,PENDING,127,3620.18,117,10,1,9,2026-05-29
2026-05-28,FR,REJECTED,274,9426.06,246,28,6,9,2026-06-02
2026-05-28,GB,ACCEPTED,2902,100886.56,2657,245,38,9,2026-06-02
2026-05-28,GB,PENDING,156,6970.02,139,17,6,9,2026-06-02
2026-05-28,GB,REJECTED,286,10020.97,260,26,4,9,2026-06-02
2026-05-28,IT,ACCEPTED,2876,94007.65,2624,252,35,9,2026-06-02
2026-05-28,IT,PENDING,152,4961.03,145,7,3,9,2026-06-02
2026-05-28,IT,REJECTED,282,9445.59,268,14,4,9,2026-06-01
2026-05-28,MA,ACCEPTED,2972,98376.63,2740,232,58,9,2026-06-02
2026-05-28,MA,PENDING,123,4544.24,116,7,1,9,2026-06-01
2026-05-28,MA,REJECTED,250,8066.42,233,17,10,9,2026-06-02
2026-05-28,NL,ACCEPTED,2841,97005.67,2586,255,43,9,2026-06-02
2026-05-28,NL,PENDING,130,4274.27,117,13,3,9,2026-06-02
2026-05-28,NL,REJECTED,278,11350.44,242,36,6,9,2026-06-02
2026-05-28,PL,ACCEPTED,2865,96968.87,2638,227,32,9,2026-06-02
2026-05-28,PL,PENDING,147,4367.88,135,12,2,9,2026-06-02
2026-05-28,PL,REJECTED,232,6327.09,206,26,2,9,2026-06-02
2026-05-28,SE,ACCEPTED,2936,94826.52,2710,226,41,9,2026-06-02
2026-05-28,SE,PENDING,106,3169.20,96,10,2,9,2026-06-01
2026-05-28,SE,REJECTED,243,9660.67,230,13,2,9,2026-06-01
2026-05-28,,ACCEPTED,160,5085.08,146,14,2,9,2026-06-02
2026-05-28,,PENDING,5,95.25,5,0,0,4,2026-05-28
2026-05-28,,REJECTED,17,604.51,16,1,0,8,2026-05-28
2026-05-29,BE,ACCEPTED,2386,79483.94,2193,193,46,9,2026-06-03
2026-05-29,BE,PENDING,96,2991.49,88,8,2,9,2026-06-02
2026-05-29,BE,REJECTED,242,9907.30,229,13,2,9,2026-05-31
2026-05-29,CH,ACCEPTED,2391,84308.00,2184,207,59,9,2026-06-03
2026-05-29,CH,PENDING,111,4203.61,99,12,0,9,2026-05-29
2026-05-29,CH,REJECTED,241,6747.15,211,30,6,9,2026-06-02
2026-05-29,DE,ACCEPTED,2339,76138.24,2152,187,35,9,2026-06-03
2026-05-29,DE,PENDING,125,3373.82,117,8,4,9,2026-06-03
2026-05-29,DE,REJECTED,231,8162.37,214,17,5,9,2026-06-03
2026-05-29,ES,ACCEPTED,2371,83296.93,2196,175,38,9,2026-06-03
2026-05-29,ES,PENDING,105,4627.01,94,11,1,9,2026-06-01
2026-05-29,ES,REJECTED,213,6233.83,193,20,5,9,2026-06-02
2026-05-29,FR,ACCEPTED,2350,74738.61,2155,195,34,9,2026-06-03
2026-05-29,FR,PENDING,94,3553.55,88,6,1,9,2026-05-30
2026-05-29,FR,REJECTED,220,7155.77,208,12,10,9,2026-06-03
2026-05-29,GB,ACCEPTED,2397,83810.08,2192,205,43,9,2026-06-03
2026-05-29,GB,PENDING,112,3342.78,102,10,2,9,2026-06-02
2026-05-29,GB,REJECTED,235,7326.92,218,17,2,9,2026-06-02
2026-05-29,IT,ACCEPTED,2381,75509.00,2182,199,49,9,2026-06-03
2026-05-29,IT,PENDING,125,4256.29,113,12,1,9,2026-05-30
2026-05-29,IT,REJECTED,200,6922.65,179,21,3,9,2026-06-01
2026-05-29,MA,ACCEPTED,2378,75847.58,2166,212,43,9,2026-06-03
2026-05-29,MA,PENDING,108,4105.51,101,7,3,9,2026-06-01
2026-05-29,MA,REJECTED,231,7195.26,207,24,3,9,2026-06-02
2026-05-29,NL,ACCEPTED,2380,76490.71,2201,179,41,9,2026-06-03
2026-05-29,NL,PENDING,110,3269.04,102,8,1,9,2026-05-30
2026-05-29,NL,REJECTED,244,7320.76,228,16,4,9,2026-06-03
2026-05-29,PL,ACCEPTED,2372,74978.10,2176,196,43,9,2026-06-03
2026-05-29,PL,PENDING,101,3228.79,96,5,1,9,2026-06-01
2026-05-29,PL,REJECTED,206,7013.66,190,16,2,9,2026-06-03
2026-05-29,SE,ACCEPTED,2412,76442.72,2201,211,55,9,2026-06-03
2026-05-29,SE,PENDING,118,3865.98,105,13,1,9,2026-06-02
2026-05-29,SE,REJECTED,222,9133.48,204,18,4,9,2026-06-02
2026-05-29,,ACCEPTED,100,3236.54,89,11,1,9,2026-05-30
2026-05-29,,PENDING,5,458.96,5,0,0,4,2026-05-29
2026-05-29,,REJECTED,11,618.26,11,0,1,5,2026-06-01
2026-05-30,BE,ACCEPTED,1428,46261.53,1312,116,47,9,2026-06-04
2026-05-30,BE,PENDING,48,2253.37,43,5,5,9,2026-06-03
2026-05-30,BE,REJECTED,120,5221.10,111,9,7,9,2026-06-04
2026-05-30,CH,ACCEPTED,1424,48801.22,1313,111,52,9,2026-06-04
2026-05-30,CH,PENDING,60,1958.02,55,5,5,9,2026-06-04
2026-05-30,CH,REJECTED,145,4797.31,132,13,5,9,2026-06-04
2026-05-30,DE,ACCEPTED,1444,45573.92,1334,110,56,9,2026-06-04
2026-05-30,DE,PENDING,72,2141.77,70,2,4,9,2026-06-04
2026-05-30,DE,REJECTED,132,5925.50,127,5,7,9,2026-06-04
2026-05-30,ES,ACCEPTED,1410,50717.34,1315,95,48,9,2026-06-04
2026-05-30,ES,PENDING,72,2850.14,65,7,3,9,2026-06-04
2026-05-30,ES,REJECTED,136,4045.36,125,11,8,9,2026-06-04
2026-05-30,FR,ACCEPTED,1447,51212.77,1331,116,59,9,2026-06-04
2026-05-30,FR,PENDING,61,1664.74,56,5,1,9,2026-06-02
2026-05-30,FR,REJECTED,134,3782.62,126,8,5,9,2026-06-02
2026-05-30,GB,ACCEPTED,1461,49753.15,1333,128,66,9,2026-06-04
2026-05-30,GB,PENDING,79,2896.53,73,6,3,9,2026-06-04
2026-05-30,GB,REJECTED,120,5384.91,111,9,3,9,2026-06-02
2026-05-30,IT,ACCEPTED,1461,51078.54,1352,109,54,9,2026-06-04
2026-05-30,IT,PENDING,72,1681.76,66,6,2,9,2026-06-04
2026-05-30,IT,REJECTED,130,4699.55,117,13,5,9,2026-06-04
2026-05-30,MA,ACCEPTED,1453,53781.54,1345,108,51,9,2026-06-04
2026-05-30,MA,PENDING,64,1469.28,61,3,1,9,2026-06-03
2026-05-30,MA,REJECTED,140,4986.11,131,9,8,9,2026-06-04
2026-05-30,NL,ACCEPTED,1450,46166.48,1336,114,49,9,2026-06-04
2026-05-30,NL,PENDING,73,2959.42,65,8,4,9,2026-06-04
2026-05-30,NL,REJECTED,135,5278.47,125,10,5,9,2026-06-04
2026-05-30,PL,ACCEPTED,1439,47080.67,1327,112,48,9,2026-06-04
2026-05-30,PL,PENDING,69,3013.53,63,6,2,9,2026-06-02
2026-05-30,PL,REJECTED,138,5022.08,125,13,4,9,2026-06-04
2026-05-30,SE,ACCEPTED,1389,44282.72,1261,128,46,9,2026-06-04
2026-05-30,SE,PENDING,63,1695.18,61,2,2,9,2026-06-04
2026-05-30,SE,REJECTED,128,3682.27,112,16,5,9,2026-06-04
2026-05-30,,ACCEPTED,83,2939.93,75,8,5,9,2026-06-04
2026-05-30,,PENDING,2,7.50,2,0,0,2,2026-05-30
2026-05-30,,REJECTED,9,248.15,8,1,0,5,2026-05-30
2026-05-31,BE,ACCEPTED,1315,51464.71,1211,104,66,9,2026-06-05
2026-05-31,BE,PENDING,61,1950.81,57,4,5,9,2026-06-04
2026-05-31,BE,REJECTED,117,3160.20,112,5,6,9,2026-06-05
2026-05-31,CH,ACCEPTED,1276,42337.92,1173,103,58,9,2026-06-05
2026-05-31,CH,PENDING,67,2507.14,62,5,5,9,2026-06-04
2026-05-31,CH,REJECTED,128,3058.54,122,6,9,9,2026-06-05
2026-05-31,DE,ACCEPTED,1290,47278.54,1181,109,64,9,2026-06-05
2026-05-31,DE,PENDING,53,2106.87,47,6,1,9,2026-06-03
2026-05-31,DE,REJECTED,105,3227.77,98,7,3,9,2026-06-05
2026-05-31,ES,ACCEPTED,1302,44595.73,1184,118,59,9,2026-06-05
2026-05-31,ES,PENDING,70,2747.84,65,5,5,9,2026-06-05
2026-05-31,ES,REJECTED,112,3508.18,103,9,7,9,2026-06-05
2026-05-31,FR,ACCEPTED,1261,38333.75,1157,104,56,9,2026-06-05
2026-05-31,FR,PENDING,64,2228.61,58,6,3,8,2026-06-04
2026-05-31,FR,REJECTED,131,4635.44,123,8,1,9,2026-06-03
2026-05-31,GB,ACCEPTED,1241,40000.77,1143,98,64,9,2026-06-05
2026-05-31,GB,PENDING,53,1502.27,48,5,2,9,2026-06-03
2026-05-31,GB,REJECTED,103,3628.84,91,12,3,9,2026-06-05
2026-05-31,IT,ACCEPTED,1218,41475.44,1106,112,50,9,2026-06-05
2026-05-31,IT,PENDING,60,1596.40,56,4,2,9,2026-06-05
2026-05-31,IT,REJECTED,141,4275.93,126,15,3,9,2026-06-01
2026-05-31,MA,ACCEPTED,1244,45931.04,1152,92,57,9,2026-06-05
2026-05-31,MA,PENDING,62,1752.31,57,5,3,9,2026-06-05
2026-05-31,MA,REJECTED,117,4023.45,110,7,2,9,2026-06-02
2026-05-31,NL,ACCEPTED,1275,42838.71,1171,104,65,9,2026-06-05
2026-05-31,NL,PENDING,67,2832.06,63,4,1,9,2026-06-04
2026-05-31,NL,REJECTED,132,4698.72,122,10,2,9,2026-06-03
2026-05-31,PL,ACCEPTED,1270,43877.30,1196,74,59,9,2026-06-05
2026-05-31,PL,PENDING,60,2101.77,56,4,9,9,2026-06-05
2026-05-31,PL,REJECTED,121,4344.85,108,13,6,9,2026-06-04
2026-05-31,SE,ACCEPTED,1291,43151.43,1189,102,55,9,2026-06-05
2026-05-31,SE,PENDING,71,2198.12,67,4,1,9,2026-06-01
2026-05-31,SE,REJECTED,109,4323.62,101,8,5,9,2026-06-05
2026-05-31,,ACCEPTED,64,2175.15,60,4,3,9,2026-06-04
2026-05-31,,PENDING,7,143.51,7,0,0,5,2026-05-31
2026-05-31,,REJECTED,5,93.66,4,1,1,4,2026-06-05
2026-06-01,BE,ACCEPTED,3011,104407.94,2790,221,51,9,2026-06-06
2026-06-01,BE,PENDING,154,7357.42,146,8,2,9,2026-06-06
2026-06-01,BE,REJECTED,296,9563.84,273,23,2,9,2026-06-05
2026-06-01,CH,ACCEPTED,3145,110029.00,2904,241,61,9,2026-06-06
2026-06-01,CH,PENDING,141,6230.53,130,11,2,9,2026-06-04
2026-06-01,CH,REJECTED,301,9847.19,261,40,5,9,2026-06-04
2026-06-01,DE,ACCEPTED,3114,105465.27,2872,242,50,9,2026-06-06
2026-06-01,DE,PENDING,149,5603.82,140,9,6,9,2026-06-05
2026-06-01,DE,REJECTED,257,7155.45,234,23,7,9,2026-06-06
2026-06-01,ES,ACCEPTED,3188,105298.39,2924,264,53,9,2026-06-06
2026-06-01,ES,PENDING,158,5086.53,143,15,4,9,2026-06-06
2026-06-01,ES,REJECTED,279,8432.82,253,26,4,9,2026-06-04
2026-06-01,FR,ACCEPTED,3103,105302.95,2883,220,54,9,2026-06-06
2026-06-01,FR,PENDING,166,7155.77,158,8,5,9,2026-06-05
2026-06-01,FR,REJECTED,301,8891.35,280,21,8,9,2026-06-06
2026-06-01,GB,ACCEPTED,3076,103476.95,2855,221,54,9,2026-06-06
2026-06-01,GB,PENDING,137,3562.65,122,15,5,9,2026-06-05
2026-06-01,GB,REJECTED,236,8625.34,224,12,6,9,2026-06-05
2026-06-01,IT,ACCEPTED,3078,107322.55,2850,228,54,9,2026-06-06
2026-06-01,IT,PENDING,137,5448.90,128,9,3,9,2026-06-05
2026-06-01,IT,REJECTED,301,10443.98,275,26,6,9,2026-06-06
2026-06-01,MA,ACCEPTED,3129,108813.29,2878,251,56,9,2026-06-06
2026-06-01,MA,PENDING,143,5532.77,137,6,5,9,2026-06-05
2026-06-01,MA,REJECTED,285,10460.25,259,26,3,9,2026-06-06
2026-06-01,NL,ACCEPTED,3062,103475.63,2790,272,59,9,2026-06-06
2026-06-01,NL,PENDING,154,5412.62,140,14,3,9,2026-06-03
2026-06-01,NL,REJECTED,290,9966.90,259,31,4,9,2026-06-06
2026-06-01,PL,ACCEPTED,3068,102577.85,2843,225,47,9,2026-06-06
2026-06-01,PL,PENDING,160,5781.86,148,12,0,9,2026-06-01
2026-06-01,PL,REJECTED,275,9099.24,255,20,3,9,2026-06-04
2026-06-01,SE,ACCEPTED,3147,103034.73,2883,264,50,9,2026-06-06
2026-06-01,SE,PENDING,136,3602.02,127,9,0,9,2026-06-01
2026-06-01,SE,REJECTED,282,9588.49,257,25,6,9,2026-06-05
2026-06-01,,ACCEPTED,153,5117.29,141,12,2,9,2026-06-06
2026-06-01,,PENDING,6,365.56,6,0,0,3,2026-06-01
2026-06-01,,REJECTED,12,296.57,10,2,0,6,2026-06-01
2026-06-02,BE,ACCEPTED,2792,94695.25,2581,211,45,9,2026-06-07
2026-06-02,BE,PENDING,127,4517.41,117,10,3,9,2026-06-05
2026-06-02,BE,REJECTED,243,6669.43,215,28,0,9,2026-06-02
2026-06-02,CH,ACCEPTED,2870,95409.22,2677,193,50,9,2026-06-07
2026-06-02,CH,PENDING,116,3710.30,106,10,0,9,2026-06-02
2026-06-02,CH,REJECTED,249,7532.85,220,29,7,9,2026-06-06
2026-06-02,DE,ACCEPTED,2805,88716.88,2567,238,42,9,2026-06-07
2026-06-02,DE,PENDING,132,3904.37,121,11,2,9,2026-06-07
2026-06-02,DE,REJECTED,275,8543.46,251,24,6,9,2026-06-07
2026-06-02,ES,ACCEPTED,2913,96225.61,2702,211,35,9,2026-06-07
2026-06-02,ES,PENDING,140,4416.83,129,11,4,9,2026-06-06
2026-06-02,ES,REJECTED,261,8694.20,242,19,5,9,2026-06-07
2026-06-02,FR,ACCEPTED,2859,95261.04,2633,226,47,9,2026-06-07
2026-06-02,FR,PENDING,113,3859.02,103,10,3,9,2026-06-06
2026-06-02,FR,REJECTED,258,7875.60,241,17,4,9,2026-06-06
2026-06-02,GB,ACCEPTED,2754,92801.23,2521,233,38,9,2026-06-07
2026-06-02,GB,PENDING,129,4636.81,112,17,1,9,2026-06-04
2026-06-02,GB,REJECTED,264,10376.48,240,24,5,9,2026-06-05
2026-06-02,IT,ACCEPTED,2856,94610.67,2639,217,41,9,2026-06-07
2026-06-02,IT,PENDING,128,4976.81,120,8,0,9,2026-06-02
2026-06-02,IT,REJECTED,260,7244.45,242,18,7,9,2026-06-07
2026-06-02,MA,ACCEPTED,2788,95169.29,2550,238,43,9,2026-06-07
2026-06-02,MA,PENDING,142,4715.83,129,13,1,9,2026-06-03
2026-06-02,MA,REJECTED,253,7782.13,222,31,3,9,2026-06-04
2026-06-02,NL,ACCEPTED,2856,99295.94,2622,234,43,9,2026-06-07
2026-06-02,NL,PENDING,133,4742.92,122,11,1,9,2026-06-04
2026-06-02,NL,REJECTED,234,7557.16,219,15,4,9,2026-06-07
2026-06-02,PL,ACCEPTED,2814,93968.60,2588,226,43,9,2026-06-07
2026-06-02,PL,PENDING,129,4723.60,121,8,1,9,2026-06-05
2026-06-02,PL,REJECTED,247,7784.82,224,23,3,9,2026-06-07
2026-06-02,SE,ACCEPTED,2805,91380.10,2604,201,42,9,2026-06-07
2026-06-02,SE,PENDING,144,3210.39,131,13,1,9,2026-06-05
2026-06-02,SE,REJECTED,219,7192.64,200,19,8,9,2026-06-07
2026-06-02,,ACCEPTED,134,5634.28,123,11,2,9,2026-06-07
2026-06-02,,PENDING,8,222.59,7,1,0,5,2026-06-02
2026-06-02,,REJECTED,15,601.29,13,2,0,7,2026-06-02
2026-06-03,BE,ACCEPTED,2550,80814.12,2345,205,48,9,2026-06-08
2026-06-03,BE,PENDING,125,4658.43,113,12,4,9,2026-06-08
2026-06-03,BE,REJECTED,229,8385.22,208,21,5,9,2026-06-08
2026-06-03,CH,ACCEPTED,2620,92717.86,2408,212,43,9,2026-06-08
2026-06-03,CH,PENDING,147,4852.08,138,9,3,9,2026-06-06
2026-06-03,CH,REJECTED,257,8881.97,234,23,2,9,2026-06-05
2026-06-03,DE,ACCEPTED,2633,87579.35,2422,211,37,9,2026-06-08
2026-06-03,DE,PENDING,113,2939.60,105,8,2,9,2026-06-08
2026-06-03,DE,REJECTED,270,8812.36,254,16,7,9,2026-06-08
2026-06-03,ES,ACCEPTED,2702,92071.18,2507,195,51,9,2026-06-08
2026-06-03,ES,PENDING,136,3754.64,127,9,1,9,2026-06-05
2026-06-03,ES,REJECTED,241,7722.95,219,22,3,9,2026-06-08
2026-06-03,FR,ACCEPTED,2668,87804.99,2438,230,52,9,2026-06-08
2026-06-03,FR,PENDING,122,4607.81,112,10,3,9,2026-06-08
2026-06-03,FR,REJECTED,212,6275.37,196,16,6,9,2026-06-07
2026-06-03,GB,ACCEPTED,2600,94832.49,2397,203,39,9,2026-06-08
2026-06-03,GB,PENDING,112,3127.50,107,5,3,9,2026-06-06
2026-06-03,GB,REJECTED,249,7892.95,227,22,6,9,2026-06-08
2026-06-03,IT,ACCEPTED,2594,84821.79,2396,198,40,9,2026-06-08
2026-06-03,IT,PENDING,117,3050.84,105,12,2,9,2026-06-06
2026-06-03,IT,REJECTED,260,8220.91,237,23,4,9,2026-06-06
2026-06-03,MA,ACCEPTED,2619,93119.35,2432,187,45,9,2026-06-08
2026-06-03,MA,PENDING,102,3207.21,98,4,4,9,2026-06-08
2026-06-03,MA,REJECTED,219,6645.62,203,16,4,9,2026-06-07
2026-06-03,NL,ACCEPTED,2596,86465.31,2367,229,40,9,2026-06-08
2026-06-03,NL,PENDING,111,2689.47,103,8,1,9,2026-06-08
2026-06-03,NL,REJECTED,245,6954.86,224,21,6,9,2026-06-08
2026-06-03,PL,ACCEPTED,2564,82173.69,2341,223,52,9,2026-06-08
2026-06-03,PL,PENDING,145,4045.72,127,18,6,9,2026-06-06
2026-06-03,PL,REJECTED,240,6591.50,220,20,6,9,2026-06-08
2026-06-03,SE,ACCEPTED,2567,92475.29,2381,186,56,9,2026-06-08
2026-06-03,SE,PENDING,117,2972.39,107,10,3,9,2026-06-05
2026-06-03,SE,REJECTED,217,5731.51,211,6,6,9,2026-06-08
2026-06-03,,ACCEPTED,120,4938.82,110,10,5,9,2026-06-08
2026-06-03,,PENDING,4,161.76,4,0,0,4,2026-06-03
2026-06-03,,REJECTED,11,286.21,11,0,0,5,2026-06-03
2026-06-04,BE,ACCEPTED,3010,99281.27,2779,231,50,9,2026-06-09
2026-06-04,BE,PENDING,158,5742.90,143,15,3,9,2026-06-09
2026-06-04,BE,REJECTED,278,8564.78,257,21,3,9,2026-06-09
2026-06-04,CH,ACCEPTED,2944,101429.08,2737,207,44,9,2026-06-09
2026-06-04,CH,PENDING,138,4301.30,130,8,2,9,2026-06-09
2026-06-04,CH,REJECTED,254,11233.72,237,17,5,9,2026-06-09
2026-06-04,DE,ACCEPTED,2896,99276.43,2650,246,33,9,2026-06-09
2026-06-04,DE,PENDING,136,5451.52,130,6,2,9,2026-06-08
2026-06-04,DE,REJECTED,239,7984.72,225,14,4,9,2026-06-08
2026-06-04,ES,ACCEPTED,2917,93101.06,2708,209,47,9,2026-06-09
2026-06-04,ES,PENDING,118,3777.93,106,12,3,9,2026-06-09
2026-06-04,ES,REJECTED,289,10785.30,262,27,3,9,2026-06-09
2026-06-04,FR,ACCEPTED,2869,93440.91,2609,260,35,9,2026-06-09
2026-06-04,FR,PENDING,151,5249.37,146,5,2,9,2026-06-06
2026-06-04,FR,REJECTED,278,9711.61,257,21,3,9,2026-06-09
2026-06-04,GB,ACCEPTED,2935,97140.09,2699,236,47,9,2026-06-09
2026-06-04,GB,PENDING,150,4401.94,140,10,4,9,2026-06-08
2026-06-04,GB,REJECTED,271,9171.73,246,25,5,9,2026-06-09
2026-06-04,IT,ACCEPTED,2881,96306.03,2640,241,34,9,2026-06-09
2026-06-04,IT,PENDING,145,4805.44,137,8,1,9,2026-06-08
2026-06-04,IT,REJECTED,288,9382.48,267,21,8,9,2026-06-08
2026-06-04,MA,ACCEPTED,2903,93477.03,2664,239,50,9,2026-06-09
2026-06-04,MA,PENDING,126,3982.02,120,6,4,9,2026-06-09
2026-06-04,MA,REJECTED,280,9106.82,256,24,6,9,2026-06-08
2026-06-04,NL,ACCEPTED,2959,105138.48,2760,199,51,9,2026-06-09
2026-06-04,NL,PENDING,151,5867.57,135,16,2,9,2026-06-09
2026-06-04,NL,REJECTED,286,10300.97,256,30,3,9,2026-06-09
2026-06-04,PL,ACCEPTED,2810,100373.80,2584,226,42,9,2026-06-09
2026-06-04,PL,PENDING,126,5659.87,117,9,1,9,2026-06-08
2026-06-04,PL,REJECTED,262,8418.74,234,28,4,9,2026-06-09
2026-06-04,SE,ACCEPTED,2929,95242.95,2696,233,45,9,2026-06-09
2026-06-04,SE,PENDING,130,3836.75,125,5,2,9,2026-06-08
2026-06-04,SE,REJECTED,261,8434.32,237,24,7,9,2026-06-09
2026-06-04,,ACCEPTED,149,4909.25,132,17,1,9,2026-06-08
2026-06-04,,PENDING,2,23.76,2,0,0,2,2026-06-04
2026-06-04,,REJECTED,20,628.17,15,5,1,9,2026-06-05
2026-06-05,BE,ACCEPTED,2811,93508.56,2595,216,32,9,2026-06-10
2026-06-05,BE,PENDING,142,5257.31,134,8,3,9,2026-06-10
2026-06-05,BE,REJECTED,281,9064.22,262,19,2,9,2026-06-08
2026-06-05,CH,ACCEPTED,2946,102121.72,2742,204,47,9,2026-06-10
2026-06-05,CH,PENDING,138,4572.86,123,15,4,9,2026-06-10
2026-06-05,CH,REJECTED,228,7084.49,213,15,4,9,2026-06-10
2026-06-05,DE,ACCEPTED,2822,91795.25,2578,244,39,9,2026-06-10
2026-06-05,DE,PENDING,129,3937.65,111,18,1,9,2026-06-08
2026-06-05,DE,REJECTED,257,9048.44,239,18,5,9,2026-06-10
2026-06-05,ES,ACCEPTED,2908,98129.12,2685,223,53,9,2026-06-10
2026-06-05,ES,PENDING,125,4896.80,119,6,2,9,2026-06-07
2026-06-05,ES,REJECTED,307,11021.60,279,28,3,9,2026-06-09
2026-06-05,FR,ACCEPTED,2829,91702.48,2591,238,43,9,2026-06-10
2026-06-05,FR,PENDING,139,3591.54,123,16,0,9,2026-06-05
2026-06-05,FR,REJECTED,263,9571.06,245,18,7,9,2026-06-09
2026-06-05,GB,ACCEPTED,2822,89107.54,2606,216,51,9,2026-06-10
2026-06-05,GB,PENDING,121,3514.93,111,10,0,9,2026-06-05
2026-06-05,GB,REJECTED,276,9652.37,264,12,6,9,2026-06-09
2026-06-05,IT,ACCEPTED,2883,97972.48,2654,229,35,9,2026-06-10
2026-06-05,IT,PENDING,122,4108.94,111,11,0,9,2026-06-05
2026-06-05,IT,REJECTED,259,9367.45,234,25,4,9,2026-06-09
2026-06-05,MA,ACCEPTED,2829,93307.69,2588,241,32,9,2026-06-10
2026-06-05,MA,PENDING,159,5166.51,141,18,0,9,2026-06-05
2026-06-05,MA,REJECTED,272,10641.34,260,12,2,9,2026-06-10
2026-06-05,NL,ACCEPTED,2879,97017.43,2666,213,40,9,2026-06-10
2026-06-05,NL,PENDING,142,4303.61,131,11,4,9,2026-06-10
2026-06-05,NL,REJECTED,259,8162.65,240,19,6,9,2026-06-10
2026-06-05,PL,ACCEPTED,2803,91283.75,2572,231,43,9,2026-06-10
2026-06-05,PL,PENDING,140,3762.71,127,13,3,9,2026-06-10
2026-06-05,PL,REJECTED,246,8760.02,222,24,2,9,2026-06-09
2026-06-05,SE,ACCEPTED,2902,101983.70,2694,208,34,9,2026-06-10
2026-06-05,SE,PENDING,150,6055.00,141,9,2,9,2026-06-09
2026-06-05,SE,REJECTED,260,9200.64,230,30,5,9,2026-06-10
2026-06-05,,ACCEPTED,137,3817.22,129,8,1,9,2026-06-10
2026-06-05,,PENDING,5,385.80,5,0,0,3,2026-06-05
2026-06-05,,REJECTED,16,480.75,15,1,0,7,2026-06-05
2026-06-06,BE,ACCEPTED,1462,46756.74,1356,106,45,9,2026-06-11
2026-06-06,BE,PENDING,63,1613.69,56,7,2,9,2026-06-11
2026-06-06,BE,REJECTED,146,4241.26,135,11,6,9,2026-06-10
2026-06-06,CH,ACCEPTED,1594,51014.19,1458,136,46,9,2026-06-11
2026-06-06,CH,PENDING,69,2037.34,64,5,2,9,2026-06-09
2026-06-06,CH,REJECTED,161,5030.84,145,16,3,9,2026-06-11
2026-06-06,DE,ACCEPTED,1518,48930.63,1407,111,49,9,2026-06-11
2026-06-06,DE,PENDING,60,1807.01,57,3,1,9,2026-06-09
2026-06-06,DE,REJECTED,135,4028.19,124,11,2,9,2026-06-11
2026-06-06,ES,ACCEPTED,1572,53742.11,1428,144,65,9,2026-06-11
2026-06-06,ES,PENDING,69,2109.43,65,4,1,9,2026-06-09
2026-06-06,ES,REJECTED,149,5060.16,137,12,5,9,2026-06-11
2026-06-06,FR,ACCEPTED,1571,55336.90,1458,113,51,9,2026-06-11
2026-06-06,FR,PENDING,71,2531.32,62,9,1,9,2026-06-08
2026-06-06,FR,REJECTED,161,5134.51,151,10,3,9,2026-06-11
2026-06-06,GB,ACCEPTED,1528,51540.59,1419,109,57,9,2026-06-11
2026-06-06,GB,PENDING,65,2105.83,58,7,3,9,2026-06-11
2026-06-06,GB,REJECTED,150,4698.96,136,14,4,9,2026-06-11
2026-06-06,IT,ACCEPTED,1575,55114.88,1449,126,48,9,2026-06-11
2026-06-06,IT,PENDING,91,3218.38,81,10,1,9,2026-06-08
2026-06-06,IT,REJECTED,147,3994.12,135,12,4,9,2026-06-10
2026-06-06,MA,ACCEPTED,1552,54256.26,1451,101,52,9,2026-06-11
2026-06-06,MA,PENDING,89,2560.32,81,8,0,9,2026-06-06
2026-06-06,MA,REJECTED,133,3315.07,121,12,2,9,2026-06-11
2026-06-06,NL,ACCEPTED,1543,51825.90,1399,144,50,9,2026-06-11
2026-06-06,NL,PENDING,68,1916.99,63,5,1,9,2026-06-11
2026-06-06,NL,REJECTED,166,4527.37,152,14,6,9,2026-06-11
2026-06-06,PL,ACCEPTED,1511,49954.56,1407,104,59,9,2026-06-11
2026-06-06,PL,PENDING,76,4095.26,69,7,2,9,2026-06-09
2026-06-06,PL,REJECTED,157,5566.05,144,13,4,9,2026-06-09
2026-06-06,SE,ACCEPTED,1651,56904.49,1531,120,50,9,2026-06-11
2026-06-06,SE,PENDING,59,1959.48,55,4,1,9,2026-06-09
2026-06-06,SE,REJECTED,144,4969.06,134,10,6,9,2026-06-11
2026-06-06,,ACCEPTED,72,3358.76,70,2,4,9,2026-06-10
2026-06-06,,PENDING,4,71.67,4,0,1,3,2026-06-08
2026-06-06,,REJECTED,7,185.21,7,0,0,3,2026-06-06
2026-06-07,BE,ACCEPTED,1037,36761.26,951,86,50,9,2026-06-12
2026-06-07,BE,PENDING,42,1340.78,40,2,0,8,2026-06-07
2026-06-07,BE,REJECTED,100,5013.76,93,7,5,9,2026-06-11
2026-06-07,CH,ACCEPTED,1147,36512.53,1062,85,68,9,2026-06-12
2026-06-07,CH,PENDING,61,1923.47,56,5,6,9,2026-06-12
2026-06-07,CH,REJECTED,98,3400.49,89,9,7,9,2026-06-12
2026-06-07,DE,ACCEPTED,1081,35620.41,994,87,44,9,2026-06-12
2026-06-07,DE,PENDING,49,1293.71,45,4,1,9,2026-06-11
2026-06-07,DE,REJECTED,109,3877.56,103,6,3,9,2026-06-10
2026-06-07,ES,ACCEPTED,1112,37596.10,1031,81,53,9,2026-06-12
2026-06-07,ES,PENDING,52,1905.82,44,8,1,9,2026-06-12
2026-06-07,ES,REJECTED,83,2895.18,75,8,7,8,2026-06-11
2026-06-07,FR,ACCEPTED,1070,33935.30,979,91,47,9,2026-06-12
2026-06-07,FR,PENDING,61,2368.42,57,4,3,9,2026-06-12
2026-06-07,FR,REJECTED,116,2956.06,107,9,8,9,2026-06-12
2026-06-07,GB,ACCEPTED,1096,36759.83,1011,85,53,9,2026-06-12
2026-06-07,GB,PENDING,47,2088.81,44,3,3,8,2026-06-12
2026-06-07,GB,REJECTED,118,3741.80,104,14,6,9,2026-06-12
2026-06-07,IT,ACCEPTED,1074,35105.56,982,92,57,9,2026-06-12
2026-06-07,IT,PENDING,60,1439.89,58,2,3,9,2026-06-11
2026-06-07,IT,REJECTED,115,4272.43,108,7,8,9,2026-06-12
2026-06-07,MA,ACCEPTED,1072,34883.65,966,106,61,9,2026-06-12
2026-06-07,MA,PENDING,52,1890.35,47,5,0,9,2026-06-07
2026-06-07,MA,REJECTED,96,3097.05,89,7,7,9,2026-06-12
2026-06-07,NL,ACCEPTED,1200,40004.99,1094,106,52,9,2026-06-12
2026-06-07,NL,PENDING,44,973.86,38,6,2,9,2026-06-10
2026-06-07,NL,REJECTED,95,2327.69,87,8,4,9,2026-06-12
2026-06-07,PL,ACCEPTED,1104,37522.01,1027,77,46,9,2026-06-12
2026-06-07,PL,PENDING,53,1890.72,49,4,3,9,2026-06-12
2026-06-07,PL,REJECTED,115,3679.61,106,9,13,9,2026-06-12
2026-06-07,SE,ACCEPTED,1098,35361.39,994,104,52,9,2026-06-12
2026-06-07,SE,PENDING,50,2276.97,45,5,0,9,2026-06-07
2026-06-07,SE,REJECTED,118,3774.64,103,15,6,9,2026-06-12
2026-06-07,,ACCEPTED,44,2043.09,39,5,0,9,2026-06-07
2026-06-07,,PENDING,1,26.61,1,0,0,1,2026-06-07
2026-06-07,,REJECTED,7,188.84,7,0,0,4,2026-06-07
2026-06-08,BE,ACCEPTED,2879,92802.26,2656,223,40,9,2026-06-13
2026-06-08,BE,PENDING,116,3359.83,111,5,0,9,2026-06-08
2026-06-08,BE,REJECTED,285,10782.02,266,19,5,9,2026-06-09
2026-06-08,CH,ACCEPTED,2888,96124.12,2651,237,41,9,2026-06-13
2026-06-08,CH,PENDING,163,5646.62,144,19,3,9,2026-06-13
2026-06-08,CH,REJECTED,295,11641.11,266,29,5,9,2026-06-12
2026-06-08,DE,ACCEPTED,2923,94999.35,2693,230,40,9,2026-06-13
2026-06-08,DE,PENDING,133,4113.20,127,6,3,9,2026-06-12
2026-06-08,DE,REJECTED,260,8601.14,243,17,2,9,2026-06-12
2026-06-08,ES,ACCEPTED,2953,102117.05,2724,229,52,9,2026-06-13
2026-06-08,ES,PENDING,126,3659.27,117,9,1,9,2026-06-12
2026-06-08,ES,REJECTED,272,9145.21,252,20,6,9,2026-06-13
2026-06-08,FR,ACCEPTED,3032,100863.25,2783,249,62,9,2026-06-13
2026-06-08,FR,PENDING,136,4066.08,125,11,2,9,2026-06-10
2026-06-08,FR,REJECTED,272,7072.96,247,25,8,9,2026-06-13
2026-06-08,GB,ACCEPTED,2932,97608.49,2696,236,53,9,2026-06-13
2026-06-08,GB,PENDING,139,4545.88,122,17,4,9,2026-06-12
2026-06-08,GB,REJECTED,255,8164.46,234,21,2,9,2026-06-13
2026-06-08,IT,ACCEPTED,2936,99747.21,2699,237,51,9,2026-06-13
2026-06-08,IT,PENDING,125,3629.66,115,10,3,9,2026-06-13
2026-06-08,IT,REJECTED,276,8203.45,250,26,4,9,2026-06-10
2026-06-08,MA,ACCEPTED,2865,96206.30,2635,230,44,9,2026-06-13
2026-06-08,MA,PENDING,154,4632.91,140,14,2,9,2026-06-12
2026-06-08,MA,REJECTED,276,9787.30,257,19,8,9,2026-06-12
2026-06-08,NL,ACCEPTED,2884,94620.72,2665,219,55,9,2026-06-13
2026-06-08,NL,PENDING,126,4252.46,117,9,1,9,2026-06-13
2026-06-08,NL,REJECTED,263,10075.15,238,25,6,9,2026-06-13
2026-06-08,PL,ACCEPTED,2869,96308.89,2635,234,50,9,2026-06-13
2026-06-08,PL,PENDING,125,4240.56,117,8,3,9,2026-06-13
2026-06-08,PL,REJECTED,270,8841.32,240,30,2,9,2026-06-10
2026-06-08,SE,ACCEPTED,2935,102545.66,2713,222,49,9,2026-06-13
2026-06-08,SE,PENDING,103,2166.99,90,13,0,9,2026-06-08
2026-06-08,SE,REJECTED,272,8138.39,245,27,2,9,2026-06-09
2026-06-08,,ACCEPTED,126,5382.30,114,12,3,9,2026-06-12
2026-06-08,,PENDING,4,31.19,4,0,0,4,2026-06-08
2026-06-08,,REJECTED,7,368.00,7,0,1,4,2026-06-11
2026-06-09,BE,ACCEPTED,2457,87104.10,2295,162,42,9,2026-06-14
2026-06-09,BE,PENDING,119,3239.28,116,3,2,9,2026-06-11
2026-06-09,BE,REJECTED,231,7663.11,211,20,8,9,2026-06-13
2026-06-09,CH,ACCEPTED,2512,85513.49,2298,214,43,9,2026-06-14
2026-06-09,CH,PENDING,113,3140.95,101,12,1,9,2026-06-12
2026-06-09,CH,REJECTED,224,6664.74,212,12,4,9,2026-06-14
2026-06-09,DE,ACCEPTED,2483,84719.77,2284,199,55,9,2026-06-14
2026-06-09,DE,PENDING,108,2714.14,98,10,2,9,2026-06-14
2026-06-09,DE,REJECTED,203,7526.40,188,15,4,9,2026-06-14
2026-06-09,ES,ACCEPTED,2392,80949.35,2217,175,44,9,2026-06-14
2026-06-09,ES,PENDING,135,4706.91,125,10,4,9,2026-06-12
2026-06-09,ES,REJECTED,243,8956.81,226,17,3,9,2026-06-12
2026-06-09,FR,ACCEPTED,2454,83108.08,2233,221,37,9,2026-06-14
2026-06-09,FR,PENDING,124,2599.26,108,16,4,9,2026-06-14
2026-06-09,FR,REJECTED,194,5915.37,184,10,6,9,2026-06-14
2026-06-09,GB,ACCEPTED,2368,80957.62,2182,186,46,9,2026-06-14
2026-06-09,GB,PENDING,118,4800.28,107,11,1,9,2026-06-11
2026-06-09,GB,REJECTED,239,8409.60,214,25,5,9,2026-06-14
2026-06-09,IT,ACCEPTED,2394,74941.86,2209,185,50,9,2026-06-14
2026-06-09,IT,PENDING,122,3458.44,114,8,5,9,2026-06-14
2026-06-09,IT,REJECTED,238,7185.27,220,18,9,9,2026-06-14
2026-06-09,MA,ACCEPTED,2412,81870.07,2221,191,35,9,2026-06-14
2026-06-09,MA,PENDING,98,3071.13,93,5,3,9,2026-06-11
2026-06-09,MA,REJECTED,198,6323.78,177,21,6,9,2026-06-13
2026-06-09,NL,ACCEPTED,2565,91244.37,2366,199,46,9,2026-06-14
2026-06-09,NL,PENDING,126,3295.02,112,14,0,9,2026-06-09
2026-06-09,NL,REJECTED,229,7826.41,212,17,2,9,2026-06-11
2026-06-09,PL,ACCEPTED,2459,86467.99,2250,209,53,9,2026-06-14
2026-06-09,PL,PENDING,100,2944.25,91,9,1,9,2026-06-10
2026-06-09,PL,REJECTED,226,6953.68,211,15,4,9,2026-06-13
2026-06-09,SE,ACCEPTED,2470,85517.54,2281,189,54,9,2026-06-14
2026-06-09,SE,PENDING,120,5273.26,112,8,1,9,2026-06-11
2026-06-09,SE,REJECTED,186,6088.97,175,11,1,9,2026-06-12
2026-06-09,,ACCEPTED,128,4248.78,115,13,6,9,2026-06-14
2026-06-09,,PENDING,5,114.19,5,0,0,3,2026-06-09
2026-06-09,,REJECTED,6,71.60,6,0,1,5,2026-06-11
2026-06-10,BE,ACCEPTED,2692,88097.48,2482,210,39,9,2026-06-15
2026-06-10,BE,PENDING,113,3544.26,104,9,4,9,2026-06-15
2026-06-10,BE,REJECTED,219,5983.95,199,20,6,9,2026-06-15
2026-06-10,CH,ACCEPTED,2505,77876.08,2305,200,44,9,2026-06-15
2026-06-10,CH,PENDING,127,3876.20,118,9,2,9,2026-06-12
2026-06-10,CH,REJECTED,236,8509.03,217,19,4,9,2026-06-15
2026-06-10,DE,ACCEPTED,2576,85388.70,2361,215,62,9,2026-06-15
2026-06-10,DE,PENDING,122,3216.23,115,7,4,9,2026-06-15
2026-06-10,DE,REJECTED,224,8232.22,206,18,5,9,2026-06-15
2026-06-10,ES,ACCEPTED,2576,85098.51,2393,183,42,9,2026-06-15
2026-06-10,ES,PENDING,122,3825.56,114,8,1,9,2026-06-15
2026-06-10,ES,REJECTED,239,7260.57,219,20,6,9,2026-06-15
2026-06-10,FR,ACCEPTED,2595,93141.83,2378,217,50,9,2026-06-15
2026-06-10,FR,PENDING,110,4031.08,105,5,1,8,2026-06-15
2026-06-10,FR,REJECTED,209,6371.33,191,18,2,9,2026-06-15
2026-06-10,GB,ACCEPTED,2468,87156.05,2276,192,42,9,2026-06-15
2026-06-10,GB,PENDING,94,3551.64,86,8,1,9,2026-06-11
2026-06-10,GB,REJECTED,227,6141.78,210,17,2,9,2026-06-15
2026-06-10,IT,ACCEPTED,2503,85979.78,2304,199,50,9,2026-06-15
2026-06-10,IT,PENDING,123,3923.41,115,8,0,9,2026-06-10
2026-06-10,IT,REJECTED,251,9178.30,234,17,4,9,2026-06-15
2026-06-10,MA,ACCEPTED,2638,87663.73,2418,220,39,9,2026-06-15
2026-06-10,MA,PENDING,121,4040.74,109,12,1,9,2026-06-11
2026-06-10,MA,REJECTED,242,8427.92,228,14,3,9,2026-06-15
2026-06-10,NL,ACCEPTED,2655,83409.27,2439,216,50,9,2026-06-15
2026-06-10,NL,PENDING,122,3763.43,110,12,0,9,2026-06-10
2026-06-10,NL,REJECTED,226,7293.08,206,20,4,9,2026-06-15
2026-06-10,PL,ACCEPTED,2546,87450.58,2349,197,42,9,2026-06-15
2026-06-10,PL,PENDING,117,3672.14,108,9,1,9,2026-06-12
2026-06-10,PL,REJECTED,238,6651.89,220,18,2,9,2026-06-15
2026-06-10,SE,ACCEPTED,2619,89654.18,2426,193,52,9,2026-06-15
2026-06-10,SE,PENDING,122,3541.41,110,12,2,9,2026-06-12
2026-06-10,SE,REJECTED,237,8339.67,217,20,8,9,2026-06-15
2026-06-10,,ACCEPTED,156,5813.66,150,6,8,9,2026-06-15
2026-06-10,,PENDING,5,281.73,5,0,0,3,2026-06-10
2026-06-10,,REJECTED,6,226.49,4,2,0,3,2026-06-10
2026-06-11,BE,ACCEPTED,2859,100032.68,2653,206,45,9,2026-06-16
2026-06-11,BE,PENDING,127,5741.44,119,8,0,9,2026-06-11
2026-06-11,BE,REJECTED,272,9126.87,251,21,2,9,2026-06-14
2026-06-11,CH,ACCEPTED,2909,95879.40,2688,221,50,9,2026-06-16
2026-06-11,CH,PENDING,133,4683.65,122,11,4,9,2026-06-16
2026-06-11,CH,REJECTED,277,9198.67,259,18,9,9,2026-06-16
2026-06-11,DE,ACCEPTED,2803,93497.70,2608,195,42,9,2026-06-16
2026-06-11,DE,PENDING,135,4268.79,120,15,3,9,2026-06-16
2026-06-11,DE,REJECTED,247,8937.39,230,17,5,9,2026-06-16
2026-06-11,ES,ACCEPTED,2928,100672.18,2695,233,59,9,2026-06-16
2026-06-11,ES,PENDING,144,3330.17,131,13,4,9,2026-06-15
2026-06-11,ES,REJECTED,274,9025.68,257,17,5,9,2026-06-15
2026-06-11,FR,ACCEPTED,2817,95850.17,2572,245,38,9,2026-06-16
2026-06-11,FR,PENDING,137,3797.56,126,11,2,9,2026-06-13
2026-06-11,FR,REJECTED,263,8145.84,244,19,3,9,2026-06-15
2026-06-11,GB,ACCEPTED,2907,99129.21,2689,218,46,9,2026-06-16
2026-06-11,GB,PENDING,137,3776.98,126,11,1,9,2026-06-16
2026-06-11,GB,REJECTED,245,9020.13,229,16,1,9,2026-06-16
2026-06-11,IT,ACCEPTED,2923,104110.51,2709,214,57,9,2026-06-16
2026-06-11,IT,PENDING,127,3620.28,119,8,2,9,2026-06-15
2026-06-11,IT,REJECTED,279,9486.63,258,21,3,9,2026-06-15
2026-06-11,MA,ACCEPTED,2939,100996.28,2699,240,45,9,2026-06-16
2026-06-11,MA,PENDING,144,4970.77,123,21,3,9,2026-06-16
2026-06-11,MA,REJECTED,247,9698.49,228,19,6,9,2026-06-16
2026-06-11,NL,ACCEPTED,2947,100755.53,2724,223,41,9,2026-06-16
2026-06-11,NL,PENDING,132,3755.67,124,8,0,9,2026-06-11
2026-06-11,NL,REJECTED,230,7207.39,207,23,2,9,2026-06-16
2026-06-11,PL,ACCEPTED,2788,99691.99,2570,218,33,9,2026-06-16
2026-06-11,PL,PENDING,141,4703.13,131,10,1,9,2026-06-14
2026-06-11,PL,REJECTED,271,9035.43,254,17,6,9,2026-06-16
2026-06-11,SE,ACCEPTED,2967,96337.96,2713,254,47,9,2026-06-16
2026-06-11,SE,PENDING,138,3681.15,131,7,3,9,2026-06-16
2026-06-11,SE,REJECTED,222,7802.05,204,18,2,9,2026-06-13
2026-06-11,,ACCEPTED,137,3143.30,126,11,3,9,2026-06-16
2026-06-11,,PENDING,3,41.55,3,0,0,2,2026-06-11
2026-06-11,,REJECTED,14,150.76,13,1,1,6,2026-06-15
2026-06-12,BE,ACCEPTED,2977,96481.97,2747,230,43,9,2026-06-17
2026-06-12,BE,PENDING,147,5443.70,132,15,2,9,2026-06-16
2026-06-12,BE,REJECTED,259,8839.77,234,25,6,9,2026-06-17
2026-06-12,CH,ACCEPTED,3007,102788.33,2757,250,40,9,2026-06-17
2026-06-12,CH,PENDING,129,3962.71,117,12,1,9,2026-06-15
2026-06-12,CH,REJECTED,277,9879.92,252,25,7,9,2026-06-17
2026-06-12,DE,ACCEPTED,3061,104239.20,2808,253,48,9,2026-06-17
2026-06-12,DE,PENDING,141,4660.64,131,10,4,9,2026-06-17
2026-06-12,DE,REJECTED,300,9385.18,271,29,1,9,2026-06-15
2026-06-12,ES,ACCEPTED,3030,111136.37,2781,249,42,9,2026-06-17
2026-06-12,ES,PENDING,116,3815.44,107,9,3,9,2026-06-15
2026-06-12,ES,REJECTED,275,9846.23,260,15,3,9,2026-06-17
2026-06-12,FR,ACCEPTED,2914,92725.12,2689,225,40,9,2026-06-17
2026-06-12,FR,PENDING,129,3377.86,117,12,4,9,2026-06-17
2026-06-12,FR,REJECTED,283,7414.71,255,28,3,9,2026-06-16
2026-06-12,GB,ACCEPTED,3018,100408.32,2767,251,38,9,2026-06-17
2026-06-12,GB,PENDING,143,5029.11,127,16,1,9,2026-06-17
2026-06-12,GB,REJECTED,255,7486.91,233,22,4,9,2026-06-17
2026-06-12,IT,ACCEPTED,3028,97978.19,2790,238,43,9,2026-06-17
2026-06-12,IT,PENDING,151,4919.94,137,14,2,9,2026-06-16
2026-06-12,IT,REJECTED,296,9390.47,268,28,3,9,2026-06-17
2026-06-12,MA,ACCEPTED,2950,99973.39,2722,228,39,9,2026-06-17
2026-06-12,MA,PENDING,136,4348.00,122,14,4,9,2026-06-17
2026-06-12,MA,REJECTED,299,9377.23,277,22,3,9,2026-06-17
2026-06-12,NL,ACCEPTED,3039,104700.01,2798,241,47,9,2026-06-17
2026-06-12,NL,PENDING,140,3951.28,122,18,2,9,2026-06-17
2026-06-12,NL,REJECTED,281,10047.96,257,24,2,9,2026-06-16
2026-06-12,PL,ACCEPTED,2985,100675.88,2725,260,51,9,2026-06-17
2026-06-12,PL,PENDING,128,4057.42,121,7,2,9,2026-06-16
2026-06-12,PL,REJECTED,272,9109.94,253,19,8,9,2026-06-17
2026-06-12,SE,ACCEPTED,2980,106044.92,2746,234,42,9,2026-06-17
2026-06-12,SE,PENDING,123,3809.91,109,14,4,9,2026-06-17
2026-06-12,SE,REJECTED,288,10064.97,265,23,0,9,2026-06-12
2026-06-12,,ACCEPTED,139,4770.40,124,15,1,9,2026-06-16
2026-06-12,,PENDING,7,740.99,7,0,0,3,2026-06-12
2026-06-12,,REJECTED,10,208.52,9,1,0,7,2026-06-12
2026-06-13,BE,ACCEPTED,1534,48319.64,1409,125,44,9,2026-06-18
2026-06-13,BE,PENDING,67,2875.84,65,2,1,9,2026-06-17
2026-06-13,BE,REJECTED,156,5774.72,137,19,4,9,2026-06-18
2026-06-13,CH,ACCEPTED,1481,49491.31,1368,113,61,9,2026-06-18
2026-06-13,CH,PENDING,63,2001.51,59,4,3,9,2026-06-16
2026-06-13,CH,REJECTED,138,4009.79,128,10,5,9,2026-06-17
2026-06-13,DE,ACCEPTED,1519,49101.59,1413,106,46,9,2026-06-18
2026-06-13,DE,PENDING,58,1855.10,54,4,0,8,2026-06-13
2026-06-13,DE,REJECTED,118,3517.58,105,13,1,9,2026-06-15
2026-06-13,ES,ACCEPTED,1529,54069.00,1405,124,64,9,2026-06-18
2026-06-13,ES,PENDING,73,2446.57,65,8,2,9,2026-06-18
2026-06-13,ES,REJECTED,144,5063.01,130,14,8,9,2026-06-18
2026-06-13,FR,ACCEPTED,1525,48518.54,1409,116,63,9,2026-06-18
2026-06-13,FR,PENDING,64,1810.35,57,7,7,9,2026-06-18
2026-06-13,FR,REJECTED,141,4906.75,132,9,3,9,2026-06-18
2026-06-13,GB,ACCEPTED,1496,52382.32,1388,108,48,9,2026-06-18
2026-06-13,GB,PENDING,68,1616.59,64,4,2,9,2026-06-17
2026-06-13,GB,REJECTED,155,5702.46,141,14,4,9,2026-06-18
2026-06-13,IT,ACCEPTED,1556,53059.39,1439,117,53,9,2026-06-18
2026-06-13,IT,PENDING,65,2318.00,61,4,1,9,2026-06-14
2026-06-13,IT,REJECTED,124,3481.13,111,13,1,9,2026-06-17
2026-06-13,MA,ACCEPTED,1528,53793.11,1407,121,49,9,2026-06-18
2026-06-13,MA,PENDING,74,2857.85,65,9,3,9,2026-06-18
2026-06-13,MA,REJECTED,144,4627.49,133,11,5,9,2026-06-17
2026-06-13,NL,ACCEPTED,1482,54112.88,1374,108,53,9,2026-06-18
2026-06-13,NL,PENDING,76,3317.04,70,6,4,9,2026-06-18
2026-06-13,NL,REJECTED,150,5715.78,141,9,3,9,2026-06-17
2026-06-13,PL,ACCEPTED,1525,52076.45,1412,113,45,9,2026-06-18
2026-06-13,PL,PENDING,73,2027.33,65,8,4,9,2026-06-18
2026-06-13,PL,REJECTED,157,4947.69,145,12,9,9,2026-06-18
2026-06-13,SE,ACCEPTED,1438,50665.04,1312,126,42,9,2026-06-18
2026-06-13,SE,PENDING,69,2634.86,65,4,4,9,2026-06-17
2026-06-13,SE,REJECTED,128,3945.56,115,13,5,9,2026-06-18
2026-06-13,,ACCEPTED,75,2896.64,71,4,5,9,2026-06-17
2026-06-13,,PENDING,3,0.07,1,2,0,2,2026-06-13
2026-06-13,,REJECTED,7,73.00,6,1,0,5,2026-06-13
2026-06-14,BE,ACCEPTED,1171,38954.92,1079,92,67,9,2026-06-19
2026-06-14,BE,PENDING,52,1848.54,48,4,3,9,2026-06-19
2026-06-14,BE,REJECTED,105,3399.91,97,8,10,9,2026-06-19
2026-06-14,CH,ACCEPTED,1098,38698.92,1017,81,51,9,2026-06-19
2026-06-14,CH,PENDING,50,2437.17,49,1,4,9,2026-06-17
2026-06-14,CH,REJECTED,99,3477.14,91,8,7,9,2026-06-18
2026-06-14,DE,ACCEPTED,1123,35897.62,1018,105,44,9,2026-06-19
2026-06-14,DE,PENDING,61,1668.72,57,4,0,9,2026-06-14
2026-06-14,DE,REJECTED,88,2806.88,75,13,4,9,2026-06-19
2026-06-14,ES,ACCEPTED,1090,34537.08,996,94,56,9,2026-06-19
2026-06-14,ES,PENDING,40,1053.86,36,4,0,8,2026-06-14
2026-06-14,ES,REJECTED,87,3055.28,80,7,5,9,2026-06-18
2026-06-14,FR,ACCEPTED,1034,33933.01,946,88,53,9,2026-06-19
2026-06-14,FR,PENDING,42,760.72,36,6,2,9,2026-06-16
2026-06-14,FR,REJECTED,96,3601.55,86,10,7,9,2026-06-19
2026-06-14,GB,ACCEPTED,1082,39192.08,1011,71,51,9,2026-06-19
2026-06-14,GB,PENDING,62,1901.79,57,5,5,9,2026-06-19
2026-06-14,GB,REJECTED,99,3138.47,94,5,1,9,2026-06-16
2026-06-14,IT,ACCEPTED,1091,34892.68,1010,81,55,9,2026-06-19
2026-06-14,IT,PENDING,46,1380.46,44,2,3,9,2026-06-18
2026-06-14,IT,REJECTED,102,3704.57,89,13,5,9,2026-06-17
2026-06-14,MA,ACCEPTED,1049,31567.55,963,86,51,9,2026-06-19
2026-06-14,MA,PENDING,48,1791.37,47,1,0,9,2026-06-14
2026-06-14,MA,REJECTED,100,3107.28,91,9,8,9,2026-06-19
2026-06-14,NL,ACCEPTED,1077,35551.35,983,94,54,9,2026-06-19
2026-06-14,NL,PENDING,50,1360.00,46,4,2,8,2026-06-16
2026-06-14,NL,REJECTED,93,2427.92,85,8,4,9,2026-06-19
2026-06-14,PL,ACCEPTED,1088,33103.67,1005,83,72,9,2026-06-19
2026-06-14,PL,PENDING,61,1731.88,56,5,0,9,2026-06-14
2026-06-14,PL,REJECTED,93,2527.65,76,17,4,9,2026-06-19
2026-06-14,SE,ACCEPTED,1056,34770.91,985,71,59,9,2026-06-19
2026-06-14,SE,PENDING,42,1866.43,40,2,4,9,2026-06-17
2026-06-14,SE,REJECTED,110,4938.07,103,7,9,9,2026-06-19
2026-06-14,,ACCEPTED,64,1891.18,58,6,4,9,2026-06-19
2026-06-14,,PENDING,1,35.05,1,0,0,1,2026-06-14
2026-06-14,,REJECTED,5,192.78,3,2,0,4,2026-06-14
2026-06-15,BE,ACCEPTED,3292,108160.98,3038,254,43,9,2026-06-20
2026-06-15,BE,PENDING,156,5373.41,146,10,1,9,2026-06-18
2026-06-15,BE,REJECTED,289,9596.63,265,24,8,9,2026-06-20
2026-06-15,CH,ACCEPTED,3097,105995.25,2856,241,57,9,2026-06-20
2026-06-15,CH,PENDING,161,5183.51,140,21,0,9,2026-06-15
2026-06-15,CH,REJECTED,289,8793.28,261,28,3,9,2026-06-19
2026-06-15,DE,ACCEPTED,3180,108167.98,2955,225,55,9,2026-06-20
2026-06-15,DE,PENDING,140,6593.48,132,8,2,9,2026-06-17
2026-06-15,DE,REJECTED,257,8857.37,235,22,3,9,2026-06-18
2026-06-15,ES,ACCEPTED,3058,99738.03,2801,257,53,9,2026-06-20
2026-06-15,ES,PENDING,153,4886.25,141,12,2,9,2026-06-18
2026-06-15,ES,REJECTED,299,11374.58,282,17,5,9,2026-06-20
2026-06-15,FR,ACCEPTED,3046,103764.16,2781,265,44,9,2026-06-20
2026-06-15,FR,PENDING,155,3748.49,141,14,0,9,2026-06-15
2026-06-15,FR,REJECTED,291,12415.09,263,28,3,9,2026-06-20
2026-06-15,GB,ACCEPTED,3106,102129.79,2861,245,49,9,2026-06-20
2026-06-15,GB,PENDING,157,5197.44,146,11,3,9,2026-06-17
2026-06-15,GB,REJECTED,295,10319.65,263,32,7,9,2026-06-20
2026-06-15,IT,ACCEPTED,3102,103284.04,2834,268,43,9,2026-06-20
2026-06-15,IT,PENDING,148,4672.37,136,12,3,9,2026-06-19
2026-06-15,IT,REJECTED,252,6986.98,226,26,8,9,2026-06-20
2026-06-15,MA,ACCEPTED,3030,106557.98,2797,233,53,9,2026-06-20
2026-06-15,MA,PENDING,141,3663.08,132,9,3,9,2026-06-19
2026-06-15,MA,REJECTED,328,10356.55,307,21,8,9,2026-06-20
2026-06-15,NL,ACCEPTED,3142,102320.63,2877,265,54,9,2026-06-20
2026-06-15,NL,PENDING,140,4837.27,125,15,3,9,2026-06-20
2026-06-15,NL,REJECTED,286,9865.53,261,25,4,9,2026-06-19
2026-06-15,PL,ACCEPTED,2938,100815.39,2729,209,52,9,2026-06-20
2026-06-15,PL,PENDING,152,5556.25,137,15,2,9,2026-06-17
2026-06-15,PL,REJECTED,260,8423.96,232,28,3,9,2026-06-20
2026-06-15,SE,ACCEPTED,3078,102826.36,2838,240,40,9,2026-06-20
2026-06-15,SE,PENDING,156,4734.47,147,9,4,9,2026-06-18
2026-06-15,SE,REJECTED,267,8038.66,253,14,6,9,2026-06-19
2026-06-15,,ACCEPTED,170,6109.78,158,12,3,9,2026-06-19
2026-06-15,,PENDING,7,303.98,7,0,0,2,2026-06-15
2026-06-15,,REJECTED,10,623.07,9,1,0,6,2026-06-15
2026-06-16,BE,ACCEPTED,2968,98943.36,2741,227,52,9,2026-06-21
2026-06-16,BE,PENDING,120,4406.20,110,10,1,9,2026-06-19
2026-06-16,BE,REJECTED,273,8974.60,256,17,2,9,2026-06-19
2026-06-16,CH,ACCEPTED,3026,99418.86,2809,217,45,9,2026-06-21
2026-06-16,CH,PENDING,154,4723.36,139,15,2,9,2026-06-20
2026-06-16,CH,REJECTED,274,7017.72,245,29,1,9,2026-06-18
2026-06-16,DE,ACCEPTED,3003,99801.83,2769,234,48,9,2026-06-21
2026-06-16,DE,PENDING,153,4969.16,145,8,4,9,2026-06-21
2026-06-16,DE,REJECTED,269,8151.09,251,18,9,9,2026-06-19
2026-06-16,ES,ACCEPTED,2962,100663.92,2708,254,34,9,2026-06-21
2026-06-16,ES,PENDING,150,4844.93,139,11,3,9,2026-06-21
2026-06-16,ES,REJECTED,243,7358.61,232,11,5,9,2026-06-21
2026-06-16,FR,ACCEPTED,2959,100261.63,2731,228,44,9,2026-06-21
2026-06-16,FR,PENDING,132,4640.72,125,7,1,9,2026-06-17
2026-06-16,FR,REJECTED,265,8449.72,248,17,4,9,2026-06-18
2026-06-16,GB,ACCEPTED,2989,104332.29,2731,258,45,9,2026-06-21
2026-06-16,GB,PENDING,136,4449.11,123,13,2,9,2026-06-20
2026-06-16,GB,REJECTED,246,10095.68,229,17,3,9,2026-06-20
2026-06-16,IT,ACCEPTED,3002,100624.55,2745,257,46,9,2026-06-21
2026-06-16,IT,PENDING,136,4691.69,123,13,2,9,2026-06-19
2026-06-16,IT,REJECTED,260,9342.63,237,23,2,9,2026-06-20
2026-06-16,MA,ACCEPTED,2928,98922.67,2677,251,47,9,2026-06-21
2026-06-16,MA,PENDING,108,5269.96,105,3,1,9,2026-06-17
2026-06-16,MA,REJECTED,273,8042.28,248,25,3,9,2026-06-18
2026-06-16,NL,ACCEPTED,2982,97486.43,2766,216,42,9,2026-06-21
2026-06-16,NL,PENDING,135,4162.81,125,10,2,9,2026-06-20
2026-06-16,NL,REJECTED,304,7545.91,281,23,3,9,2026-06-21
2026-06-16,PL,ACCEPTED,3038,101132.58,2801,237,34,9,2026-06-21
2026-06-16,PL,PENDING,143,4058.49,129,14,1,9,2026-06-17
2026-06-16,PL,REJECTED,274,8994.26,250,24,5,9,2026-06-21
2026-06-16,SE,ACCEPTED,2940,94305.40,2696,244,43,9,2026-06-21
2026-06-16,SE,PENDING,146,4159.47,137,9,2,9,2026-06-19
2026-06-16,SE,REJECTED,278,8424.57,248,30,3,9,2026-06-20
2026-06-16,,ACCEPTED,140,5074.34,127,13,5,9,2026-06-21
2026-06-16,,PENDING,10,175.36,10,0,0,5,2026-06-16
2026-06-16,,REJECTED,13,566.06,13,0,0,5,2026-06-16
2026-06-17,BE,ACCEPTED,2570,85953.25,2361,209,38,9,2026-06-22
2026-06-17,BE,PENDING,118,3819.55,108,10,1,9,2026-06-19
2026-06-17,BE,REJECTED,256,9840.40,236,20,3,9,2026-06-22
2026-06-17,CH,ACCEPTED,2549,84686.46,2347,202,38,9,2026-06-22
2026-06-17,CH,PENDING,132,6007.90,120,12,2,9,2026-06-20
2026-06-17,CH,REJECTED,245,8137.21,222,23,3,9,2026-06-22
2026-06-17,DE,ACCEPTED,2556,85493.02,2344,212,46,9,2026-06-22
2026-06-17,DE,PENDING,116,3639.40,108,8,0,9,2026-06-17
2026-06-17,DE,REJECTED,244,8051.14,228,16,4,9,2026-06-22
2026-06-17,ES,ACCEPTED,2570,82811.92,2370,200,47,9,2026-06-22
2026-06-17,ES,PENDING,114,3047.24,104,10,1,9,2026-06-19
2026-06-17,ES,REJECTED,227,7283.76,215,12,6,9,2026-06-22
2026-06-17,FR,ACCEPTED,2594,83371.63,2395,199,40,9,2026-06-22
2026-06-17,FR,PENDING,113,3571.86,105,8,1,9,2026-06-21
2026-06-17,FR,REJECTED,244,8433.12,217,27,6,9,2026-06-22
2026-06-17,GB,ACCEPTED,2623,92928.34,2432,191,44,9,2026-06-22
2026-06-17,GB,PENDING,127,4588.28,118,9,0,9,2026-06-17
2026-06-17,GB,REJECTED,223,9001.23,207,16,7,9,2026-06-22
2026-06-17,IT,ACCEPTED,2514,83967.44,2320,194,40,9,2026-06-22
2026-06-17,IT,PENDING,113,3824.00,100,13,3,9,2026-06-20
2026-06-17,IT,REJECTED,225,8525.16,202,23,4,9,2026-06-21
2026-06-17,MA,ACCEPTED,2519,85587.61,2317,202,54,9,2026-06-22
2026-06-17,MA,PENDING,129,4013.83,121,8,8,9,2026-06-22
2026-06-17,MA,REJECTED,236,6973.82,216,20,3,9,2026-06-22
2026-06-17,NL,ACCEPTED,2565,89911.43,2358,207,46,9,2026-06-22
2026-06-17,NL,PENDING,103,2826.32,93,10,3,9,2026-06-22
2026-06-17,NL,REJECTED,242,8600.60,222,20,6,9,2026-06-22
2026-06-17,PL,ACCEPTED,2558,88488.62,2359,199,48,9,2026-06-22
2026-06-17,PL,PENDING,108,3722.97,100,8,1,9,2026-06-18
2026-06-17,PL,REJECTED,238,7829.84,226,12,2,9,2026-06-22
2026-06-17,SE,ACCEPTED,2497,77487.35,2305,192,48,9,2026-06-22
2026-06-17,SE,PENDING,142,4780.12,127,15,2,9,2026-06-22
2026-06-17,SE,REJECTED,263,9090.42,242,21,3,9,2026-06-21
2026-06-17,,ACCEPTED,127,3547.61,116,11,2,9,2026-06-19
2026-06-17,,PENDING,7,158.57,7,0,0,4,2026-06-17
2026-06-17,,REJECTED,9,479.15,9,0,0,5,2026-06-17
2026-06-18,BE,ACCEPTED,2947,92936.62,2696,251,37,9,2026-06-23
2026-06-18,BE,PENDING,120,4782.93,112,8,0,9,2026-06-18
2026-06-18,BE,REJECTED,277,9782.90,257,20,3,9,2026-06-23
2026-06-18,CH,ACCEPTED,2873,99714.72,2633,240,51,9,2026-06-23
2026-06-18,CH,PENDING,148,4738.27,130,18,3,9,2026-06-22
2026-06-18,CH,REJECTED,272,7315.84,252,20,1,9,2026-06-23
2026-06-18,DE,ACCEPTED,2815,96025.78,2591,224,41,9,2026-06-23
2026-06-18,DE,PENDING,122,4417.35,115,7,1,9,2026-06-21
2026-06-18,DE,REJECTED,284,10697.19,255,29,4,9,2026-06-23
2026-06-18,ES,ACCEPTED,2962,103094.41,2754,208,53,9,2026-06-23
2026-06-18,ES,PENDING,131,5911.73,123,8,2,9,2026-06-23
2026-06-18,ES,REJECTED,251,8902.60,220,31,3,9,2026-06-23
2026-06-18,FR,ACCEPTED,2890,96029.57,2664,226,40,9,2026-06-23
2026-06-18,FR,PENDING,157,5719.00,146,11,1,9,2026-06-23
2026-06-18,FR,REJECTED,265,9402.43,245,20,2,9,2026-06-20
2026-06-18,GB,ACCEPTED,2935,98804.31,2705,230,42,9,2026-06-23
2026-06-18,GB,PENDING,132,4340.93,122,10,3,9,2026-06-22
2026-06-18,GB,REJECTED,265,8683.07,244,21,2,9,2026-06-23
2026-06-18,IT,ACCEPTED,2886,97425.00,2652,234,46,9,2026-06-23
2026-06-18,IT,PENDING,109,3664.35,97,12,3,9,2026-06-23
2026-06-18,IT,REJECTED,256,8484.24,231,25,8,9,2026-06-23
2026-06-18,MA,ACCEPTED,2931,96359.52,2655,276,48,9,2026-06-23
2026-06-18,MA,PENDING,140,5828.83,129,11,2,9,2026-06-23
2026-06-18,MA,REJECTED,277,8920.67,257,20,5,9,2026-06-23
2026-06-18,NL,ACCEPTED,2953,93085.63,2723,230,43,9,2026-06-23
2026-06-18,NL,PENDING,162,4823.82,141,21,3,9,2026-06-23
2026-06-18,NL,REJECTED,288,9401.78,261,27,7,9,2026-06-23
2026-06-18,PL,ACCEPTED,2927,95434.18,2670,257,44,9,2026-06-23
2026-06-18,PL,PENDING,118,3136.14,106,12,1,9,2026-06-22
2026-06-18,PL,REJECTED,264,12319.51,242,22,5,9,2026-06-23
2026-06-18,SE,ACCEPTED,2874,95079.35,2631,243,41,9,2026-06-23
2026-06-18,SE,PENDING,142,4373.60,131,11,5,9,2026-06-23
2026-06-18,SE,REJECTED,275,10393.94,256,19,7,9,2026-06-23
2026-06-18,,ACCEPTED,128,4676.81,114,14,3,9,2026-06-23
2026-06-18,,PENDING,6,102.88,6,0,0,4,2026-06-18
2026-06-18,,REJECTED,16,416.72,15,1,0,6,2026-06-18
2026-06-19,BE,ACCEPTED,2562,90048.25,2376,186,34,9,2026-06-24
2026-06-19,BE,PENDING,117,3614.54,107,10,4,9,2026-06-24
2026-06-19,BE,REJECTED,231,6494.79,214,17,3,9,2026-06-24
2026-06-19,CH,ACCEPTED,2608,84421.97,2399,209,52,9,2026-06-24
2026-06-19,CH,PENDING,113,4209.75,107,6,1,9,2026-06-22
2026-06-19,CH,REJECTED,229,8038.70,218,11,2,9,2026-06-24
2026-06-19,DE,ACCEPTED,2582,86961.50,2325,257,40,9,2026-06-24
2026-06-19,DE,PENDING,106,3776.45,102,4,2,9,2026-06-23
2026-06-19,DE,REJECTED,278,9346.45,251,27,5,9,2026-06-24
2026-06-19,ES,ACCEPTED,2630,91663.76,2413,217,46,9,2026-06-24
2026-06-19,ES,PENDING,126,3468.35,111,15,2,9,2026-06-22
2026-06-19,ES,REJECTED,223,6438.26,202,21,7,9,2026-06-24
2026-06-19,FR,ACCEPTED,2599,86892.38,2396,203,51,9,2026-06-24
2026-06-19,FR,PENDING,116,3130.06,110,6,2,9,2026-06-24
2026-06-19,FR,REJECTED,244,7910.90,219,25,0,9,2026-06-19
2026-06-19,GB,ACCEPTED,2522,92511.70,2317,205,45,9,2026-06-24
2026-06-19,GB,PENDING,125,4443.74,115,10,0,9,2026-06-19
2026-06-19,GB,REJECTED,253,9143.25,240,13,5,9,2026-06-24
2026-06-19,IT,ACCEPTED,2585,93986.83,2386,199,22,9,2026-06-24
2026-06-19,IT,PENDING,114,3650.79,108,6,1,9,2026-06-20
2026-06-19,IT,REJECTED,236,9232.81,213,23,5,9,2026-06-24
2026-06-19,MA,ACCEPTED,2722,90618.10,2503,219,41,9,2026-06-24
2026-06-19,MA,PENDING,138,4824.15,128,10,3,9,2026-06-23
2026-06-19,MA,REJECTED,237,7465.45,220,17,4,9,2026-06-24
2026-06-19,NL,ACCEPTED,2593,89907.57,2385,208,42,9,2026-06-24
2026-06-19,NL,PENDING,117,4496.35,109,8,1,9,2026-06-20
2026-06-19,NL,REJECTED,248,8327.26,226,22,3,9,2026-06-24
2026-06-19,PL,ACCEPTED,2611,81688.19,2415,196,50,9,2026-06-24
2026-06-19,PL,PENDING,119,2959.01,106,13,1,9,2026-06-22
2026-06-19,PL,REJECTED,255,8811.71,235,20,5,9,2026-06-24
2026-06-19,SE,ACCEPTED,2547,84907.16,2352,195,46,9,2026-06-24
2026-06-19,SE,PENDING,130,4438.41,119,11,1,9,2026-06-24
2026-06-19,SE,REJECTED,239,9215.33,220,19,6,9,2026-06-24
2026-06-19,,ACCEPTED,133,4434.07,124,9,0,9,2026-06-19
2026-06-19,,PENDING,11,348.64,11,0,0,5,2026-06-19
2026-06-19,,REJECTED,12,234.05,12,0,0,6,2026-06-19
2026-06-20,BE,ACCEPTED,1389,48787.19,1286,103,47,9,2026-06-25
2026-06-20,BE,PENDING,68,1769.18,61,7,6,9,2026-06-25
2026-06-20,BE,REJECTED,105,3297.62,97,8,4,9,2026-06-23
2026-06-20,CH,ACCEPTED,1355,48647.40,1242,113,37,9,2026-06-25
2026-06-20,CH,PENDING,66,2243.49,63,3,3,9,2026-06-23
2026-06-20,CH,REJECTED,102,2560.62,93,9,2,9,2026-06-23
2026-06-20,DE,ACCEPTED,1359,50461.03,1264,95,48,9,2026-06-25
2026-06-20,DE,PENDING,78,2164.39,73,5,2,9,2026-06-23
2026-06-20,DE,REJECTED,123,4642.17,121,2,5,9,2026-06-25
2026-06-20,ES,ACCEPTED,1306,45017.97,1208,98,42,9,2026-06-25
2026-06-20,ES,PENDING,68,1704.09,66,2,1,8,2026-06-24
2026-06-20,ES,REJECTED,134,4266.56,124,10,2,9,2026-06-24
2026-06-20,FR,ACCEPTED,1341,46141.50,1241,100,42,9,2026-06-25
2026-06-20,FR,PENDING,59,2618.62,51,8,1,9,2026-06-21
2026-06-20,FR,REJECTED,101,3488.54,93,8,6,9,2026-06-25
2026-06-20,GB,ACCEPTED,1356,41990.17,1258,98,68,9,2026-06-25
2026-06-20,GB,PENDING,72,2033.92,66,6,0,9,2026-06-20
2026-06-20,GB,REJECTED,118,3329.72,108,10,1,9,2026-06-22
2026-06-20,IT,ACCEPTED,1370,43254.32,1262,108,55,9,2026-06-25
2026-06-20,IT,PENDING,54,1475.45,49,5,2,9,2026-06-22
2026-06-20,IT,REJECTED,97,2201.71,85,12,2,9,2026-06-24
2026-06-20,MA,ACCEPTED,1310,45121.60,1219,91,38,9,2026-06-25
2026-06-20,MA,PENDING,55,1853.56,50,5,1,9,2026-06-25
2026-06-20,MA,REJECTED,116,4028.97,108,8,7,9,2026-06-25
2026-06-20,NL,ACCEPTED,1429,47330.91,1315,114,42,9,2026-06-25
2026-06-20,NL,PENDING,55,2284.01,52,3,3,8,2026-06-24
2026-06-20,NL,REJECTED,127,4705.94,118,9,3,9,2026-06-25
2026-06-20,PL,ACCEPTED,1442,51520.20,1335,107,38,9,2026-06-25
2026-06-20,PL,PENDING,64,2522.65,56,8,2,9,2026-06-24
2026-06-20,PL,REJECTED,124,3799.20,112,12,8,9,2026-06-25
2026-06-20,SE,ACCEPTED,1378,44920.13,1255,123,44,9,2026-06-25
2026-06-20,SE,PENDING,56,3333.00,49,7,2,9,2026-06-25
2026-06-20,SE,REJECTED,127,3894.65,118,9,5,9,2026-06-24
2026-06-20,,ACCEPTED,68,2250.82,64,4,5,9,2026-06-25
2026-06-20,,PENDING,2,0.28,2,0,0,1,2026-06-20
2026-06-20,,REJECTED,7,999.77,7,0,1,3,2026-06-23
2026-06-21,BE,ACCEPTED,1248,42084.14,1142,106,79,9,2026-06-26
2026-06-21,BE,PENDING,52,1971.78,50,2,2,9,2026-06-26
2026-06-21,BE,REJECTED,107,3731.33,97,10,8,9,2026-06-26
2026-06-21,CH,ACCEPTED,1201,40531.11,1130,71,43,9,2026-06-26
2026-06-21,CH,PENDING,58,2913.55,54,4,3,9,2026-06-26
2026-06-21,CH,REJECTED,117,4144.24,112,5,7,9,2026-06-26
2026-06-21,DE,ACCEPTED,1200,39753.00,1103,97,53,9,2026-06-26
2026-06-21,DE,PENDING,55,1334.44,52,3,0,9,2026-06-21
2026-06-21,DE,REJECTED,113,3368.86,104,9,6,9,2026-06-24
2026-06-21,ES,ACCEPTED,1157,41460.15,1071,86,57,9,2026-06-26
2026-06-21,ES,PENDING,60,1169.13,52,8,3,9,2026-06-25
2026-06-21,ES,REJECTED,122,3506.88,109,13,7,9,2026-06-26
2026-06-21,FR,ACCEPTED,1183,38864.72,1070,113,60,9,2026-06-26
2026-06-21,FR,PENDING,52,1363.22,50,2,1,9,2026-06-25
2026-06-21,FR,REJECTED,127,4554.46,119,8,8,9,2026-06-26
2026-06-21,GB,ACCEPTED,1265,42211.92,1171,94,61,9,2026-06-26
2026-06-21,GB,PENDING,58,1755.81,55,3,4,9,2026-06-26
2026-06-21,GB,REJECTED,111,3766.67,103,8,5,9,2026-06-26
2026-06-21,IT,ACCEPTED,1155,39571.30,1065,90,43,9,2026-06-26
2026-06-21,IT,PENDING,53,838.90,47,6,5,9,2026-06-26
2026-06-21,IT,REJECTED,124,3813.92,105,19,5,9,2026-06-26
2026-06-21,MA,ACCEPTED,1210,41611.28,1130,80,59,9,2026-06-26
2026-06-21,MA,PENDING,40,1698.24,39,1,1,8,2026-06-24
2026-06-21,MA,REJECTED,109,3011.96,96,13,2,9,2026-06-23
2026-06-21,NL,ACCEPTED,1248,42709.35,1165,83,49,9,2026-06-26
2026-06-21,NL,PENDING,57,2349.31,53,4,2,9,2026-06-23
2026-06-21,NL,REJECTED,99,3409.32,88,11,10,9,2026-06-26
2026-06-21,PL,ACCEPTED,1202,41159.59,1107,95,59,9,2026-06-26
2026-06-21,PL,PENDING,51,1530.84,44,7,1,9,2026-06-24
2026-06-21,PL,REJECTED,133,4590.80,119,14,5,9,2026-06-25
2026-06-21,SE,ACCEPTED,1266,42253.03,1168,98,57,9,2026-06-26
2026-06-21,SE,PENDING,59,2307.04,56,3,4,9,2026-06-25
2026-06-21,SE,REJECTED,115,4496.57,99,16,6,9,2026-06-26
2026-06-21,,ACCEPTED,57,1759.56,50,7,2,9,2026-06-26
2026-06-21,,PENDING,3,110.78,3,0,0,2,2026-06-21
2026-06-21,,REJECTED,6,298.71,5,1,0,5,2026-06-21
2026-06-22,BE,ACCEPTED,2600,85942.27,2419,181,47,9,2026-06-27
2026-06-22,BE,PENDING,132,3777.19,120,12,3,9,2026-06-26
2026-06-22,BE,REJECTED,257,7943.32,237,20,9,9,2026-06-27
2026-06-22,CH,ACCEPTED,2649,86666.02,2433,216,50,9,2026-06-27
2026-06-22,CH,PENDING,113,4262.74,104,9,2,9,2026-06-25
2026-06-22,CH,REJECTED,263,11668.93,243,20,5,9,2026-06-27
2026-06-22,DE,ACCEPTED,2707,96463.15,2502,205,63,9,2026-06-27
2026-06-22,DE,PENDING,125,3577.89,115,10,1,9,2026-06-24
2026-06-22,DE,REJECTED,237,8264.09,225,12,6,9,2026-06-26
2026-06-22,ES,ACCEPTED,2722,88359.72,2499,223,50,9,2026-06-27
2026-06-22,ES,PENDING,141,5298.71,128,13,2,9,2026-06-26
2026-06-22,ES,REJECTED,238,7386.56,222,16,5,9,2026-06-27
2026-06-22,FR,ACCEPTED,2648,89842.33,2428,220,52,9,2026-06-27
2026-06-22,FR,PENDING,127,3996.77,117,10,5,9,2026-06-26
2026-06-22,FR,REJECTED,229,8970.56,210,19,2,9,2026-06-26
2026-06-22,GB,ACCEPTED,2633,89193.87,2403,230,50,9,2026-06-27
2026-06-22,GB,PENDING,130,3631.73,120,10,4,9,2026-06-26
2026-06-22,GB,REJECTED,243,6879.62,217,26,3,9,2026-06-26
2026-06-22,IT,ACCEPTED,2672,91188.78,2468,204,51,9,2026-06-27
2026-06-22,IT,PENDING,105,3441.62,98,7,1,9,2026-06-26
2026-06-22,IT,REJECTED,251,8431.15,224,27,4,9,2026-06-26
2026-06-22,MA,ACCEPTED,2580,90514.84,2404,176,57,9,2026-06-27
2026-06-22,MA,PENDING,111,4251.37,105,6,2,9,2026-06-26
2026-06-22,MA,REJECTED,228,8223.38,210,18,4,9,2026-06-27
2026-06-22,NL,ACCEPTED,2677,90621.62,2482,195,47,9,2026-06-27
2026-06-22,NL,PENDING,120,3709.25,109,11,2,9,2026-06-27
2026-06-22,NL,REJECTED,224,9152.30,198,26,6,9,2026-06-26
2026-06-22,PL,ACCEPTED,2604,87026.77,2386,218,56,9,2026-06-27
2026-06-22,PL,PENDING,134,3585.62,119,15,1,9,2026-06-24
2026-06-22,PL,REJECTED,250,8056.23,237,13,6,9,2026-06-25
2026-06-22,SE,ACCEPTED,2655,89451.13,2434,221,43,9,2026-06-27
2026-06-22,SE,PENDING,129,4609.49,121,8,3,9,2026-06-25
2026-06-22,SE,REJECTED,235,6694.14,216,19,5,9,2026-06-27
2026-06-22,,ACCEPTED,143,6275.80,133,10,3,9,2026-06-26
2026-06-22,,PENDING,7,173.57,6,1,0,4,2026-06-22
2026-06-22,,REJECTED,11,109.70,9,2,0,5,2026-06-22
2026-06-23,BE,ACCEPTED,2822,94764.67,2595,227,40,9,2026-06-28
2026-06-23,BE,PENDING,130,3741.81,116,14,2,9,2026-06-27
2026-06-23,BE,REJECTED,237,9414.39,220,17,2,9,2026-06-26
2026-06-23,CH,ACCEPTED,2827,97899.75,2615,212,52,9,2026-06-28
2026-06-23,CH,PENDING,132,4238.73,120,12,1,9,2026-06-24
2026-06-23,CH,REJECTED,242,6897.35,221,21,2,9,2026-06-25
2026-06-23,DE,ACCEPTED,2747,91485.24,2525,222,35,9,2026-06-28
2026-06-23,DE,PENDING,134,4394.65,128,6,3,9,2026-06-27
2026-06-23,DE,REJECTED,287,11533.64,268,19,4,9,2026-06-25
2026-06-23,ES,ACCEPTED,2844,97574.37,2637,207,46,9,2026-06-28
2026-06-23,ES,PENDING,141,5021.95,129,12,1,9,2026-06-25
2026-06-23,ES,REJECTED,241,8004.35,218,23,2,9,2026-06-25
2026-06-23,FR,ACCEPTED,2818,88132.38,2586,232,40,9,2026-06-28
2026-06-23,FR,PENDING,137,4544.54,125,12,0,9,2026-06-23
2026-06-23,FR,REJECTED,279,7814.67,258,21,4,9,2026-06-26
2026-06-23,GB,ACCEPTED,2797,99832.15,2617,180,42,9,2026-06-28
2026-06-23,GB,PENDING,121,3420.71,112,9,6,9,2026-06-27
2026-06-23,GB,REJECTED,283,8780.44,260,23,2,9,2026-06-25
2026-06-23,IT,ACCEPTED,2823,89477.01,2612,211,46,9,2026-06-28
2026-06-23,IT,PENDING,140,4809.30,123,17,2,9,2026-06-25
2026-06-23,IT,REJECTED,278,8557.09,257,21,1,9,2026-06-25
2026-06-23,MA,ACCEPTED,2819,95969.19,2594,225,50,9,2026-06-28
2026-06-23,MA,PENDING,123,4560.34,118,5,0,9,2026-06-23
2026-06-23,MA,REJECTED,242,8441.40,218,24,4,9,2026-06-28
2026-06-23,NL,ACCEPTED,2837,90947.83,2610,227,43,9,2026-06-28
2026-06-23,NL,PENDING,137,4239.20,126,11,3,9,2026-06-28
2026-06-23,NL,REJECTED,250,7065.29,224,26,5,9,2026-06-28
2026-06-23,PL,ACCEPTED,2764,98543.20,2544,220,46,9,2026-06-28
2026-06-23,PL,PENDING,140,5313.87,127,13,2,9,2026-06-25
2026-06-23,PL,REJECTED,262,7636.00,230,32,1,9,2026-06-26
2026-06-23,SE,ACCEPTED,2764,95124.41,2568,196,39,9,2026-06-28
2026-06-23,SE,PENDING,115,4885.91,105,10,1,9,2026-06-24
2026-06-23,SE,REJECTED,261,6968.71,239,22,0,9,2026-06-23
2026-06-23,,ACCEPTED,138,4929.15,129,9,1,9,2026-06-26
2026-06-23,,PENDING,4,32.80,3,1,0,3,2026-06-23
2026-06-23,,REJECTED,13,385.92,12,1,0,6,2026-06-23
2026-06-24,BE,ACCEPTED,2741,94645.73,2536,205,47,9,2026-06-29
2026-06-24,BE,PENDING,132,2887.72,120,12,3,9,2026-06-29
2026-06-24,BE,REJECTED,229,7664.15,214,15,4,9,2026-06-29
2026-06-24,CH,ACCEPTED,2775,91216.69,2552,223,35,9,2026-06-29
2026-06-24,CH,PENDING,123,4354.77,118,5,1,9,2026-06-28
2026-06-24,CH,REJECTED,261,8063.34,240,21,5,9,2026-06-27
2026-06-24,DE,ACCEPTED,2763,93816.20,2559,204,41,9,2026-06-29
2026-06-24,DE,PENDING,147,6597.92,131,16,3,9,2026-06-27
2026-06-24,DE,REJECTED,247,7953.14,228,19,2,9,2026-06-25
2026-06-24,ES,ACCEPTED,2728,93003.05,2503,225,48,9,2026-06-29
2026-06-24,ES,PENDING,119,3673.65,102,17,2,9,2026-06-29
2026-06-24,ES,REJECTED,246,6716.29,222,24,6,9,2026-06-29
2026-06-24,FR,ACCEPTED,2747,90256.07,2541,206,49,9,2026-06-29
2026-06-24,FR,PENDING,133,5259.02,122,11,1,9,2026-06-29
2026-06-24,FR,REJECTED,236,7895.67,220,16,2,9,2026-06-27
2026-06-24,GB,ACCEPTED,2771,93156.28,2556,215,50,9,2026-06-29
2026-06-24,GB,PENDING,133,5761.39,119,14,1,9,2026-06-28
2026-06-24,GB,REJECTED,246,9163.20,232,14,3,9,2026-06-27
2026-06-24,IT,ACCEPTED,2773,93165.53,2518,255,48,9,2026-06-29
2026-06-24,IT,PENDING,126,3662.03,114,12,2,9,2026-06-26
2026-06-24,IT,REJECTED,273,8843.80,247,26,6,9,2026-06-29
2026-06-24,MA,ACCEPTED,2723,96399.98,2494,229,38,9,2026-06-29
2026-06-24,MA,PENDING,147,4637.82,138,9,2,9,2026-06-26
2026-06-24,MA,REJECTED,263,8990.25,235,28,4,9,2026-06-27
2026-06-24,NL,ACCEPTED,2794,91394.70,2541,253,45,9,2026-06-29
2026-06-24,NL,PENDING,139,3888.28,134,5,2,9,2026-06-25
2026-06-24,NL,REJECTED,260,8670.09,243,17,6,9,2026-06-29
2026-06-24,PL,ACCEPTED,2657,99529.61,2458,199,45,9,2026-06-29
2026-06-24,PL,PENDING,141,4689.94,127,14,0,9,2026-06-24
2026-06-24,PL,REJECTED,249,9009.37,225,24,4,9,2026-06-29
2026-06-24,SE,ACCEPTED,2745,93177.63,2549,196,44,9,2026-06-29
2026-06-24,SE,PENDING,134,3600.15,113,21,1,9,2026-06-26
2026-06-24,SE,REJECTED,235,8004.06,215,20,3,9,2026-06-26
2026-06-24,,ACCEPTED,143,4585.61,129,14,1,9,2026-06-29
2026-06-24,,PENDING,4,38.30,3,1,1,4,2026-06-29
2026-06-24,,REJECTED,15,834.37,13,2,0,6,2026-06-24
2026-06-25,BE,ACCEPTED,2745,89192.51,2527,218,41,9,2026-06-30
2026-06-25,BE,PENDING,125,4061.76,117,8,1,9,2026-06-27
2026-06-25,BE,REJECTED,267,9383.40,248,19,5,9,2026-06-30
2026-06-25,CH,ACCEPTED,2865,98893.36,2652,213,46,9,2026-06-30
2026-06-25,CH,PENDING,124,5222.65,106,18,1,9,2026-06-30
2026-06-25,CH,REJECTED,261,8908.20,246,15,5,9,2026-06-30
2026-06-25,DE,ACCEPTED,2789,92054.98,2563,226,45,9,2026-06-30
2026-06-25,DE,PENDING,146,7030.47,132,14,2,9,2026-06-27
2026-06-25,DE,REJECTED,215,7299.11,201,14,2,9,2026-06-30
2026-06-25,ES,ACCEPTED,2918,102481.66,2691,227,52,9,2026-06-30
2026-06-25,ES,PENDING,129,3759.71,118,11,3,9,2026-06-29
2026-06-25,ES,REJECTED,274,9695.14,258,16,8,9,2026-06-30
2026-06-25,FR,ACCEPTED,2848,98715.71,2641,207,43,9,2026-06-30
2026-06-25,FR,PENDING,151,4696.17,135,16,6,9,2026-06-30
2026-06-25,FR,REJECTED,244,6895.30,222,22,3,9,2026-06-30
2026-06-25,GB,ACCEPTED,2836,96286.15,2595,241,40,9,2026-06-30
2026-06-25,GB,PENDING,143,5515.32,130,13,2,9,2026-06-27
2026-06-25,GB,REJECTED,261,7894.90,240,21,2,9,2026-06-30
2026-06-25,IT,ACCEPTED,2786,96403.51,2577,209,35,9,2026-06-30
2026-06-25,IT,PENDING,134,4232.35,124,10,2,9,2026-06-30
2026-06-25,IT,REJECTED,276,9737.43,251,25,4,9,2026-06-30
2026-06-25,MA,ACCEPTED,2775,91980.37,2534,241,45,9,2026-06-30
2026-06-25,MA,PENDING,126,3563.04,118,8,2,9,2026-06-29
2026-06-25,MA,REJECTED,247,8651.71,228,19,2,9,2026-06-30
2026-06-25,NL,ACCEPTED,2837,92066.62,2612,225,31,9,2026-06-30
2026-06-25,NL,PENDING,118,3108.70,111,7,3,9,2026-06-30
2026-06-25,NL,REJECTED,244,10113.94,224,20,4,9,2026-06-30
2026-06-25,PL,ACCEPTED,2863,91482.85,2638,225,51,9,2026-06-30
2026-06-25,PL,PENDING,136,4554.55,122,14,5,9,2026-06-30
2026-06-25,PL,REJECTED,248,9067.71,223,25,8,9,2026-06-30
2026-06-25,SE,ACCEPTED,2767,96497.34,2532,235,37,9,2026-06-30
2026-06-25,SE,PENDING,123,4356.39,114,9,3,9,2026-06-29
2026-06-25,SE,REJECTED,274,12576.31,246,28,4,9,2026-06-29
2026-06-25,,ACCEPTED,141,4385.65,127,14,4,9,2026-06-30
2026-06-25,,PENDING,14,247.58,12,2,0,7,2026-06-25
2026-06-25,,REJECTED,15,916.52,14,1,0,6,2026-06-25
2026-06-26,BE,ACCEPTED,2627,84270.37,2436,191,43,9,2026-07-01
2026-06-26,BE,PENDING,121,3214.55,110,11,1,9,2026-06-30
2026-06-26,BE,REJECTED,247,7303.26,230,17,3,9,2026-06-30
2026-06-26,CH,ACCEPTED,2555,89032.74,2361,194,45,9,2026-07-01
2026-06-26,CH,PENDING,126,3369.76,114,12,0,9,2026-06-26
2026-06-26,CH,REJECTED,251,9466.85,232,19,4,9,2026-06-30
2026-06-26,DE,ACCEPTED,2591,84285.67,2376,215,59,9,2026-07-01
2026-06-26,DE,PENDING,99,4302.90,92,7,1,9,2026-06-30
2026-06-26,DE,REJECTED,236,7664.33,220,16,8,9,2026-07-01
2026-06-26,ES,ACCEPTED,2586,86239.23,2394,192,45,9,2026-07-01
2026-06-26,ES,PENDING,114,3794.33,106,8,1,9,2026-07-01
2026-06-26,ES,REJECTED,255,7803.19,231,24,4,9,2026-07-01
2026-06-26,FR,ACCEPTED,2591,91768.33,2387,204,57,9,2026-07-01
2026-06-26,FR,PENDING,112,3790.95,104,8,4,9,2026-07-01
2026-06-26,FR,REJECTED,248,8869.39,228,20,3,9,2026-07-01
2026-06-26,GB,ACCEPTED,2675,89919.13,2463,212,51,9,2026-07-01
2026-06-26,GB,PENDING,121,4685.75,110,11,4,9,2026-07-01
2026-06-26,GB,REJECTED,225,6125.10,203,22,5,9,2026-06-30
2026-06-26,IT,ACCEPTED,2558,90294.26,2362,196,36,9,2026-07-01
2026-06-26,IT,PENDING,99,3152.43,95,4,1,9,2026-07-01
2026-06-26,IT,REJECTED,238,8669.72,221,17,3,9,2026-06-29
2026-06-26,MA,ACCEPTED,2471,85430.66,2264,207,35,9,2026-07-01
2026-06-26,MA,PENDING,98,3159.98,87,11,2,9,2026-06-30
2026-06-26,MA,REJECTED,233,7737.21,212,21,5,9,2026-07-01
2026-06-26,NL,ACCEPTED,2577,84317.58,2355,222,32,9,2026-07-01
2026-06-26,NL,PENDING,119,3373.56,110,9,2,9,2026-06-30
2026-06-26,NL,REJECTED,239,7779.74,218,21,3,9,2026-07-01
2026-06-26,PL,ACCEPTED,2582,91359.73,2377,205,51,9,2026-07-01
2026-06-26,PL,PENDING,144,4876.06,132,12,4,9,2026-07-01
2026-06-26,PL,REJECTED,239,7896.76,218,21,9,9,2026-07-01
2026-06-26,SE,ACCEPTED,2581,91392.63,2369,212,45,9,2026-07-01
2026-06-26,SE,PENDING,124,4297.71,116,8,1,9,2026-06-29
2026-06-26,SE,REJECTED,226,8218.75,212,14,6,9,2026-07-01
2026-06-26,,ACCEPTED,142,3627.66,135,7,2,9,2026-07-01
2026-06-26,,PENDING,9,702.13,9,0,1,5,2026-06-29
2026-06-26,,REJECTED,7,149.24,6,1,0,4,2026-06-26
2026-06-27,BE,ACCEPTED,1439,44313.08,1323,116,54,9,2026-07-02
2026-06-27,BE,PENDING,70,2617.27,65,5,2,9,2026-07-02
2026-06-27,BE,REJECTED,125,3803.41,113,12,5,9,2026-07-02
2026-06-27,CH,ACCEPTED,1437,46272.55,1331,106,57,9,2026-07-02
2026-06-27,CH,PENDING,76,2708.41,73,3,3,9,2026-07-02
2026-06-27,CH,REJECTED,137,4324.45,127,10,4,9,2026-07-02
2026-06-27,DE,ACCEPTED,1456,52060.06,1360,96,48,9,2026-07-02
2026-06-27,DE,PENDING,49,1966.00,47,2,1,8,2026-06-28
2026-06-27,DE,REJECTED,156,5372.47,142,14,8,9,2026-07-02
2026-06-27,ES,ACCEPTED,1465,48958.99,1341,124,44,9,2026-07-02
2026-06-27,ES,PENDING,70,2831.75,63,7,6,9,2026-07-02
2026-06-27,ES,REJECTED,139,4023.21,127,12,3,9,2026-07-01
2026-06-27,FR,ACCEPTED,1475,53684.05,1352,123,55,9,2026-07-02
2026-06-27,FR,PENDING,77,1786.32,71,6,3,9,2026-06-30
2026-06-27,FR,REJECTED,141,5416.70,129,12,4,9,2026-07-02
2026-06-27,GB,ACCEPTED,1397,48876.85,1305,92,49,9,2026-07-02
2026-06-27,GB,PENDING,65,3187.37,62,3,4,9,2026-07-01
2026-06-27,GB,REJECTED,148,4474.17,129,19,5,9,2026-07-02
2026-06-27,IT,ACCEPTED,1417,50321.86,1301,116,46,9,2026-07-02
2026-06-27,IT,PENDING,69,2212.26,60,9,5,9,2026-07-02
2026-06-27,IT,REJECTED,105,3847.88,98,7,3,9,2026-07-02
2026-06-27,MA,ACCEPTED,1409,48749.05,1292,117,61,9,2026-07-02
2026-06-27,MA,PENDING,60,2139.48,54,6,1,9,2026-06-28
2026-06-27,MA,REJECTED,123,3558.31,113,10,3,9,2026-07-01
2026-06-27,NL,ACCEPTED,1395,48905.50,1298,97,47,9,2026-07-02
2026-06-27,NL,PENDING,65,1697.97,63,2,2,9,2026-07-01
2026-06-27,NL,REJECTED,114,3806.18,104,10,2,9,2026-07-02
2026-06-27,PL,ACCEPTED,1503,51283.64,1395,108,53,9,2026-07-02
2026-06-27,PL,PENDING,60,1808.38,58,2,1,8,2026-06-30
2026-06-27,PL,REJECTED,116,3944.28,107,9,5,9,2026-07-02
2026-06-27,SE,ACCEPTED,1424,49601.84,1315,109,47,9,2026-07-02
2026-06-27,SE,PENDING,60,1471.59,52,8,1,9,2026-06-30
2026-06-27,SE,REJECTED,128,4996.73,122,6,4,9,2026-07-02
2026-06-27,,ACCEPTED,65,1733.03,59,6,0,9,2026-06-27
2026-06-27,,PENDING,2,0.94,1,1,0,2,2026-06-27
2026-06-27,,REJECTED,8,276.04,7,1,1,4,2026-06-29
2026-06-28,BE,ACCEPTED,1301,48681.57,1204,97,61,9,2026-07-03
2026-06-28,BE,PENDING,61,2280.00,58,3,0,9,2026-06-28
2026-06-28,BE,REJECTED,119,4449.65,110,9,5,9,2026-07-03
2026-06-28,CH,ACCEPTED,1220,43536.09,1127,93,59,9,2026-07-03
2026-06-28,CH,PENDING,61,2824.81,57,4,2,8,2026-07-02
2026-06-28,CH,REJECTED,109,3050.58,100,9,5,9,2026-07-02
2026-06-28,DE,ACCEPTED,1196,38564.15,1091,105,50,9,2026-07-03
2026-06-28,DE,PENDING,66,1802.80,62,4,3,9,2026-07-03
2026-06-28,DE,REJECTED,119,3506.46,110,9,4,9,2026-07-02
2026-06-28,ES,ACCEPTED,1286,41550.25,1181,105,68,9,2026-07-03
2026-06-28,ES,PENDING,58,3440.23,53,5,0,9,2026-06-28
2026-06-28,ES,REJECTED,115,4477.16,97,18,8,9,2026-07-03
2026-06-28,FR,ACCEPTED,1246,45144.99,1165,81,53,9,2026-07-03
2026-06-28,FR,PENDING,62,1960.70,56,6,3,9,2026-07-01
2026-06-28,FR,REJECTED,110,3574.69,102,8,6,9,2026-07-03
2026-06-28,GB,ACCEPTED,1274,43359.30,1192,82,50,9,2026-07-03
2026-06-28,GB,PENDING,54,1517.37,49,5,7,9,2026-07-02
2026-06-28,GB,REJECTED,126,3987.21,117,9,4,9,2026-07-03
2026-06-28,IT,ACCEPTED,1252,42569.84,1138,114,63,9,2026-07-03
2026-06-28,IT,PENDING,72,1813.72,65,7,2,9,2026-07-02
2026-06-28,IT,REJECTED,106,2598.57,97,9,3,9,2026-07-03
2026-06-28,MA,ACCEPTED,1353,45693.31,1231,122,62,9,2026-07-03
2026-06-28,MA,PENDING,56,1637.33,52,4,4,9,2026-07-03
2026-06-28,MA,REJECTED,124,4087.63,112,12,6,9,2026-07-03
2026-06-28,NL,ACCEPTED,1294,41996.40,1193,101,67,9,2026-07-03
2026-06-28,NL,PENDING,53,2351.91,49,4,2,7,2026-07-03
2026-06-28,NL,REJECTED,136,4251.23,126,10,4,9,2026-07-03
2026-06-28,PL,ACCEPTED,1303,43900.84,1198,105,48,9,2026-07-03
2026-06-28,PL,PENDING,51,1793.32,48,3,1,9,2026-07-01
2026-06-28,PL,REJECTED,116,3357.81,107,9,4,9,2026-07-02
2026-06-28,SE,ACCEPTED,1181,42293.34,1082,99,61,9,2026-07-03
2026-06-28,SE,PENDING,59,1409.29,51,8,5,9,2026-07-03
2026-06-28,SE,REJECTED,131,5075.40,120,11,7,9,2026-07-03
2026-06-28,,ACCEPTED,67,1933.05,61,6,3,8,2026-07-03
2026-06-28,,PENDING,2,28.26,2,0,0,2,2026-06-28
2026-06-28,,REJECTED,6,299.98,6,0,0,4,2026-06-28
2026-06-29,BE,ACCEPTED,2951,97658.87,2742,209,67,9,2026-07-04
2026-06-29,BE,PENDING,145,4495.71,136,9,4,9,2026-07-04
2026-06-29,BE,REJECTED,276,8544.04,254,22,6,9,2026-07-03
2026-06-29,CH,ACCEPTED,2837,100224.90,2630,207,56,9,2026-07-04
2026-06-29,CH,PENDING,143,3826.99,122,21,2,9,2026-07-04
2026-06-29,CH,REJECTED,265,7320.23,237,28,4,9,2026-07-03
2026-06-29,DE,ACCEPTED,2946,97879.07,2669,277,60,9,2026-07-04
2026-06-29,DE,PENDING,116,2828.90,102,14,2,9,2026-07-02
2026-06-29,DE,REJECTED,284,8474.03,263,21,3,9,2026-07-03
2026-06-29,ES,ACCEPTED,2963,97767.76,2709,254,64,9,2026-07-04
2026-06-29,ES,PENDING,135,4423.73,116,19,4,9,2026-07-03
2026-06-29,ES,REJECTED,264,8449.88,241,23,9,9,2026-07-04
2026-06-29,FR,ACCEPTED,2909,110960.71,2684,225,41,9,2026-07-04
2026-06-29,FR,PENDING,133,2823.88,121,12,1,9,2026-07-01
2026-06-29,FR,REJECTED,261,8998.97,236,25,4,9,2026-07-03
2026-06-29,GB,ACCEPTED,2893,97253.73,2665,228,58,9,2026-07-04
2026-06-29,GB,PENDING,115,3948.16,108,7,3,9,2026-07-02
2026-06-29,GB,REJECTED,277,8732.44,251,26,1,9,2026-07-03
2026-06-29,IT,ACCEPTED,3051,104600.34,2792,259,48,9,2026-07-04
2026-06-29,IT,PENDING,136,3311.48,124,12,3,9,2026-07-01
2026-06-29,IT,REJECTED,284,10772.50,262,22,5,9,2026-07-04
2026-06-29,MA,ACCEPTED,2954,96916.34,2729,225,35,9,2026-07-04
2026-06-29,MA,PENDING,145,4286.32,134,11,2,9,2026-07-02
2026-06-29,MA,REJECTED,277,8681.38,241,36,7,9,2026-07-04
2026-06-29,NL,ACCEPTED,2955,98858.07,2718,237,48,9,2026-07-04
2026-06-29,NL,PENDING,121,3595.09,112,9,3,9,2026-07-04
2026-06-29,NL,REJECTED,286,10313.49,266,20,4,9,2026-07-03
2026-06-29,PL,ACCEPTED,2885,94025.46,2659,226,46,9,2026-07-04
2026-06-29,PL,PENDING,132,4201.03,116,16,2,9,2026-07-03
2026-06-29,PL,REJECTED,271,9549.51,250,21,5,9,2026-07-04
2026-06-29,SE,ACCEPTED,3025,101337.31,2787,238,69,9,2026-07-04
2026-06-29,SE,PENDING,149,5209.11,136,13,3,9,2026-07-04
2026-06-29,SE,REJECTED,274,7183.15,253,21,3,9,2026-07-04
2026-06-29,,ACCEPTED,130,4986.73,123,7,1,9,2026-06-30
2026-06-29,,PENDING,7,71.64,5,2,0,4,2026-06-29
2026-06-29,,REJECTED,17,391.86,17,0,0,7,2026-06-29
2026-06-30,BE,ACCEPTED,3005,99780.12,2772,233,58,9,2026-07-05
2026-06-30,BE,PENDING,136,4691.70,122,14,4,9,2026-07-03
2026-06-30,BE,REJECTED,270,10156.11,247,23,5,9,2026-07-03
2026-06-30,CH,ACCEPTED,2953,100410.19,2719,234,36,9,2026-07-05
2026-06-30,CH,PENDING,145,4035.56,136,9,4,9,2026-07-05
2026-06-30,CH,REJECTED,283,8560.66,264,19,2,9,2026-07-02
2026-06-30,DE,ACCEPTED,3014,108661.38,2775,239,44,9,2026-07-05
2026-06-30,DE,PENDING,125,4366.84,117,8,1,9,2026-07-03
2026-06-30,DE,REJECTED,294,7879.31,271,23,5,9,2026-07-05
2026-06-30,ES,ACCEPTED,2988,99615.15,2737,251,54,9,2026-07-05
2026-06-30,ES,PENDING,152,4075.36,140,12,1,9,2026-07-03
2026-06-30,ES,REJECTED,292,10133.43,267,25,2,9,2026-07-02
2026-06-30,FR,ACCEPTED,3093,99709.54,2851,242,48,9,2026-07-05
2026-06-30,FR,PENDING,135,4318.71,131,4,3,9,2026-07-03
2026-06-30,FR,REJECTED,281,9708.22,261,20,2,9,2026-07-05
2026-06-30,GB,ACCEPTED,3151,108109.32,2931,220,46,9,2026-07-05
2026-06-30,GB,PENDING,146,4644.88,131,15,4,9,2026-07-03
2026-06-30,GB,REJECTED,275,8923.57,260,15,4,9,2026-07-04
2026-06-30,IT,ACCEPTED,3097,102069.44,2844,253,49,9,2026-07-05
2026-06-30,IT,PENDING,135,4251.50,125,10,2,9,2026-07-04
2026-06-30,IT,REJECTED,275,10519.63,254,21,6,9,2026-07-05
2026-06-30,MA,ACCEPTED,3017,100898.92,2752,265,41,9,2026-07-05
2026-06-30,MA,PENDING,147,5843.03,133,14,0,9,2026-06-30
2026-06-30,MA,REJECTED,284,11690.22,258,26,4,9,2026-07-05
2026-06-30,NL,ACCEPTED,3126,108608.76,2892,234,47,9,2026-07-05
2026-06-30,NL,PENDING,124,4534.07,117,7,3,9,2026-07-03
2026-06-30,NL,REJECTED,290,9600.84,261,29,3,9,2026-07-03
2026-06-30,PL,ACCEPTED,3113,103399.20,2863,250,42,9,2026-07-04
2026-06-30,PL,PENDING,154,5122.74,139,15,1,9,2026-07-03
2026-06-30,PL,REJECTED,269,8049.69,251,18,3,9,2026-07-02
2026-06-30,SE,ACCEPTED,3081,100357.10,2838,243,38,9,2026-07-05
2026-06-30,SE,PENDING,135,4062.81,124,11,2,9,2026-07-02
2026-06-30,SE,REJECTED,289,11535.51,268,21,5,9,2026-07-04
2026-06-30,,ACCEPTED,146,4280.81,136,10,4,9,2026-07-05
2026-06-30,,PENDING,7,211.28,6,1,0,5,2026-06-30
2026-06-30,,REJECTED,11,664.57,11,0,0,4,2026-06-30
2026-07-01,BE,ACCEPTED,2699,90582.00,2475,224,41,9,2026-07-06
2026-07-01,BE,PENDING,140,4885.86,119,21,2,9,2026-07-04
2026-07-01,BE,REJECTED,232,7934.39,213,19,1,9,2026-07-03
2026-07-01,CH,ACCEPTED,2610,88731.96,2400,210,38,9,2026-07-06
2026-07-01,CH,PENDING,114,4158.93,109,5,2,9,2026-07-06
2026-07-01,CH,REJECTED,256,7472.79,234,22,4,9,2026-07-04
2026-07-01,DE,ACCEPTED,2642,87477.65,2432,210,41,9,2026-07-06
2026-07-01,DE,PENDING,136,5675.76,123,13,3,9,2026-07-05
2026-07-01,DE,REJECTED,236,9829.08,218,18,7,9,2026-07-06
2026-07-01,ES,ACCEPTED,2527,78043.15,2337,190,45,9,2026-07-06
2026-07-01,ES,PENDING,135,4411.26,125,10,3,9,2026-07-06
2026-07-01,ES,REJECTED,244,7580.36,224,20,9,9,2026-07-06
2026-07-01,FR,ACCEPTED,2535,88700.41,2343,192,47,9,2026-07-06
2026-07-01,FR,PENDING,109,4148.51,102,7,4,9,2026-07-05
2026-07-01,FR,REJECTED,243,8771.27,225,18,7,9,2026-07-06
2026-07-01,GB,ACCEPTED,2655,89007.50,2437,218,38,9,2026-07-06
2026-07-01,GB,PENDING,117,4857.83,109,8,2,9,2026-07-04
2026-07-01,GB,REJECTED,244,7156.90,215,29,5,9,2026-07-06
2026-07-01,IT,ACCEPTED,2496,84570.33,2293,203,54,9,2026-07-06
2026-07-01,IT,PENDING,132,3743.18,124,8,1,9,2026-07-03
2026-07-01,IT,REJECTED,236,7260.22,214,22,6,9,2026-07-06
2026-07-01,MA,ACCEPTED,2503,90958.47,2303,200,40,9,2026-07-06
2026-07-01,MA,PENDING,138,4523.35,125,13,0,9,2026-07-01
2026-07-01,MA,REJECTED,223,6714.95,197,26,6,9,2026-07-06
2026-07-01,NL,ACCEPTED,2651,89587.15,2442,209,47,9,2026-07-06
2026-07-01,NL,PENDING,126,3637.42,114,12,1,9,2026-07-02
2026-07-01,NL,REJECTED,226,6489.06,208,18,6,9,2026-07-04
2026-07-01,PL,ACCEPTED,2635,90955.88,2438,197,47,9,2026-07-06
2026-07-01,PL,PENDING,118,4002.21,105,13,1,9,2026-07-03
2026-07-01,PL,REJECTED,270,8841.94,254,16,5,9,2026-07-06
2026-07-01,SE,ACCEPTED,2655,90917.19,2461,194,45,9,2026-07-06
2026-07-01,SE,PENDING,124,4142.11,115,9,2,9,2026-07-06
2026-07-01,SE,REJECTED,241,7631.09,211,30,7,9,2026-07-06
2026-07-01,,ACCEPTED,152,6385.73,137,15,3,9,2026-07-04
2026-07-01,,PENDING,4,160.55,4,0,0,3,2026-07-01
2026-07-01,,REJECTED,17,246.06,17,0,1,7,2026-07-03
2026-07-02,BE,ACCEPTED,2903,100915.93,2659,244,58,9,2026-07-07
2026-07-02,BE,PENDING,129,4743.50,124,5,4,9,2026-07-06
2026-07-02,BE,REJECTED,263,10249.39,244,19,9,9,2026-07-07
2026-07-02,CH,ACCEPTED,2818,95512.15,2588,230,48,9,2026-07-07
2026-07-02,CH,PENDING,151,4394.10,142,9,5,9,2026-07-07
2026-07-02,CH,REJECTED,272,7930.30,253,19,4,9,2026-07-07
2026-07-02,DE,ACCEPTED,2833,87199.39,2613,220,49,9,2026-07-07
2026-07-02,DE,PENDING,110,3604.98,102,8,1,9,2026-07-03
2026-07-02,DE,REJECTED,265,9549.65,246,19,5,9,2026-07-07
2026-07-02,ES,ACCEPTED,2815,94395.77,2603,212,42,9,2026-07-07
2026-07-02,ES,PENDING,142,4263.34,130,12,2,9,2026-07-03
2026-07-02,ES,REJECTED,240,7429.91,218,22,2,9,2026-07-03
2026-07-02,FR,ACCEPTED,2751,91471.19,2523,228,47,9,2026-07-07
2026-07-02,FR,PENDING,150,3809.59,142,8,0,9,2026-07-02
2026-07-02,FR,REJECTED,254,7957.89,234,20,7,9,2026-07-07
2026-07-02,GB,ACCEPTED,2753,101283.49,2555,198,50,9,2026-07-07
2026-07-02,GB,PENDING,132,3571.46,122,10,3,9,2026-07-04
2026-07-02,GB,REJECTED,248,8234.62,227,21,3,9,2026-07-06
2026-07-02,IT,ACCEPTED,2735,91588.46,2516,219,36,9,2026-07-07
2026-07-02,IT,PENDING,140,4172.51,130,10,2,9,2026-07-06
2026-07-02,IT,REJECTED,253,7543.31,237,16,4,9,2026-07-07
2026-07-02,MA,ACCEPTED,2820,100913.19,2584,236,51,9,2026-07-07
2026-07-02,MA,PENDING,140,6015.33,133,7,1,9,2026-07-04
2026-07-02,MA,REJECTED,247,10773.92,228,19,5,9,2026-07-07
2026-07-02,NL,ACCEPTED,2907,94676.99,2676,231,61,9,2026-07-07
2026-07-02,NL,PENDING,135,5367.27,125,10,3,9,2026-07-07
2026-07-02,NL,REJECTED,288,9925.66,264,24,6,9,2026-07-07
2026-07-02,PL,ACCEPTED,2787,95996.18,2559,228,38,9,2026-07-07
2026-07-02,PL,PENDING,133,4549.21,123,10,0,9,2026-07-02
2026-07-02,PL,REJECTED,246,8046.58,226,20,4,9,2026-07-06
2026-07-02,SE,ACCEPTED,2922,92909.48,2692,230,47,9,2026-07-07
2026-07-02,SE,PENDING,141,4484.80,131,10,0,9,2026-07-02
2026-07-02,SE,REJECTED,269,8721.12,245,24,9,9,2026-07-07
2026-07-02,,ACCEPTED,115,3683.21,103,12,1,9,2026-07-06
2026-07-02,,PENDING,9,170.71,9,0,0,6,2026-07-02
2026-07-02,,REJECTED,12,147.74,10,2,0,6,2026-07-02
2026-07-03,BE,ACCEPTED,2937,100118.18,2694,243,49,9,2026-07-08
2026-07-03,BE,PENDING,148,4871.58,142,6,6,9,2026-07-08
2026-07-03,BE,REJECTED,267,7736.56,246,21,7,9,2026-07-08
2026-07-03,CH,ACCEPTED,2906,94235.02,2676,230,42,9,2026-07-08
2026-07-03,CH,PENDING,134,5960.23,127,7,1,9,2026-07-08
2026-07-03,CH,REJECTED,254,9371.77,236,18,4,9,2026-07-08
2026-07-03,DE,ACCEPTED,2976,101292.62,2742,234,37,9,2026-07-08
2026-07-03,DE,PENDING,145,5244.62,131,14,2,9,2026-07-05
2026-07-03,DE,REJECTED,257,7984.68,234,23,6,9,2026-07-08
2026-07-03,ES,ACCEPTED,3056,96398.58,2789,267,42,9,2026-07-08
2026-07-03,ES,PENDING,129,3179.45,115,14,2,9,2026-07-07
2026-07-03,ES,REJECTED,267,7793.47,246,21,4,9,2026-07-07
2026-07-03,FR,ACCEPTED,2972,99409.45,2727,245,50,9,2026-07-08
2026-07-03,FR,PENDING,142,4806.23,130,12,2,9,2026-07-08
2026-07-03,FR,REJECTED,270,9062.89,248,22,8,9,2026-07-08
2026-07-03,GB,ACCEPTED,3060,108353.39,2817,243,48,9,2026-07-08
2026-07-03,GB,PENDING,153,6442.06,144,9,5,9,2026-07-08
2026-07-03,GB,REJECTED,291,11512.90,268,23,6,9,2026-07-08
2026-07-03,IT,ACCEPTED,2987,97340.61,2742,245,40,9,2026-07-08
2026-07-03,IT,PENDING,138,4016.52,120,18,2,9,2026-07-06
2026-07-03,IT,REJECTED,256,8965.31,227,29,6,9,2026-07-08
2026-07-03,MA,ACCEPTED,2907,90344.89,2663,244,46,9,2026-07-08
2026-07-03,MA,PENDING,158,6185.83,146,12,2,9,2026-07-06
2026-07-03,MA,REJECTED,272,10039.14,253,19,6,9,2026-07-08
2026-07-03,NL,ACCEPTED,2932,95397.44,2692,240,49,9,2026-07-08
2026-07-03,NL,PENDING,139,4727.38,130,9,2,9,2026-07-08
2026-07-03,NL,REJECTED,289,10732.99,271,18,8,9,2026-07-08
2026-07-03,PL,ACCEPTED,2936,93571.85,2721,215,52,9,2026-07-08
2026-07-03,PL,PENDING,125,4547.05,116,9,1,9,2026-07-08
2026-07-03,PL,REJECTED,296,8381.36,273,23,7,9,2026-07-08
2026-07-03,SE,ACCEPTED,3005,100493.59,2780,225,49,9,2026-07-08
2026-07-03,SE,PENDING,116,3318.85,107,9,1,9,2026-07-05
2026-07-03,SE,REJECTED,268,9687.31,240,28,7,9,2026-07-08
2026-07-03,,ACCEPTED,147,5653.07,136,11,0,9,2026-07-03
2026-07-03,,PENDING,11,394.54,9,2,0,7,2026-07-03
2026-07-03,,REJECTED,14,855.39,14,0,0,5,2026-07-03
2026-07-04,BE,ACCEPTED,1661,56836.31,1530,131,60,9,2026-07-09
2026-07-04,BE,PENDING,64,2916.74,57,7,3,9,2026-07-08
2026-07-04,BE,REJECTED,172,6499.70,160,12,11,9,2026-07-09
2026-07-04,CH,ACCEPTED,1653,57840.89,1524,129,55,9,2026-07-09
2026-07-04,CH,PENDING,69,1890.84,64,5,2,8,2026-07-09
2026-07-04,CH,REJECTED,157,4409.48,145,12,1,9,2026-07-05
2026-07-04,DE,ACCEPTED,1686,56540.36,1537,149,45,9,2026-07-09
2026-07-04,DE,PENDING,69,2090.51,59,10,3,9,2026-07-09
2026-07-04,DE,REJECTED,143,4290.29,136,7,5,9,2026-07-07
2026-07-04,ES,ACCEPTED,1639,59868.09,1509,130,45,9,2026-07-09
2026-07-04,ES,PENDING,86,3310.85,80,6,3,9,2026-07-09
2026-07-04,ES,REJECTED,154,6320.86,146,8,5,9,2026-07-09
2026-07-04,FR,ACCEPTED,1635,53282.16,1503,132,58,9,2026-07-09
2026-07-04,FR,PENDING,75,1870.47,64,11,2,9,2026-07-07
2026-07-04,FR,REJECTED,161,5448.80,151,10,3,9,2026-07-07
2026-07-04,GB,ACCEPTED,1583,52318.75,1443,140,52,9,2026-07-09
2026-07-04,GB,PENDING,73,2136.20,67,6,6,9,2026-07-09
2026-07-04,GB,REJECTED,129,4080.80,124,5,7,9,2026-07-07
2026-07-04,IT,ACCEPTED,1678,55717.30,1541,137,42,9,2026-07-09
2026-07-04,IT,PENDING,72,2252.00,66,6,4,9,2026-07-09
2026-07-04,IT,REJECTED,159,6159.31,148,11,3,9,2026-07-08
2026-07-04,MA,ACCEPTED,1698,55261.10,1572,126,57,9,2026-07-09
2026-07-04,MA,PENDING,98,3608.86,90,8,0,9,2026-07-04
2026-07-04,MA,REJECTED,154,4685.17,141,13,5,9,2026-07-08
2026-07-04,NL,ACCEPTED,1654,54225.73,1518,136,45,9,2026-07-09
2026-07-04,NL,PENDING,67,1936.63,60,7,1,9,2026-07-06
2026-07-04,NL,REJECTED,131,4132.82,121,10,2,9,2026-07-08
2026-07-04,PL,ACCEPTED,1644,54570.05,1513,131,37,9,2026-07-09
2026-07-04,PL,PENDING,60,1301.14,56,4,3,9,2026-07-08
2026-07-04,PL,REJECTED,167,5620.78,157,10,6,9,2026-07-09
2026-07-04,SE,ACCEPTED,1589,53332.44,1462,127,46,9,2026-07-09
2026-07-04,SE,PENDING,90,3707.72,81,9,3,9,2026-07-09
2026-07-04,SE,REJECTED,164,5901.13,155,9,2,9,2026-07-09
2026-07-04,,ACCEPTED,94,3164.90,83,11,3,9,2026-07-08
2026-07-04,,PENDING,3,54.70,3,0,0,3,2026-07-04
2026-07-04,,REJECTED,10,529.77,10,0,1,6,2026-07-06
2026-07-05,BE,ACCEPTED,1041,35402.11,961,80,48,9,2026-07-10
2026-07-05,BE,PENDING,54,1675.24,52,2,3,9,2026-07-10
2026-07-05,BE,REJECTED,102,3928.69,93,9,4,9,2026-07-10
2026-07-05,CH,ACCEPTED,1008,30304.00,929,79,53,9,2026-07-10
2026-07-05,CH,PENDING,52,1586.53,49,3,4,8,2026-07-09
2026-07-05,CH,REJECTED,88,3004.65,82,6,7,9,2026-07-10
2026-07-05,DE,ACCEPTED,1079,37087.06,999,80,55,9,2026-07-10
2026-07-05,DE,PENDING,47,2162.51,46,1,2,9,2026-07-07
2026-07-05,DE,REJECTED,119,3932.58,117,2,6,9,2026-07-10
2026-07-05,ES,ACCEPTED,1038,33243.86,949,89,70,9,2026-07-10
2026-07-05,ES,PENDING,47,984.92,41,6,1,8,2026-07-10
2026-07-05,ES,REJECTED,95,5167.48,90,5,6,9,2026-07-08
2026-07-05,FR,ACCEPTED,1085,33682.45,1005,80,54,9,2026-07-10
2026-07-05,FR,PENDING,60,2114.57,55,5,4,9,2026-07-10
2026-07-05,FR,REJECTED,96,2977.58,92,4,4,9,2026-07-10
2026-07-05,GB,ACCEPTED,1090,35495.28,1000,90,61,9,2026-07-10
2026-07-05,GB,PENDING,57,1221.75,55,2,1,9,2026-07-06
2026-07-05,GB,REJECTED,99,3986.63,93,6,7,9,2026-07-09
2026-07-05,IT,ACCEPTED,1101,35750.73,1016,85,54,9,2026-07-10
2026-07-05,IT,PENDING,46,1299.92,45,1,4,8,2026-07-10
2026-07-05,IT,REJECTED,95,3415.08,87,8,6,9,2026-07-10
2026-07-05,MA,ACCEPTED,1094,36380.93,1015,79,65,9,2026-07-10
2026-07-05,MA,PENDING,52,1816.63,50,2,3,9,2026-07-07
2026-07-05,MA,REJECTED,104,3673.79,97,7,7,9,2026-07-10
2026-07-05,NL,ACCEPTED,1066,36282.96,986,80,49,9,2026-07-10
2026-07-05,NL,PENDING,51,1571.90,46,5,3,9,2026-07-10
2026-07-05,NL,REJECTED,90,3640.19,82,8,10,9,2026-07-10
2026-07-05,PL,ACCEPTED,1046,37831.61,961,85,67,9,2026-07-10
2026-07-05,PL,PENDING,47,1695.23,43,4,3,9,2026-07-09
2026-07-05,PL,REJECTED,94,3238.18,86,8,5,9,2026-07-10
2026-07-05,SE,ACCEPTED,1096,39273.56,1001,95,49,9,2026-07-10
2026-07-05,SE,PENDING,54,2681.40,48,6,4,9,2026-07-07
2026-07-05,SE,REJECTED,87,3655.86,84,3,5,9,2026-07-08
2026-07-05,,ACCEPTED,39,1382.87,37,2,0,9,2026-07-05
2026-07-05,,PENDING,2,35.88,2,0,0,2,2026-07-05
2026-07-05,,REJECTED,5,156.42,5,0,0,3,2026-07-05
2026-07-06,BE,ACCEPTED,3085,103964.30,2859,226,40,9,2026-07-11
2026-07-06,BE,PENDING,144,6542.43,132,12,2,9,2026-07-10
2026-07-06,BE,REJECTED,257,8873.59,237,20,4,9,2026-07-09
2026-07-06,CH,ACCEPTED,2939,102541.67,2711,228,49,9,2026-07-11
2026-07-06,CH,PENDING,144,4636.76,129,15,2,9,2026-07-09
2026-07-06,CH,REJECTED,240,7652.13,226,14,7,9,2026-07-10
2026-07-06,DE,ACCEPTED,3076,101921.95,2838,238,35,9,2026-07-11
2026-07-06,DE,PENDING,135,4336.52,125,10,3,9,2026-07-10
2026-07-06,DE,REJECTED,254,7595.83,233,21,5,9,2026-07-10
2026-07-06,ES,ACCEPTED,3089,102385.25,2863,226,41,9,2026-07-11
2026-07-06,ES,PENDING,163,5964.26,152,11,0,9,2026-07-06
2026-07-06,ES,REJECTED,292,9664.86,268,24,2,9,2026-07-09
2026-07-06,FR,ACCEPTED,3056,107798.19,2806,250,50,9,2026-07-11
2026-07-06,FR,PENDING,131,4015.28,115,16,2,9,2026-07-10
2026-07-06,FR,REJECTED,276,9059.45,254,22,7,9,2026-07-11
2026-07-06,GB,ACCEPTED,3004,100921.37,2772,232,42,9,2026-07-11
2026-07-06,GB,PENDING,153,5732.63,138,15,2,9,2026-07-11
2026-07-06,GB,REJECTED,282,11265.39,260,22,8,9,2026-07-11
2026-07-06,IT,ACCEPTED,2961,102829.88,2718,243,41,9,2026-07-11
2026-07-06,IT,PENDING,149,5112.43,134,15,1,9,2026-07-10
2026-07-06,IT,REJECTED,325,10736.47,301,24,5,9,2026-07-10
2026-07-06,MA,ACCEPTED,3077,104005.03,2834,243,40,9,2026-07-11
2026-07-06,MA,PENDING,130,5182.94,122,8,1,9,2026-07-08
2026-07-06,MA,REJECTED,282,11244.03,260,22,5,9,2026-07-10
2026-07-06,NL,ACCEPTED,3064,102708.10,2839,225,57,9,2026-07-11
2026-07-06,NL,PENDING,145,4986.93,134,11,3,9,2026-07-07
2026-07-06,NL,REJECTED,270,11430.96,253,17,3,9,2026-07-10
2026-07-06,PL,ACCEPTED,3032,105960.24,2766,266,43,9,2026-07-11
2026-07-06,PL,PENDING,183,5820.71,160,23,4,9,2026-07-10
2026-07-06,PL,REJECTED,288,8715.58,263,25,4,9,2026-07-11
2026-07-06,SE,ACCEPTED,3072,102255.19,2817,255,46,9,2026-07-11
2026-07-06,SE,PENDING,143,5437.17,132,11,1,9,2026-07-11
2026-07-06,SE,REJECTED,292,10601.28,271,21,6,9,2026-07-10
2026-07-06,,ACCEPTED,151,5382.09,138,13,0,9,2026-07-06
2026-07-06,,PENDING,9,202.68,8,1,0,8,2026-07-06
2026-07-06,,REJECTED,12,491.92,12,0,0,3,2026-07-06
2026-07-07,BE,ACCEPTED,2805,92104.50,2613,192,41,9,2026-07-12
2026-07-07,BE,PENDING,123,3704.56,112,11,4,9,2026-07-11
2026-07-07,BE,REJECTED,244,8427.37,229,15,2,9,2026-07-12
2026-07-07,CH,ACCEPTED,2757,88055.49,2539,218,43,9,2026-07-12
2026-07-07,CH,PENDING,126,5736.97,117,9,3,9,2026-07-11
2026-07-07,CH,REJECTED,264,11268.03,248,16,7,9,2026-07-12
2026-07-07,DE,ACCEPTED,2708,87659.31,2473,235,48,9,2026-07-12
2026-07-07,DE,PENDING,117,3686.96,104,13,1,9,2026-07-08
2026-07-07,DE,REJECTED,256,8318.64,234,22,5,9,2026-07-11
2026-07-07,ES,ACCEPTED,2784,95045.97,2557,227,54,9,2026-07-12
2026-07-07,ES,PENDING,125,4135.24,113,12,4,9,2026-07-10
2026-07-07,ES,REJECTED,267,7852.53,239,28,4,9,2026-07-11
2026-07-07,FR,ACCEPTED,2661,89351.35,2431,230,42,9,2026-07-12
2026-07-07,FR,PENDING,129,3759.83,120,9,3,9,2026-07-10
2026-07-07,FR,REJECTED,231,7429.68,211,20,3,9,2026-07-12
2026-07-07,GB,ACCEPTED,2844,94350.21,2642,202,34,9,2026-07-12
2026-07-07,GB,PENDING,131,5493.75,122,9,1,9,2026-07-09
2026-07-07,GB,REJECTED,257,8950.64,232,25,6,9,2026-07-11
2026-07-07,IT,ACCEPTED,2850,94261.24,2629,221,45,9,2026-07-12
2026-07-07,IT,PENDING,146,4837.87,141,5,3,9,2026-07-11
2026-07-07,IT,REJECTED,291,9768.84,270,21,4,9,2026-07-11
2026-07-07,MA,ACCEPTED,2815,96082.46,2599,216,43,9,2026-07-12
2026-07-07,MA,PENDING,109,3232.47,100,9,2,9,2026-07-11
2026-07-07,MA,REJECTED,249,7674.09,235,14,3,9,2026-07-10
2026-07-07,NL,ACCEPTED,2747,89615.89,2534,213,41,9,2026-07-12
2026-07-07,NL,PENDING,126,2929.72,115,11,4,9,2026-07-10
2026-07-07,NL,REJECTED,225,7900.77,211,14,3,9,2026-07-12
2026-07-07,PL,ACCEPTED,2815,93144.34,2587,228,52,9,2026-07-12
2026-07-07,PL,PENDING,125,4054.54,112,13,1,9,2026-07-09
2026-07-07,PL,REJECTED,264,8010.58,248,16,7,9,2026-07-11
2026-07-07,SE,ACCEPTED,2832,92130.17,2632,200,41,9,2026-07-12
2026-07-07,SE,PENDING,110,4448.41,101,9,1,9,2026-07-09
2026-07-07,SE,REJECTED,251,7662.78,233,18,3,9,2026-07-11
2026-07-07,,ACCEPTED,159,6565.16,149,10,3,9,2026-07-10
2026-07-07,,PENDING,6,173.43,6,0,0,2,2026-07-07
2026-07-07,,REJECTED,12,514.25,10,2,0,4,2026-07-07
2026-07-08,BE,ACCEPTED,2698,87845.07,2496,202,53,9,2026-07-13
2026-07-08,BE,PENDING,128,4665.09,124,4,4,9,2026-07-11
2026-07-08,BE,REJECTED,246,7449.24,230,16,5,9,2026-07-13
2026-07-08,CH,ACCEPTED,2842,94169.70,2600,242,37,9,2026-07-13
2026-07-08,CH,PENDING,135,3705.56,124,11,0,9,2026-07-08
2026-07-08,CH,REJECTED,260,8055.49,235,25,2,9,2026-07-10
2026-07-08,DE,ACCEPTED,2861,101187.42,2622,239,43,9,2026-07-13
2026-07-08,DE,PENDING,147,5192.34,137,10,1,9,2026-07-13
2026-07-08,DE,REJECTED,268,9822.65,253,15,5,9,2026-07-13
2026-07-08,ES,ACCEPTED,2872,94667.90,2632,240,48,9,2026-07-13
2026-07-08,ES,PENDING,140,4672.31,135,5,0,9,2026-07-08
2026-07-08,ES,REJECTED,261,7797.75,236,25,6,9,2026-07-10
2026-07-08,FR,ACCEPTED,2883,92093.61,2664,219,37,9,2026-07-13
2026-07-08,FR,PENDING,138,3958.90,127,11,1,9,2026-07-09
2026-07-08,FR,REJECTED,227,8266.83,201,26,2,9,2026-07-13
2026-07-08,GB,ACCEPTED,2805,91818.94,2580,225,36,9,2026-07-13
2026-07-08,GB,PENDING,118,3887.63,108,10,0,9,2026-07-08
2026-07-08,GB,REJECTED,262,10185.49,238,24,2,9,2026-07-10
2026-07-08,IT,ACCEPTED,2813,92630.26,2588,225,41,9,2026-07-13
2026-07-08,IT,PENDING,125,3856.57,113,12,2,9,2026-07-13
2026-07-08,IT,REJECTED,295,9246.23,269,26,4,9,2026-07-13
2026-07-08,MA,ACCEPTED,2870,95861.76,2635,235,43,9,2026-07-13
2026-07-08,MA,PENDING,133,4407.08,123,10,0,9,2026-07-08
2026-07-08,MA,REJECTED,256,8461.48,236,20,3,9,2026-07-11
2026-07-08,NL,ACCEPTED,2857,96876.36,2652,205,38,9,2026-07-13
2026-07-08,NL,PENDING,137,4665.67,130,7,1,9,2026-07-10
2026-07-08,NL,REJECTED,266,9653.49,255,11,6,9,2026-07-13
2026-07-08,PL,ACCEPTED,2924,93517.31,2696,228,43,9,2026-07-13
2026-07-08,PL,PENDING,115,3439.06,109,6,2,9,2026-07-13
2026-07-08,PL,REJECTED,266,9281.09,246,20,9,9,2026-07-13
2026-07-08,SE,ACCEPTED,2926,93357.78,2707,219,48,9,2026-07-13
2026-07-08,SE,PENDING,129,4208.41,121,8,3,9,2026-07-11
2026-07-08,SE,REJECTED,247,8130.27,230,17,4,9,2026-07-13
2026-07-08,,ACCEPTED,137,4377.25,126,11,3,9,2026-07-13
2026-07-08,,PENDING,11,506.85,10,1,0,6,2026-07-08
2026-07-08,,REJECTED,13,268.37,12,1,0,6,2026-07-08
2026-07-09,BE,ACCEPTED,2463,77338.25,2257,206,46,9,2026-07-14
2026-07-09,BE,PENDING,113,3418.18,100,13,1,9,2026-07-14
2026-07-09,BE,REJECTED,230,8692.28,207,23,3,9,2026-07-13
2026-07-09,CH,ACCEPTED,2511,88176.14,2333,178,42,9,2026-07-14
2026-07-09,CH,PENDING,107,3849.51,98,9,2,9,2026-07-13
2026-07-09,CH,REJECTED,247,9034.42,227,20,5,9,2026-07-13
2026-07-09,DE,ACCEPTED,2469,80845.93,2261,208,44,9,2026-07-14
2026-07-09,DE,PENDING,118,5446.81,113,5,2,9,2026-07-14
2026-07-09,DE,REJECTED,226,7601.24,213,13,4,9,2026-07-14
2026-07-09,ES,ACCEPTED,2519,88260.15,2327,192,32,9,2026-07-14
2026-07-09,ES,PENDING,119,3654.62,108,11,2,9,2026-07-14
2026-07-09,ES,REJECTED,235,8310.01,217,18,3,9,2026-07-13
2026-07-09,FR,ACCEPTED,2524,84884.13,2296,228,42,9,2026-07-14
2026-07-09,FR,PENDING,139,5563.13,129,10,6,9,2026-07-14
2026-07-09,FR,REJECTED,222,7044.08,199,23,3,9,2026-07-12
2026-07-09,GB,ACCEPTED,2552,85985.11,2366,186,52,9,2026-07-14
2026-07-09,GB,PENDING,124,3830.50,108,16,4,9,2026-07-14
2026-07-09,GB,REJECTED,244,8660.67,225,19,4,9,2026-07-14
2026-07-09,IT,ACCEPTED,2528,79552.82,2338,190,42,9,2026-07-14
2026-07-09,IT,PENDING,122,3035.11,110,12,0,9,2026-07-09
2026-07-09,IT,REJECTED,202,8267.81,188,14,3,9,2026-07-14
2026-07-09,MA,ACCEPTED,2545,85487.94,2353,192,37,9,2026-07-14
2026-07-09,MA,PENDING,121,3716.68,114,7,0,9,2026-07-09
2026-07-09,MA,REJECTED,236,6817.63,214,22,3,9,2026-07-14
2026-07-09,NL,ACCEPTED,2542,82435.92,2345,197,44,9,2026-07-14
2026-07-09,NL,PENDING,132,4602.60,122,10,2,9,2026-07-14
2026-07-09,NL,REJECTED,238,7244.98,217,21,3,9,2026-07-14
2026-07-09,PL,ACCEPTED,2548,89198.78,2338,210,48,9,2026-07-14
2026-07-09,PL,PENDING,105,3535.98,94,11,2,9,2026-07-13
2026-07-09,PL,REJECTED,241,8746.96,217,24,2,9,2026-07-14
2026-07-09,SE,ACCEPTED,2529,85579.70,2346,183,43,9,2026-07-14
2026-07-09,SE,PENDING,111,4156.74,103,8,1,9,2026-07-13
2026-07-09,SE,REJECTED,244,8867.32,225,19,5,9,2026-07-14
2026-07-09,,ACCEPTED,129,3316.83,117,12,1,9,2026-07-10
2026-07-09,,PENDING,5,549.69,5,0,0,3,2026-07-09
2026-07-09,,REJECTED,9,920.78,9,0,0,4,2026-07-09
2026-07-10,BE,ACCEPTED,2806,97509.10,2576,230,47,9,2026-07-15
2026-07-10,BE,PENDING,111,3551.72,103,8,1,9,2026-07-14
2026-07-10,BE,REJECTED,270,8814.49,257,13,4,9,2026-07-14
2026-07-10,CH,ACCEPTED,2675,92082.04,2457,218,44,9,2026-07-15
2026-07-10,CH,PENDING,133,4011.96,123,10,5,9,2026-07-15
2026-07-10,CH,REJECTED,238,7067.01,215,23,5,9,2026-07-15
2026-07-10,DE,ACCEPTED,2746,91562.97,2522,224,38,9,2026-07-15
2026-07-10,DE,PENDING,126,4229.55,122,4,0,9,2026-07-10
2026-07-10,DE,REJECTED,237,9082.99,220,17,3,9,2026-07-13
2026-07-10,ES,ACCEPTED,2709,88293.36,2465,244,49,9,2026-07-15
2026-07-10,ES,PENDING,112,3691.01,98,14,0,9,2026-07-10
2026-07-10,ES,REJECTED,279,8952.34,257,22,5,9,2026-07-14
2026-07-10,FR,ACCEPTED,2758,89066.17,2533,225,48,9,2026-07-15
2026-07-10,FR,PENDING,125,3221.04,115,10,2,9,2026-07-15
2026-07-10,FR,REJECTED,233,7068.89,215,18,2,9,2026-07-13
2026-07-10,GB,ACCEPTED,2782,93210.05,2560,222,40,9,2026-07-15
2026-07-10,GB,PENDING,122,3832.78,112,10,3,9,2026-07-15
2026-07-10,GB,REJECTED,277,9860.15,257,20,2,9,2026-07-12
2026-07-10,IT,ACCEPTED,2740,91772.20,2538,202,43,9,2026-07-15
2026-07-10,IT,PENDING,133,3451.31,129,4,3,9,2026-07-14
2026-07-10,IT,REJECTED,249,8803.06,225,24,4,9,2026-07-15
2026-07-10,MA,ACCEPTED,2747,86592.49,2496,251,39,9,2026-07-15
2026-07-10,MA,PENDING,135,4428.83,122,13,1,9,2026-07-11
2026-07-10,MA,REJECTED,242,8441.87,223,19,9,9,2026-07-15
2026-07-10,NL,ACCEPTED,2794,94522.96,2592,202,48,9,2026-07-15
2026-07-10,NL,PENDING,123,4180.77,115,8,3,9,2026-07-15
2026-07-10,NL,REJECTED,256,10014.33,231,25,6,9,2026-07-15
2026-07-10,PL,ACCEPTED,2718,92096.23,2491,227,57,9,2026-07-15
2026-07-10,PL,PENDING,144,4344.05,137,7,2,9,2026-07-13
2026-07-10,PL,REJECTED,257,7939.77,232,25,5,9,2026-07-15
2026-07-10,SE,ACCEPTED,2708,92228.98,2495,213,43,9,2026-07-15
2026-07-10,SE,PENDING,142,4069.14,132,10,4,9,2026-07-14
2026-07-10,SE,REJECTED,265,10147.54,244,21,7,9,2026-07-15
2026-07-10,,ACCEPTED,144,5142.61,133,11,2,9,2026-07-14
2026-07-10,,PENDING,8,1212.08,8,0,0,4,2026-07-10
2026-07-10,,REJECTED,17,513.27,16,1,1,6,2026-07-15
2026-07-11,BE,ACCEPTED,1605,55504.62,1479,126,59,9,2026-07-16
2026-07-11,BE,PENDING,60,1495.80,57,3,2,9,2026-07-16
2026-07-11,BE,REJECTED,144,4649.31,134,10,5,9,2026-07-14
2026-07-11,CH,ACCEPTED,1539,49860.80,1413,126,41,9,2026-07-16
2026-07-11,CH,PENDING,73,2079.38,70,3,2,9,2026-07-15
2026-07-11,CH,REJECTED,124,3157.88,113,11,4,9,2026-07-16
2026-07-11,DE,ACCEPTED,1520,49742.66,1379,141,53,9,2026-07-16
2026-07-11,DE,PENDING,75,3357.81,72,3,4,9,2026-07-15
2026-07-11,DE,REJECTED,154,5309.85,146,8,5,9,2026-07-16
2026-07-11,ES,ACCEPTED,1472,48341.83,1359,113,40,9,2026-07-16
2026-07-11,ES,PENDING,62,2373.75,57,5,0,9,2026-07-11
2026-07-11,ES,REJECTED,138,4350.27,125,13,4,9,2026-07-16
2026-07-11,FR,ACCEPTED,1512,53566.55,1387,125,41,9,2026-07-16
2026-07-11,FR,PENDING,53,1604.83,46,7,2,9,2026-07-15
2026-07-11,FR,REJECTED,164,5445.62,156,8,6,9,2026-07-16
2026-07-11,GB,ACCEPTED,1483,51170.10,1347,136,57,9,2026-07-16
2026-07-11,GB,PENDING,80,2728.82,74,6,0,9,2026-07-11
2026-07-11,GB,REJECTED,118,3959.72,108,10,5,9,2026-07-16
2026-07-11,IT,ACCEPTED,1467,50242.05,1352,115,52,9,2026-07-16
2026-07-11,IT,PENDING,80,2504.66,70,10,1,9,2026-07-13
2026-07-11,IT,REJECTED,148,8728.64,137,11,4,9,2026-07-16
2026-07-11,MA,ACCEPTED,1527,54127.31,1386,141,54,9,2026-07-16
2026-07-11,MA,PENDING,65,1575.49,58,7,3,9,2026-07-15
2026-07-11,MA,REJECTED,139,5600.76,129,10,5,9,2026-07-16
2026-07-11,NL,ACCEPTED,1519,50165.23,1397,122,48,9,2026-07-16
2026-07-11,NL,PENDING,66,1947.52,57,9,2,9,2026-07-14
2026-07-11,NL,REJECTED,122,4424.90,114,8,3,9,2026-07-15
2026-07-11,PL,ACCEPTED,1620,58462.17,1501,119,54,9,2026-07-16
2026-07-11,PL,PENDING,74,2202.79,68,6,2,9,2026-07-12
2026-07-11,PL,REJECTED,132,3068.49,123,9,4,9,2026-07-15
2026-07-11,SE,ACCEPTED,1528,52239.26,1395,133,51,9,2026-07-16
2026-07-11,SE,PENDING,62,1274.11,57,5,3,9,2026-07-16
2026-07-11,SE,REJECTED,153,5332.12,142,11,3,9,2026-07-16
2026-07-11,,ACCEPTED,73,3038.49,69,4,1,9,2026-07-15
2026-07-11,,PENDING,2,37.38,2,0,0,2,2026-07-11
2026-07-11,,REJECTED,5,40.36,2,3,0,3,2026-07-11
2026-07-12,BE,ACCEPTED,1102,37603.95,1009,93,56,9,2026-07-17
2026-07-12,BE,PENDING,47,1324.92,42,5,2,9,2026-07-16
2026-07-12,BE,REJECTED,95,2865.60,88,7,8,9,2026-07-17
2026-07-12,CH,ACCEPTED,1109,36845.58,1023,86,56,9,2026-07-17
2026-07-12,CH,PENDING,51,1492.55,46,5,5,9,2026-07-17
2026-07-12,CH,REJECTED,82,2768.78,74,8,3,9,2026-07-17
2026-07-12,DE,ACCEPTED,1053,32232.88,967,86,56,9,2026-07-17
2026-07-12,DE,PENDING,53,1472.67,48,5,5,9,2026-07-17
2026-07-12,DE,REJECTED,99,3231.18,91,8,3,9,2026-07-17
2026-07-12,ES,ACCEPTED,1038,35387.28,941,97,52,9,2026-07-17
2026-07-12,ES,PENDING,47,2297.38,43,4,3,9,2026-07-17
2026-07-12,ES,REJECTED,88,3991.68,83,5,6,9,2026-07-17
2026-07-12,FR,ACCEPTED,1073,31106.56,970,103,43,9,2026-07-17
2026-07-12,FR,PENDING,47,1605.59,43,4,2,8,2026-07-16
2026-07-12,FR,REJECTED,106,2577.49,96,10,6,9,2026-07-16
2026-07-12,GB,ACCEPTED,1077,34445.77,981,96,56,9,2026-07-17
2026-07-12,GB,PENDING,52,2028.04,42,10,2,8,2026-07-17
2026-07-12,GB,REJECTED,113,3139.64,106,7,7,9,2026-07-16
2026-07-12,IT,ACCEPTED,1124,36486.16,1029,95,50,9,2026-07-17
2026-07-12,IT,PENDING,43,1102.38,41,2,6,9,2026-07-17
2026-07-12,IT,REJECTED,87,2175.62,84,3,7,9,2026-07-17
2026-07-12,MA,ACCEPTED,1065,34594.02,969,96,50,9,2026-07-17
2026-07-12,MA,PENDING,53,2346.16,51,2,0,9,2026-07-12
2026-07-12,MA,REJECTED,98,4751.91,87,11,2,9,2026-07-17
2026-07-12,NL,ACCEPTED,1053,34470.50,964,89,43,9,2026-07-17
2026-07-12,NL,PENDING,54,2022.65,51,3,3,9,2026-07-16
2026-07-12,NL,REJECTED,98,3160.99,92,6,3,9,2026-07-16
2026-07-12,PL,ACCEPTED,1074,34349.35,983,91,65,9,2026-07-17
2026-07-12,PL,PENDING,38,1228.24,35,3,3,9,2026-07-16
2026-07-12,PL,REJECTED,88,2898.99,78,10,6,9,2026-07-17
2026-07-12,SE,ACCEPTED,1053,35545.34,973,80,50,9,2026-07-17
2026-07-12,SE,PENDING,44,1345.37,42,2,2,9,2026-07-13
2026-07-12,SE,REJECTED,88,3008.74,84,4,3,9,2026-07-17
2026-07-12,,ACCEPTED,49,1643.62,48,1,3,9,2026-07-17
2026-07-12,,PENDING,1,68.50,1,0,0,1,2026-07-12
2026-07-12,,REJECTED,10,174.19,10,0,1,6,2026-07-17
2026-07-13,BE,ACCEPTED,2580,90682.04,2361,219,41,9,2026-07-18
2026-07-13,BE,PENDING,111,3283.60,99,12,1,9,2026-07-18
2026-07-13,BE,REJECTED,225,6959.67,205,20,2,9,2026-07-16
2026-07-13,CH,ACCEPTED,2550,91936.14,2366,184,43,9,2026-07-18
2026-07-13,CH,PENDING,110,3335.59,97,13,1,9,2026-07-14
2026-07-13,CH,REJECTED,214,7166.46,194,20,4,9,2026-07-16
2026-07-13,DE,ACCEPTED,2549,86101.96,2345,204,41,9,2026-07-18
2026-07-13,DE,PENDING,110,3861.90,101,9,1,9,2026-07-14
2026-07-13,DE,REJECTED,217,7462.85,205,12,4,9,2026-07-17
2026-07-13,ES,ACCEPTED,2647,89512.91,2460,187,65,9,2026-07-18
2026-07-13,ES,PENDING,119,3828.11,109,10,1,9,2026-07-15
2026-07-13,ES,REJECTED,230,7184.98,210,20,7,9,2026-07-17
2026-07-13,FR,ACCEPTED,2510,80960.18,2308,202,44,9,2026-07-18
2026-07-13,FR,PENDING,115,6822.13,104,11,3,9,2026-07-17
2026-07-13,FR,REJECTED,238,7473.50,222,16,3,9,2026-07-16
2026-07-13,GB,ACCEPTED,2481,81747.24,2285,196,42,9,2026-07-18
2026-07-13,GB,PENDING,126,4681.88,119,7,1,9,2026-07-16
2026-07-13,GB,REJECTED,238,8142.40,219,19,2,9,2026-07-15
2026-07-13,IT,ACCEPTED,2557,86174.87,2349,208,52,9,2026-07-18
2026-07-13,IT,PENDING,118,4458.63,108,10,5,9,2026-07-18
2026-07-13,IT,REJECTED,223,7674.15,204,19,5,9,2026-07-17
2026-07-13,MA,ACCEPTED,2497,85597.54,2315,182,63,9,2026-07-18
2026-07-13,MA,PENDING,117,4071.92,109,8,5,9,2026-07-15
2026-07-13,MA,REJECTED,219,7365.90,205,14,1,9,2026-07-17
2026-07-13,NL,ACCEPTED,2442,81637.02,2254,188,44,9,2026-07-18
2026-07-13,NL,PENDING,110,3739.14,99,11,2,9,2026-07-15
2026-07-13,NL,REJECTED,240,6801.91,216,24,3,9,2026-07-17
2026-07-13,PL,ACCEPTED,2564,85730.98,2339,225,54,9,2026-07-18
2026-07-13,PL,PENDING,129,4392.29,122,7,2,9,2026-07-17
2026-07-13,PL,REJECTED,224,6637.03,208,16,9,9,2026-07-16
2026-07-13,SE,ACCEPTED,2573,88931.61,2353,220,40,9,2026-07-18
2026-07-13,SE,PENDING,136,3769.59,128,8,0,9,2026-07-13
2026-07-13,SE,REJECTED,227,8978.85,202,25,2,9,2026-07-16
2026-07-13,,ACCEPTED,124,3656.61,114,10,2,9,2026-07-16
2026-07-13,,PENDING,5,120.62,5,0,0,3,2026-07-13
2026-07-13,,REJECTED,10,311.04,10,0,0,4,2026-07-13
2026-07-14,BE,ACCEPTED,3093,103078.66,2812,281,43,9,2026-07-19
2026-07-14,BE,PENDING,138,4475.27,122,16,4,9,2026-07-18
2026-07-14,BE,REJECTED,296,9389.07,277,19,4,9,2026-07-17
2026-07-14,CH,ACCEPTED,2957,96537.75,2701,256,32,9,2026-07-19
2026-07-14,CH,PENDING,138,3644.60,130,8,2,9,2026-07-16
2026-07-14,CH,REJECTED,240,9509.68,225,15,1,9,2026-07-15
2026-07-14,DE,ACCEPTED,3026,101413.61,2772,254,41,9,2026-07-19
2026-07-14,DE,PENDING,146,3440.47,127,19,3,9,2026-07-19
2026-07-14,DE,REJECTED,282,9856.83,252,30,5,9,2026-07-19
2026-07-14,ES,ACCEPTED,2980,106550.41,2739,241,49,9,2026-07-19
2026-07-14,ES,PENDING,136,5412.79,125,11,0,9,2026-07-14
2026-07-14,ES,REJECTED,289,9572.22,271,18,5,9,2026-07-19
2026-07-14,FR,ACCEPTED,3142,106708.79,2899,243,47,9,2026-07-19
2026-07-14,FR,PENDING,122,3688.96,105,17,2,9,2026-07-15
2026-07-14,FR,REJECTED,270,11241.34,255,15,1,9,2026-07-18
2026-07-14,GB,ACCEPTED,3031,101219.63,2783,248,43,9,2026-07-19
2026-07-14,GB,PENDING,134,4545.20,126,8,0,9,2026-07-14
2026-07-14,GB,REJECTED,295,9593.58,272,23,6,9,2026-07-19
2026-07-14,IT,ACCEPTED,2950,98114.77,2715,235,40,9,2026-07-19
2026-07-14,IT,PENDING,120,3439.32,111,9,3,9,2026-07-17
2026-07-14,IT,REJECTED,291,10069.94,270,21,2,9,2026-07-15
2026-07-14,MA,ACCEPTED,2936,93530.08,2693,243,39,9,2026-07-19
2026-07-14,MA,PENDING,124,4571.65,117,7,2,9,2026-07-17
2026-07-14,MA,REJECTED,247,7471.26,227,20,4,9,2026-07-19
2026-07-14,NL,ACCEPTED,3045,104190.99,2808,237,41,9,2026-07-19
2026-07-14,NL,PENDING,145,4516.38,138,7,1,9,2026-07-17
2026-07-14,NL,REJECTED,299,9426.89,275,24,2,9,2026-07-19
2026-07-14,PL,ACCEPTED,3002,106121.58,2759,243,49,9,2026-07-19
2026-07-14,PL,PENDING,150,4628.08,134,16,2,9,2026-07-16
2026-07-14,PL,REJECTED,272,8983.49,252,20,4,9,2026-07-19
2026-07-14,SE,ACCEPTED,2883,92612.13,2655,228,42,9,2026-07-19
2026-07-14,SE,PENDING,138,5657.66,125,13,1,9,2026-07-18
2026-07-14,SE,REJECTED,270,9569.82,258,12,2,9,2026-07-16
2026-07-14,,ACCEPTED,154,5819.60,143,11,4,9,2026-07-18
2026-07-14,,PENDING,6,145.77,6,0,0,3,2026-07-14
2026-07-14,,REJECTED,18,524.11,16,2,0,6,2026-07-14
2026-07-15,BE,ACCEPTED,2756,91575.50,2520,236,49,9,2026-07-20
2026-07-15,BE,PENDING,130,4129.41,118,12,2,9,2026-07-17
2026-07-15,BE,REJECTED,230,6229.39,208,22,1,9,2026-07-16
2026-07-15,CH,ACCEPTED,2860,92272.44,2643,217,42,9,2026-07-20
2026-07-15,CH,PENDING,145,5459.21,138,7,2,9,2026-07-19
2026-07-15,CH,REJECTED,250,8572.54,230,20,4,9,2026-07-18
2026-07-15,DE,ACCEPTED,2732,91633.29,2494,238,41,9,2026-07-20
2026-07-15,DE,PENDING,122,3748.18,108,14,3,9,2026-07-19
2026-07-15,DE,REJECTED,262,10146.49,246,16,3,9,2026-07-20
2026-07-15,ES,ACCEPTED,2776,96558.25,2541,235,38,9,2026-07-20
2026-07-15,ES,PENDING,134,3937.24,126,8,1,9,2026-07-17
2026-07-15,ES,REJECTED,284,9164.73,259,25,1,9,2026-07-16
2026-07-15,FR,ACCEPTED,2808,91504.22,2578,230,42,9,2026-07-20
2026-07-15,FR,PENDING,119,3769.11,111,8,3,9,2026-07-17
2026-07-15,FR,REJECTED,296,11092.86,275,21,4,9,2026-07-19
2026-07-15,GB,ACCEPTED,2732,97524.88,2516,216,41,9,2026-07-20
2026-07-15,GB,PENDING,146,4706.83,134,12,4,9,2026-07-20
2026-07-15,GB,REJECTED,256,8472.45,234,22,1,9,2026-07-17
2026-07-15,IT,ACCEPTED,2798,96986.30,2570,228,46,9,2026-07-20
2026-07-15,IT,PENDING,115,4078.13,106,9,1,9,2026-07-17
2026-07-15,IT,REJECTED,251,8890.48,226,25,4,9,2026-07-20
2026-07-15,MA,ACCEPTED,2788,94224.68,2573,215,35,9,2026-07-20
2026-07-15,MA,PENDING,131,3214.39,119,12,2,9,2026-07-17
2026-07-15,MA,REJECTED,253,9521.51,239,14,2,9,2026-07-20
2026-07-15,NL,ACCEPTED,2654,94384.90,2430,224,36,9,2026-07-20
2026-07-15,NL,PENDING,140,5159.08,126,14,3,9,2026-07-19
2026-07-15,NL,REJECTED,249,8428.51,232,17,7,9,2026-07-20
2026-07-15,PL,ACCEPTED,2705,94686.34,2492,213,35,9,2026-07-20
2026-07-15,PL,PENDING,114,3392.98,108,6,1,9,2026-07-17
2026-07-15,PL,REJECTED,215,6627.44,197,18,2,9,2026-07-20
2026-07-15,SE,ACCEPTED,2710,89176.34,2499,211,30,9,2026-07-20
2026-07-15,SE,PENDING,143,5656.99,131,12,0,9,2026-07-15
2026-07-15,SE,REJECTED,228,7165.25,218,10,5,9,2026-07-20
2026-07-15,,ACCEPTED,152,4453.06,140,12,0,9,2026-07-15
2026-07-15,,PENDING,16,572.88,12,4,0,7,2026-07-15
2026-07-15,,REJECTED,10,302.62,10,0,0,5,2026-07-15
2026-07-16,BE,ACCEPTED,2456,84239.60,2268,188,32,9,2026-07-21
2026-07-16,BE,PENDING,98,2917.42,90,8,3,9,2026-07-20
2026-07-16,BE,REJECTED,227,8184.65,207,20,5,9,2026-07-20
2026-07-16,CH,ACCEPTED,2449,82330.45,2234,215,55,9,2026-07-21
2026-07-16,CH,PENDING,110,3778.20,96,14,4,9,2026-07-20
2026-07-16,CH,REJECTED,215,7116.95,194,21,4,9,2026-07-21
2026-07-16,DE,ACCEPTED,2427,77519.04,2245,182,32,9,2026-07-21
2026-07-16,DE,PENDING,111,3132.26,104,7,2,9,2026-07-21
2026-07-16,DE,REJECTED,208,7307.31,196,12,3,9,2026-07-21
2026-07-16,ES,ACCEPTED,2331,74402.95,2138,193,37,9,2026-07-21
2026-07-16,ES,PENDING,112,2749.08,105,7,1,9,2026-07-21
2026-07-16,ES,REJECTED,201,7336.10,178,23,3,9,2026-07-21
2026-07-16,FR,ACCEPTED,2415,79861.48,2223,192,43,9,2026-07-21
2026-07-16,FR,PENDING,114,4714.90,108,6,1,9,2026-07-17
2026-07-16,FR,REJECTED,234,7267.70,216,18,4,9,2026-07-21
2026-07-16,GB,ACCEPTED,2427,74006.89,2242,185,47,9,2026-07-21
2026-07-16,GB,PENDING,118,3287.89,109,9,2,9,2026-07-21
2026-07-16,GB,REJECTED,208,7044.14,191,17,2,9,2026-07-20
2026-07-16,IT,ACCEPTED,2423,82902.24,2250,173,51,9,2026-07-21
2026-07-16,IT,PENDING,100,3376.43,96,4,1,9,2026-07-21
2026-07-16,IT,REJECTED,223,6030.61,206,17,2,9,2026-07-18
2026-07-16,MA,ACCEPTED,2402,78799.25,2201,201,37,9,2026-07-21
2026-07-16,MA,PENDING,89,2357.30,82,7,4,9,2026-07-21
2026-07-16,MA,REJECTED,213,6271.51,194,19,4,9,2026-07-21
2026-07-16,NL,ACCEPTED,2468,79015.30,2282,186,47,9,2026-07-21
2026-07-16,NL,PENDING,112,3308.24,104,8,2,9,2026-07-21
2026-07-16,NL,REJECTED,228,9522.60,213,15,7,9,2026-07-21
2026-07-16,PL,ACCEPTED,2445,79798.75,2248,197,42,9,2026-07-21
2026-07-16,PL,PENDING,106,3103.68,101,5,2,9,2026-07-21
2026-07-16,PL,REJECTED,218,9293.92,202,16,2,9,2026-07-20
2026-07-16,SE,ACCEPTED,2384,81506.20,2171,213,53,9,2026-07-21
2026-07-16,SE,PENDING,110,4506.22,99,11,0,9,2026-07-16
2026-07-16,SE,REJECTED,232,7617.80,199,33,9,9,2026-07-21
2026-07-16,,ACCEPTED,108,3409.12,99,9,0,9,2026-07-16
2026-07-16,,PENDING,6,521.39,6,0,0,3,2026-07-16
2026-07-16,,REJECTED,12,318.18,12,0,0,7,2026-07-16
2026-07-17,BE,ACCEPTED,2734,96177.94,2525,209,28,9,2026-07-22
2026-07-17,BE,PENDING,115,3533.03,106,9,2,9,2026-07-22
2026-07-17,BE,REJECTED,259,7362.63,244,15,9,9,2026-07-22
2026-07-17,CH,ACCEPTED,2652,86878.42,2454,198,49,9,2026-07-22
2026-07-17,CH,PENDING,135,3724.10,121,14,0,9,2026-07-17
2026-07-17,CH,REJECTED,240,7824.25,210,30,4,9,2026-07-22
2026-07-17,DE,ACCEPTED,2713,89079.96,2506,207,39,9,2026-07-22
2026-07-17,DE,PENDING,115,4842.10,108,7,2,9,2026-07-22
2026-07-17,DE,REJECTED,249,9194.92,234,15,2,9,2026-07-21
2026-07-17,ES,ACCEPTED,2705,88609.98,2471,234,41,9,2026-07-22
2026-07-17,ES,PENDING,138,5580.26,126,12,4,9,2026-07-21
2026-07-17,ES,REJECTED,243,7613.83,227,16,4,9,2026-07-22
2026-07-17,FR,ACCEPTED,2737,88533.40,2487,250,54,9,2026-07-22
2026-07-17,FR,PENDING,128,4616.59,117,11,2,9,2026-07-22
2026-07-17,FR,REJECTED,267,9152.27,251,16,6,9,2026-07-22
2026-07-17,GB,ACCEPTED,2797,93506.69,2566,231,50,9,2026-07-22
2026-07-17,GB,PENDING,128,3902.77,111,17,1,9,2026-07-20
2026-07-17,GB,REJECTED,239,8588.99,221,18,3,9,2026-07-21
2026-07-17,IT,ACCEPTED,2765,95830.98,2544,221,42,9,2026-07-22
2026-07-17,IT,PENDING,138,4207.12,126,12,4,9,2026-07-22
2026-07-17,IT,REJECTED,215,6880.23,195,20,3,9,2026-07-20
2026-07-17,MA,ACCEPTED,2758,95306.58,2525,233,46,9,2026-07-22
2026-07-17,MA,PENDING,115,5011.31,109,6,1,9,2026-07-20
2026-07-17,MA,REJECTED,274,8883.06,252,22,2,9,2026-07-21
2026-07-17,NL,ACCEPTED,2690,87992.09,2447,243,37,9,2026-07-22
2026-07-17,NL,PENDING,126,4474.29,113,13,0,9,2026-07-17
2026-07-17,NL,REJECTED,232,7880.10,209,23,4,9,2026-07-22
2026-07-17,PL,ACCEPTED,2591,89163.19,2373,218,37,9,2026-07-22
2026-07-17,PL,PENDING,149,5418.74,142,7,0,9,2026-07-17
2026-07-17,PL,REJECTED,267,9816.89,247,20,0,9,2026-07-17
2026-07-17,SE,ACCEPTED,2762,92694.95,2543,219,35,9,2026-07-22
2026-07-17,SE,PENDING,125,6296.88,116,9,0,9,2026-07-17
2026-07-17,SE,REJECTED,264,8560.87,248,16,2,9,2026-07-20
2026-07-17,,ACCEPTED,131,4206.39,124,7,3,9,2026-07-20
2026-07-17,,PENDING,4,35.48,3,1,1,3,2026-07-22
2026-07-17,,REJECTED,17,293.76,13,4,0,8,2026-07-17
2026-07-18,BE,ACCEPTED,1354,45072.86,1256,98,45,9,2026-07-23
2026-07-18,BE,PENDING,79,1596.94,76,3,0,9,2026-07-18
2026-07-18,BE,REJECTED,120,2939.05,106,14,5,9,2026-07-23
2026-07-18,CH,ACCEPTED,1342,45116.49,1235,107,37,9,2026-07-23
2026-07-18,CH,PENDING,53,1588.33,47,6,3,9,2026-07-23
2026-07-18,CH,REJECTED,118,2898.93,110,8,7,9,2026-07-23
2026-07-18,DE,ACCEPTED,1284,45722.36,1188,96,45,9,2026-07-23
2026-07-18,DE,PENDING,53,2125.29,49,4,3,9,2026-07-23
2026-07-18,DE,REJECTED,115,3782.66,105,10,5,9,2026-07-22
2026-07-18,ES,ACCEPTED,1307,42096.18,1195,112,54,9,2026-07-23
2026-07-18,ES,PENDING,68,1764.14,57,11,4,9,2026-07-22
2026-07-18,ES,REJECTED,122,3968.29,106,16,6,9,2026-07-23
2026-07-18,FR,ACCEPTED,1417,50515.42,1309,108,58,9,2026-07-23
2026-07-18,FR,PENDING,60,1813.78,53,7,3,9,2026-07-22
2026-07-18,FR,REJECTED,123,3926.42,115,8,2,9,2026-07-23
2026-07-18,GB,ACCEPTED,1322,42820.64,1225,97,46,9,2026-07-23
2026-07-18,GB,PENDING,54,1684.07,50,4,2,9,2026-07-20
2026-07-18,GB,REJECTED,122,4194.49,113,9,2,9,2026-07-22
2026-07-18,IT,ACCEPTED,1326,40536.26,1213,113,54,9,2026-07-23
2026-07-18,IT,PENDING,69,2566.28,64,5,4,9,2026-07-23
2026-07-18,IT,REJECTED,119,3697.27,111,8,7,9,2026-07-23
2026-07-18,MA,ACCEPTED,1317,43059.88,1220,97,32,9,2026-07-23
2026-07-18,MA,PENDING,58,1700.68,53,5,0,9,2026-07-18
2026-07-18,MA,REJECTED,116,4311.97,109,7,3,9,2026-07-21
2026-07-18,NL,ACCEPTED,1302,46415.97,1196,106,44,9,2026-07-23
2026-07-18,NL,PENDING,67,1592.47,60,7,1,9,2026-07-20
2026-07-18,NL,REJECTED,115,3186.06,98,17,6,9,2026-07-23
2026-07-18,PL,ACCEPTED,1306,43536.68,1200,106,56,9,2026-07-23
2026-07-18,PL,PENDING,64,2214.04,59,5,0,9,2026-07-18
2026-07-18,PL,REJECTED,120,3688.70,112,8,4,9,2026-07-23
2026-07-18,SE,ACCEPTED,1334,46615.12,1250,84,52,9,2026-07-23
2026-07-18,SE,PENDING,62,1861.17,58,4,1,9,2026-07-22
2026-07-18,SE,REJECTED,129,3862.77,123,6,4,9,2026-07-23
2026-07-18,,ACCEPTED,69,2273.39,67,2,4,9,2026-07-23
2026-07-18,,PENDING,4,63.22,4,0,0,2,2026-07-18
2026-07-18,,REJECTED,6,97.78,6,0,0,4,2026-07-18
2026-07-19,BE,ACCEPTED,1271,46247.94,1163,108,64,9,2026-07-24
2026-07-19,BE,PENDING,57,2270.38,54,3,2,9,2026-07-24
2026-07-19,BE,REJECTED,109,3504.30,103,6,3,9,2026-07-24
2026-07-19,CH,ACCEPTED,1239,43539.50,1138,101,60,9,2026-07-24
2026-07-19,CH,PENDING,58,1698.09,54,4,4,9,2026-07-23
2026-07-19,CH,REJECTED,113,4017.51,106,7,6,9,2026-07-24
2026-07-19,DE,ACCEPTED,1258,43175.79,1144,114,54,9,2026-07-24
2026-07-19,DE,PENDING,77,2910.91,74,3,5,9,2026-07-24
2026-07-19,DE,REJECTED,100,3201.83,93,7,6,9,2026-07-24
2026-07-19,ES,ACCEPTED,1310,42541.77,1201,109,58,9,2026-07-24
2026-07-19,ES,PENDING,46,1115.83,43,3,1,8,2026-07-22
2026-07-19,ES,REJECTED,99,2838.64,95,4,3,9,2026-07-23
2026-07-19,FR,ACCEPTED,1203,38439.96,1104,99,49,9,2026-07-24
2026-07-19,FR,PENDING,64,2047.11,56,8,3,9,2026-07-24
2026-07-19,FR,REJECTED,109,4304.64,100,9,6,9,2026-07-24
2026-07-19,GB,ACCEPTED,1321,44660.86,1213,108,69,9,2026-07-24
2026-07-19,GB,PENDING,59,1426.67,51,8,4,9,2026-07-23
2026-07-19,GB,REJECTED,92,3024.08,79,13,1,9,2026-07-22
2026-07-19,IT,ACCEPTED,1249,43085.80,1148,101,48,9,2026-07-24
2026-07-19,IT,PENDING,67,2229.45,61,6,4,9,2026-07-24
2026-07-19,IT,REJECTED,136,5626.89,127,9,10,9,2026-07-24
2026-07-19,MA,ACCEPTED,1266,39255.91,1159,107,60,9,2026-07-24
2026-07-19,MA,PENDING,68,2554.71,64,4,4,9,2026-07-23
2026-07-19,MA,REJECTED,123,3032.11,108,15,5,9,2026-07-24
2026-07-19,NL,ACCEPTED,1266,39935.02,1172,94,50,9,2026-07-24
2026-07-19,NL,PENDING,59,1978.82,53,6,4,9,2026-07-24
2026-07-19,NL,REJECTED,122,5180.96,117,5,7,9,2026-07-24
2026-07-19,PL,ACCEPTED,1294,49037.82,1201,93,54,9,2026-07-24
2026-07-19,PL,PENDING,41,1280.23,36,5,3,9,2026-07-24
2026-07-19,PL,REJECTED,104,3252.69,95,9,9,9,2026-07-24
2026-07-19,SE,ACCEPTED,1269,41853.14,1173,96,58,9,2026-07-24
2026-07-19,SE,PENDING,58,3111.14,52,6,3,9,2026-07-21
2026-07-19,SE,REJECTED,107,5329.60,98,9,5,9,2026-07-24
2026-07-19,,ACCEPTED,64,2214.63,58,6,9,9,2026-07-24
2026-07-19,,PENDING,4,184.84,4,0,0,2,2026-07-19
2026-07-19,,REJECTED,7,59.45,7,0,0,4,2026-07-19
2026-07-20,BE,ACCEPTED,2633,86456.97,2432,201,62,9,2026-07-25
2026-07-20,BE,PENDING,124,3593.82,117,7,6,9,2026-07-24
2026-07-20,BE,REJECTED,256,8686.44,235,21,7,9,2026-07-24
2026-07-20,CH,ACCEPTED,2596,85504.02,2390,206,60,9,2026-07-25
2026-07-20,CH,PENDING,109,3280.06,101,8,0,9,2026-07-20
2026-07-20,CH,REJECTED,220,7640.47,207,13,5,9,2026-07-24
2026-07-20,DE,ACCEPTED,2621,91971.73,2421,200,53,9,2026-07-25
2026-07-20,DE,PENDING,111,3316.25,106,5,2,9,2026-07-24
2026-07-20,DE,REJECTED,262,8222.81,239,23,8,9,2026-07-25
2026-07-20,ES,ACCEPTED,2558,88325.86,2352,206,46,9,2026-07-25
2026-07-20,ES,PENDING,121,5128.92,116,5,2,9,2026-07-23
2026-07-20,ES,REJECTED,226,6886.82,201,25,4,9,2026-07-23
2026-07-20,FR,ACCEPTED,2573,84901.14,2369,204,49,9,2026-07-25
2026-07-20,FR,PENDING,112,4028.00,100,12,3,9,2026-07-23
2026-07-20,FR,REJECTED,253,8802.31,233,20,8,9,2026-07-24
2026-07-20,GB,ACCEPTED,2575,83138.30,2352,223,58,9,2026-07-25
2026-07-20,GB,PENDING,119,4845.50,112,7,3,9,2026-07-24
2026-07-20,GB,REJECTED,218,7658.90,205,13,5,9,2026-07-24
2026-07-20,IT,ACCEPTED,2600,89562.49,2371,229,52,9,2026-07-25
2026-07-20,IT,PENDING,131,4076.35,116,15,3,9,2026-07-21
2026-07-20,IT,REJECTED,242,10555.12,229,13,7,9,2026-07-24
2026-07-20,MA,ACCEPTED,2577,86210.08,2378,199,52,9,2026-07-25
2026-07-20,MA,PENDING,132,5449.82,122,10,1,9,2026-07-22
2026-07-20,MA,REJECTED,228,8425.79,210,18,6,9,2026-07-25
2026-07-20,NL,ACCEPTED,2589,93559.82,2390,199,41,9,2026-07-25
2026-07-20,NL,PENDING,131,4447.06,122,9,2,9,2026-07-25
2026-07-20,NL,REJECTED,235,7211.79,213,22,3,9,2026-07-21
2026-07-20,PL,ACCEPTED,2634,92435.75,2436,198,47,9,2026-07-25
2026-07-20,PL,PENDING,130,4367.56,115,15,1,9,2026-07-23
2026-07-20,PL,REJECTED,226,8389.99,217,9,3,9,2026-07-22
2026-07-20,SE,ACCEPTED,2609,92001.41,2399,210,43,9,2026-07-25
2026-07-20,SE,PENDING,128,3962.12,118,10,2,9,2026-07-23
2026-07-20,SE,REJECTED,241,7160.43,227,14,5,9,2026-07-25
2026-07-20,,ACCEPTED,113,3774.46,106,7,1,9,2026-07-21
2026-07-20,,PENDING,4,130.13,4,0,1,3,2026-07-22
2026-07-20,,REJECTED,10,206.06,10,0,1,6,2026-07-21
2026-07-21,BE,ACCEPTED,2713,93334.96,2489,224,44,9,2026-07-26
2026-07-21,BE,PENDING,122,5470.19,111,11,4,9,2026-07-24
2026-07-21,BE,REJECTED,201,6598.98,186,15,1,9,2026-07-22
2026-07-21,CH,ACCEPTED,2752,92912.90,2550,202,49,9,2026-07-26
2026-07-21,CH,PENDING,137,4686.50,129,8,2,9,2026-07-26
2026-07-21,CH,REJECTED,205,6562.06,187,18,4,9,2026-07-25
2026-07-21,DE,ACCEPTED,2756,90328.48,2525,231,40,9,2026-07-26
2026-07-21,DE,PENDING,119,5373.58,106,13,1,9,2026-07-24
2026-07-21,DE,REJECTED,231,7467.15,206,25,2,9,2026-07-24
2026-07-21,ES,ACCEPTED,2749,88925.09,2521,228,48,9,2026-07-26
2026-07-21,ES,PENDING,132,2930.15,123,9,4,9,2026-07-25
2026-07-21,ES,REJECTED,272,8352.56,250,22,1,9,2026-07-23
2026-07-21,FR,ACCEPTED,2699,90907.37,2471,228,36,9,2026-07-25
2026-07-21,FR,PENDING,115,4691.25,108,7,2,9,2026-07-26
2026-07-21,FR,REJECTED,203,7240.20,186,17,3,9,2026-07-24
2026-07-21,GB,ACCEPTED,2658,92832.71,2450,208,44,9,2026-07-26
2026-07-21,GB,PENDING,119,3491.15,103,16,0,9,2026-07-21
2026-07-21,GB,REJECTED,241,8150.60,222,19,2,9,2026-07-24
2026-07-21,IT,ACCEPTED,2688,91476.94,2453,235,33,9,2026-07-25
2026-07-21,IT,PENDING,138,4654.91,133,5,1,9,2026-07-25
2026-07-21,IT,REJECTED,265,8170.45,246,19,2,9,2026-07-26
2026-07-21,MA,ACCEPTED,2618,86299.50,2415,203,36,9,2026-07-26
2026-07-21,MA,PENDING,139,4844.32,124,15,4,9,2026-07-26
2026-07-21,MA,REJECTED,232,8055.84,216,16,2,9,2026-07-25
2026-07-21,NL,ACCEPTED,2675,94363.00,2452,223,57,9,2026-07-26
2026-07-21,NL,PENDING,101,5551.70,91,10,2,9,2026-07-24
2026-07-21,NL,REJECTED,225,7575.96,208,17,6,9,2026-07-25
2026-07-21,PL,ACCEPTED,2711,86419.16,2482,229,46,9,2026-07-26
2026-07-21,PL,PENDING,111,4251.32,104,7,3,8,2026-07-23
2026-07-21,PL,REJECTED,228,5833.05,216,12,4,9,2026-07-26
2026-07-21,SE,ACCEPTED,2694,90261.05,2487,207,43,9,2026-07-26
2026-07-21,SE,PENDING,111,4245.14,99,12,3,9,2026-07-24
2026-07-21,SE,REJECTED,226,7944.10,213,13,4,9,2026-07-26
2026-07-21,,ACCEPTED,130,5189.25,120,10,1,9,2026-07-22
2026-07-21,,PENDING,6,237.61,6,0,0,3,2026-07-21
2026-07-21,,REJECTED,18,723.04,17,1,0,6,2026-07-21
2026-07-22,BE,ACCEPTED,2694,92720.64,2448,246,34,9,2026-07-27
2026-07-22,BE,PENDING,137,4707.71,126,11,2,9,2026-07-24
2026-07-22,BE,REJECTED,251,8066.60,236,15,1,9,2026-07-24
2026-07-22,CH,ACCEPTED,2816,95750.54,2585,231,44,9,2026-07-27
2026-07-22,CH,PENDING,130,5201.63,125,5,2,9,2026-07-24
2026-07-22,CH,REJECTED,265,7646.03,243,22,4,9,2026-07-27
2026-07-22,DE,ACCEPTED,2686,99928.20,2498,188,55,9,2026-07-27
2026-07-22,DE,PENDING,123,3606.22,116,7,4,9,2026-07-25
2026-07-22,DE,REJECTED,236,7996.33,216,20,6,9,2026-07-27
2026-07-22,ES,ACCEPTED,2734,91878.05,2534,200,51,9,2026-07-27
2026-07-22,ES,PENDING,129,4571.12,122,7,4,9,2026-07-27
2026-07-22,ES,REJECTED,247,9958.92,231,16,3,9,2026-07-27
2026-07-22,FR,ACCEPTED,2793,97335.35,2573,220,41,9,2026-07-27
2026-07-22,FR,PENDING,107,4297.02,101,6,3,9,2026-07-26
2026-07-22,FR,REJECTED,270,7993.13,253,17,4,9,2026-07-27
2026-07-22,GB,ACCEPTED,2769,90836.11,2572,197,48,9,2026-07-27
2026-07-22,GB,PENDING,121,3195.26,109,12,2,9,2026-07-23
2026-07-22,GB,REJECTED,244,7988.48,226,18,0,9,2026-07-22
2026-07-22,IT,ACCEPTED,2784,97347.45,2551,233,42,9,2026-07-27
2026-07-22,IT,PENDING,144,6682.03,135,9,0,9,2026-07-22
2026-07-22,IT,REJECTED,244,7357.09,221,23,2,9,2026-07-26
2026-07-22,MA,ACCEPTED,2760,88783.61,2528,232,29,9,2026-07-27
2026-07-22,MA,PENDING,130,4058.92,115,15,1,9,2026-07-27
2026-07-22,MA,REJECTED,249,8468.94,232,17,5,9,2026-07-27
2026-07-22,NL,ACCEPTED,2719,85363.37,2513,206,43,9,2026-07-27
2026-07-22,NL,PENDING,122,3693.01,107,15,0,9,2026-07-22
2026-07-22,NL,REJECTED,258,8527.74,233,25,6,9,2026-07-27
2026-07-22,PL,ACCEPTED,2853,94807.01,2612,241,43,9,2026-07-27
2026-07-22,PL,PENDING,119,3212.37,106,13,2,9,2026-07-27
2026-07-22,PL,REJECTED,269,9585.23,252,17,9,9,2026-07-27
2026-07-22,SE,ACCEPTED,2845,94439.29,2619,226,48,9,2026-07-27
2026-07-22,SE,PENDING,117,3494.35,107,10,0,9,2026-07-22
2026-07-22,SE,REJECTED,253,7697.36,233,20,5,9,2026-07-27
2026-07-22,,ACCEPTED,144,5078.19,133,11,1,9,2026-07-23
2026-07-22,,PENDING,8,298.50,8,0,1,4,2026-07-23
2026-07-22,,REJECTED,15,1325.63,11,4,0,5,2026-07-22
2026-07-23,BE,ACCEPTED,2856,96191.58,2623,233,36,9,2026-07-27
2026-07-23,BE,PENDING,148,4508.31,135,13,3,9,2026-07-27
2026-07-23,BE,REJECTED,249,9342.60,225,24,6,9,2026-07-27
2026-07-23,CH,ACCEPTED,2720,88402.45,2488,232,20,9,2026-07-27
2026-07-23,CH,PENDING,127,5155.91,119,8,2,9,2026-07-24
2026-07-23,CH,REJECTED,258,7996.86,226,32,8,9,2026-07-27
2026-07-23,DE,ACCEPTED,2857,88232.38,2644,213,26,9,2026-07-27
2026-07-23,DE,PENDING,150,5344.65,137,13,0,9,2026-07-23
2026-07-23,DE,REJECTED,257,7770.30,235,22,0,9,2026-07-23
2026-07-23,ES,ACCEPTED,2891,98573.43,2687,204,35,9,2026-07-27
2026-07-23,ES,PENDING,131,3985.40,119,12,4,9,2026-07-27
2026-07-23,ES,REJECTED,242,7274.90,221,21,2,9,2026-07-24
2026-07-23,FR,ACCEPTED,2750,95215.75,2526,224,30,9,2026-07-27
2026-07-23,FR,PENDING,134,4923.47,128,6,2,9,2026-07-25
2026-07-23,FR,REJECTED,269,8596.85,237,32,2,9,2026-07-27
2026-07-23,GB,ACCEPTED,2811,98333.90,2569,242,37,9,2026-07-27
2026-07-23,GB,PENDING,123,3190.04,112,11,1,9,2026-07-25
2026-07-23,GB,REJECTED,241,7506.06,222,19,2,9,2026-07-27
2026-07-23,IT,ACCEPTED,2780,89977.61,2542,238,35,9,2026-07-27
2026-07-23,IT,PENDING,127,4311.03,116,11,5,9,2026-07-26
2026-07-23,IT,REJECTED,264,8325.26,246,18,3,9,2026-07-26
2026-07-23,MA,ACCEPTED,2832,96505.47,2592,240,27,9,2026-07-27
2026-07-23,MA,PENDING,124,3724.77,112,12,0,9,2026-07-23
2026-07-23,MA,REJECTED,270,8832.79,256,14,4,9,2026-07-26
2026-07-23,NL,ACCEPTED,2858,98166.95,2616,242,38,9,2026-07-27
2026-07-23,NL,PENDING,113,3643.16,104,9,0,9,2026-07-23
2026-07-23,NL,REJECTED,285,13450.23,269,16,1,9,2026-07-24
2026-07-23,PL,ACCEPTED,2889,97810.26,2659,230,29,9,2026-07-27
2026-07-23,PL,PENDING,125,4607.61,111,14,4,9,2026-07-27
2026-07-23,PL,REJECTED,265,9073.54,249,16,2,9,2026-07-27
2026-07-23,SE,ACCEPTED,2741,95880.88,2535,206,33,9,2026-07-27
2026-07-23,SE,PENDING,126,3521.78,115,11,2,9,2026-07-27
2026-07-23,SE,REJECTED,275,10984.27,257,18,3,9,2026-07-27
2026-07-23,,ACCEPTED,135,4072.38,121,14,4,9,2026-07-27
2026-07-23,,PENDING,7,177.10,7,0,0,6,2026-07-23
2026-07-23,,REJECTED,14,220.10,13,1,0,7,2026-07-23
2026-07-24,BE,ACCEPTED,2871,98467.88,2628,243,19,9,2026-07-27
2026-07-24,BE,PENDING,106,3970.53,93,13,1,9,2026-07-27
2026-07-24,BE,REJECTED,249,9021.02,238,11,1,9,2026-07-26
2026-07-24,CH,ACCEPTED,2919,97847.05,2665,254,25,9,2026-07-27
2026-07-24,CH,PENDING,132,4659.33,112,20,1,9,2026-07-27
2026-07-24,CH,REJECTED,256,8925.87,238,18,1,9,2026-07-27
2026-07-24,DE,ACCEPTED,2927,94029.16,2674,253,18,9,2026-07-27
2026-07-24,DE,PENDING,128,4288.18,121,7,1,9,2026-07-27
2026-07-24,DE,REJECTED,262,7930.96,238,24,4,9,2026-07-25
2026-07-24,ES,ACCEPTED,2947,101306.17,2726,221,19,9,2026-07-27
2026-07-24,ES,PENDING,130,3875.69,118,12,0,9,2026-07-24
2026-07-24,ES,REJECTED,235,6203.54,217,18,2,9,2026-07-27
2026-07-24,FR,ACCEPTED,2893,90086.37,2663,230,23,9,2026-07-27
2026-07-24,FR,PENDING,141,6585.04,128,13,2,9,2026-07-27
2026-07-24,FR,REJECTED,290,7695.42,258,32,2,9,2026-07-27
2026-07-24,GB,ACCEPTED,2833,98616.57,2606,227,21,9,2026-07-27
2026-07-24,GB,PENDING,128,4703.29,124,4,1,9,2026-07-27
2026-07-24,GB,REJECTED,271,7933.95,252,19,2,9,2026-07-27
2026-07-24,IT,ACCEPTED,2907,95822.24,2679,228,17,9,2026-07-27
2026-07-24,IT,PENDING,134,4115.24,125,9,1,9,2026-07-27
2026-07-24,IT,REJECTED,276,9146.24,251,25,2,9,2026-07-27
2026-07-24,MA,ACCEPTED,2956,109616.10,2723,233,26,9,2026-07-27
2026-07-24,MA,PENDING,142,4075.35,130,12,0,9,2026-07-24
2026-07-24,MA,REJECTED,276,8374.82,244,32,4,9,2026-07-27
2026-07-24,NL,ACCEPTED,2890,98458.66,2656,234,20,9,2026-07-27
2026-07-24,NL,PENDING,123,4693.61,113,10,2,9,2026-07-25
2026-07-24,NL,REJECTED,269,7805.34,251,18,3,9,2026-07-27
2026-07-24,PL,ACCEPTED,2872,96870.36,2620,252,28,9,2026-07-27
2026-07-24,PL,PENDING,153,4919.36,142,11,1,9,2026-07-27
2026-07-24,PL,REJECTED,294,8255.76,272,22,2,9,2026-07-27
2026-07-24,SE,ACCEPTED,2812,95880.35,2604,208,15,9,2026-07-27
2026-07-24,SE,PENDING,132,5610.93,124,8,1,9,2026-07-27
2026-07-24,SE,REJECTED,266,10230.83,248,18,3,9,2026-07-26
2026-07-24,,ACCEPTED,138,4238.01,124,14,1,9,2026-07-27
2026-07-24,,PENDING,10,429.97,9,1,0,5,2026-07-24
2026-07-24,,REJECTED,18,1095.43,16,2,0,8,2026-07-24
2026-07-25,BE,ACCEPTED,1288,45545.16,1177,111,16,9,2026-07-27
2026-07-25,BE,PENDING,72,2315.31,68,4,0,9,2026-07-25
2026-07-25,BE,REJECTED,121,4518.36,114,7,1,9,2026-07-26
2026-07-25,CH,ACCEPTED,1339,43175.45,1242,97,9,9,2026-07-27
2026-07-25,CH,PENDING,69,3626.80,66,3,1,9,2026-07-26
2026-07-25,CH,REJECTED,114,3993.41,101,13,1,9,2026-07-27
2026-07-25,DE,ACCEPTED,1291,42140.07,1193,98,9,9,2026-07-27
2026-07-25,DE,PENDING,47,2215.67,44,3,1,8,2026-07-27
2026-07-25,DE,REJECTED,126,4009.71,118,8,0,9,2026-07-25
2026-07-25,ES,ACCEPTED,1375,44789.59,1251,124,17,9,2026-07-27
2026-07-25,ES,PENDING,56,1401.21,51,5,0,9,2026-07-25
2026-07-25,ES,REJECTED,119,5067.74,111,8,1,9,2026-07-26
2026-07-25,FR,ACCEPTED,1279,42203.76,1173,106,18,9,2026-07-27
2026-07-25,FR,PENDING,63,2691.06,62,1,0,9,2026-07-25
2026-07-25,FR,REJECTED,107,3344.58,97,10,0,9,2026-07-25
2026-07-25,GB,ACCEPTED,1281,42618.68,1184,97,25,9,2026-07-27
2026-07-25,GB,PENDING,62,2115.18,61,1,0,9,2026-07-25
2026-07-25,GB,REJECTED,103,4077.76,96,7,1,9,2026-07-27
2026-07-25,IT,ACCEPTED,1292,45356.50,1175,117,13,9,2026-07-27
2026-07-25,IT,PENDING,57,1677.87,50,7,0,9,2026-07-25
2026-07-25,IT,REJECTED,111,2998.22,104,7,1,9,2026-07-27
2026-07-25,MA,ACCEPTED,1361,45198.52,1260,101,9,9,2026-07-27
2026-07-25,MA,PENDING,60,2214.90,56,4,1,9,2026-07-26
2026-07-25,MA,REJECTED,116,4061.78,105,11,0,9,2026-07-25
2026-07-25,NL,ACCEPTED,1289,40867.95,1195,94,13,9,2026-07-27
2026-07-25,NL,PENDING,52,1538.21,47,5,0,9,2026-07-25
2026-07-25,NL,REJECTED,132,4156.51,120,12,1,9,2026-07-26
2026-07-25,PL,ACCEPTED,1335,44142.68,1230,105,8,9,2026-07-27
2026-07-25,PL,PENDING,58,2027.21,56,2,1,9,2026-07-27
2026-07-25,PL,REJECTED,132,4024.32,129,3,1,9,2026-07-27
2026-07-25,SE,ACCEPTED,1351,42307.90,1247,104,14,9,2026-07-27
2026-07-25,SE,PENDING,72,3302.83,66,6,0,9,2026-07-25
2026-07-25,SE,REJECTED,112,4488.89,104,8,1,9,2026-07-27
2026-07-25,,ACCEPTED,78,2088.08,74,4,1,9,2026-07-27
2026-07-25,,PENDING,4,94.00,3,1,0,3,2026-07-25
2026-07-25,,REJECTED,6,132.24,6,0,0,5,2026-07-25
2026-07-26,BE,ACCEPTED,1006,32040.21,928,78,16,9,2026-07-27
2026-07-26,BE,PENDING,57,1683.05,55,2,1,9,2026-07-27
2026-07-26,BE,REJECTED,83,2313.10,74,9,1,9,2026-07-27
2026-07-26,CH,ACCEPTED,998,32716.69,927,71,7,9,2026-07-27
2026-07-26,CH,PENDING,45,1730.67,41,4,0,9,2026-07-26
2026-07-26,CH,REJECTED,98,2867.94,89,9,0,9,2026-07-26
2026-07-26,DE,ACCEPTED,1021,37846.70,941,80,14,9,2026-07-27
2026-07-26,DE,PENDING,59,2357.69,56,3,0,9,2026-07-26
2026-07-26,DE,REJECTED,96,2631.70,82,14,0,9,2026-07-26
2026-07-26,ES,ACCEPTED,1018,33034.20,939,79,12,9,2026-07-27
2026-07-26,ES,PENDING,35,1071.69,32,3,0,9,2026-07-26
2026-07-26,ES,REJECTED,112,3485.88,102,10,4,9,2026-07-27
2026-07-26,FR,ACCEPTED,975,35535.34,877,98,13,9,2026-07-27
2026-07-26,FR,PENDING,47,1377.19,39,8,1,9,2026-07-27
2026-07-26,FR,REJECTED,90,2757.64,78,12,0,9,2026-07-26
2026-07-26,GB,ACCEPTED,1052,36079.52,959,93,15,9,2026-07-27
2026-07-26,GB,PENDING,53,1312.01,49,4,1,9,2026-07-27
2026-07-26,GB,REJECTED,98,3000.86,93,5,0,9,2026-07-26
2026-07-26,IT,ACCEPTED,956,29980.67,869,87,6,9,2026-07-27
2026-07-26,IT,PENDING,43,1157.44,38,5,0,9,2026-07-26
2026-07-26,IT,REJECTED,106,2742.15,101,5,1,9,2026-07-27
2026-07-26,MA,ACCEPTED,1020,34500.94,924,96,12,9,2026-07-27
2026-07-26,MA,PENDING,39,1428.29,36,3,0,9,2026-07-26
2026-07-26,MA,REJECTED,94,3962.97,88,6,1,9,2026-07-27
2026-07-26,NL,ACCEPTED,984,35086.72,905,79,12,9,2026-07-27
2026-07-26,NL,PENDING,54,1529.95,47,7,0,9,2026-07-26
2026-07-26,NL,REJECTED,100,2789.36,92,8,2,9,2026-07-27
2026-07-26,PL,ACCEPTED,1018,35063.47,937,81,17,9,2026-07-27
2026-07-26,PL,PENDING,46,1125.26,41,5,0,9,2026-07-26
2026-07-26,PL,REJECTED,81,2120.30,74,7,0,9,2026-07-26
2026-07-26,SE,ACCEPTED,1057,37062.88,977,80,16,9,2026-07-27
2026-07-26,SE,PENDING,55,2359.14,49,6,0,9,2026-07-26
2026-07-26,SE,REJECTED,86,2295.00,79,7,0,9,2026-07-26
2026-07-26,,ACCEPTED,50,1783.36,49,1,0,9,2026-07-26
2026-07-26,,PENDING,1,64.63,1,0,0,1,2026-07-26
2026-07-26,,REJECTED,6,66.15,6,0,0,5,2026-07-26
2026-07-27,BE,ACCEPTED,2738,92359.67,2508,230,0,9,2026-07-27
2026-07-27,BE,PENDING,126,3854.15,117,9,0,9,2026-07-27
2026-07-27,BE,REJECTED,253,10193.66,229,24,0,9,2026-07-27
2026-07-27,CH,ACCEPTED,2784,92010.30,2545,239,0,9,2026-07-27
2026-07-27,CH,PENDING,134,5072.87,122,12,0,9,2026-07-27
2026-07-27,CH,REJECTED,245,8550.46,223,22,0,9,2026-07-27
2026-07-27,DE,ACCEPTED,2696,87862.64,2482,214,0,9,2026-07-27
2026-07-27,DE,PENDING,140,4867.62,124,16,0,9,2026-07-27
2026-07-27,DE,REJECTED,246,8205.42,229,17,0,9,2026-07-27
2026-07-27,ES,ACCEPTED,2764,97561.61,2545,219,0,9,2026-07-27
2026-07-27,ES,PENDING,132,3926.38,115,17,0,9,2026-07-27
2026-07-27,ES,REJECTED,228,7325.52,209,19,0,9,2026-07-27
2026-07-27,FR,ACCEPTED,2784,86047.59,2554,230,0,9,2026-07-27
2026-07-27,FR,PENDING,132,4419.18,121,11,0,9,2026-07-27
2026-07-27,FR,REJECTED,244,7513.29,227,17,0,9,2026-07-27
2026-07-27,GB,ACCEPTED,2705,90919.78,2479,226,0,9,2026-07-27
2026-07-27,GB,PENDING,123,4746.34,114,9,0,9,2026-07-27
2026-07-27,GB,REJECTED,245,6775.64,226,19,0,9,2026-07-27
2026-07-27,IT,ACCEPTED,2731,91966.01,2524,207,0,9,2026-07-27
2026-07-27,IT,PENDING,132,4698.19,115,17,0,9,2026-07-27
2026-07-27,IT,REJECTED,246,8053.38,230,16,0,9,2026-07-27
2026-07-27,MA,ACCEPTED,2719,88726.12,2475,244,0,9,2026-07-27
2026-07-27,MA,PENDING,137,4894.88,130,7,0,9,2026-07-27
2026-07-27,MA,REJECTED,264,9658.76,245,19,0,9,2026-07-27
2026-07-27,NL,ACCEPTED,2796,93457.75,2589,207,0,9,2026-07-27
2026-07-27,NL,PENDING,111,3160.53,101,10,0,9,2026-07-27
2026-07-27,NL,REJECTED,229,8052.85,212,17,0,9,2026-07-27
2026-07-27,PL,ACCEPTED,2668,88159.50,2465,203,0,9,2026-07-27
2026-07-27,PL,PENDING,145,4400.86,137,8,0,9,2026-07-27
2026-07-27,PL,REJECTED,245,7513.47,221,24,0,9,2026-07-27
2026-07-27,SE,ACCEPTED,2765,88323.49,2542,223,0,9,2026-07-27
2026-07-27,SE,PENDING,124,4909.02,119,5,0,9,2026-07-27
2026-07-27,SE,REJECTED,249,9706.58,231,18,0,9,2026-07-27
2026-07-27,,ACCEPTED,127,3694.80,121,6,0,9,2026-07-27
2026-07-27,,PENDING,7,224.09,7,0,0,3,2026-07-27
2026-07-27,,REJECTED,12,227.74,8,4,0,7,2026-07-27
